2025-09-27 11:26:47,805 - INFO - database apartment created succesfully
2025-09-27 11:26:47,896 - INFO - created the TABLE seccefully
2025-09-27 11:27:27,528 - INFO - No more button found. End of listings.
2025-09-27 11:27:29,192 - INFO - Scraping finished. Total 0 apartments collected.
2025-09-27 11:28:17,231 - INFO - database apartment created succesfully
2025-09-27 11:28:17,347 - INFO - created the TABLE seccefully
2025-09-27 11:28:35,027 - INFO - Saved apartment: <Apartment id=78100, price=32.5 میلیارد تومان, room=دو, area=95, condition=6 ساله, place=شهرک غرب, link=https://delta.ir/tehran/buy/apartment/detail/78100>
2025-09-27 11:28:35,063 - INFO - inserted succesfully to apartment table 
2025-09-27 11:28:35,065 - INFO - Saved apartment: <Apartment id=78307, price=29.9 میلیارد تومان, room=دو, area=107, condition=1 ساله, place=شهرک غرب, link=https://delta.ir/tehran/buy/apartment/detail/78307>
2025-09-27 11:28:35,112 - INFO - inserted succesfully to apartment table 
2025-09-27 11:28:35,117 - INFO - Saved apartment: <Apartment id=79843, price=7.5 میلیارد تومان, room=یک, area=66, condition=5 ساله, place=بلوار فردوس, link=https://delta.ir/tehran/buy/apartment/detail/79843>
2025-09-27 11:28:35,176 - INFO - inserted succesfully to apartment table 
2025-09-27 11:28:35,179 - INFO - Saved apartment: <Apartment id=79842, price=18 میلیارد تومان, room=دو, area=90, condition=3 ساله, place=دولت (کلاهدو..., link=https://delta.ir/tehran/buy/apartment/detail/79842>
2025-09-27 11:28:35,231 - INFO - inserted succesfully to apartment table 
2025-09-27 11:28:35,234 - INFO - Saved apartment: <Apartment id=79841, price=21.6 میلیارد تومان, room=دو, area=120, condition=13 ساله, place=شهرک غرب, link=https://delta.ir/tehran/buy/apartment/detail/79841>
2025-09-27 11:28:35,315 - INFO - inserted succesfully to apartment table 
2025-09-27 11:28:35,318 - INFO - Saved apartment: <Apartment id=79839, price=43.5 میلیارد تومان, room=سه, area=140, condition=1 ساله, place=شهرک غرب, link=https://delta.ir/tehran/buy/apartment/detail/79839>
2025-09-27 11:28:35,386 - INFO - inserted succesfully to apartment table 
2025-09-27 11:28:35,390 - INFO - Saved apartment: <Apartment id=72658, price=56 میلیارد تومان, room=سه, area=220, condition=5 ساله, place=شهرک غرب, link=https://delta.ir/tehran/buy/apartment/detail/72658>
2025-09-27 11:28:35,459 - INFO - inserted succesfully to apartment table 
2025-09-27 11:28:35,463 - INFO - Saved apartment: <Apartment id=72661, price=32 میلیارد تومان, room=سه, area=147, condition=4 ساله, place=سعادت آباد, link=https://delta.ir/tehran/buy/apartment/detail/72661>
2025-09-27 11:28:35,550 - INFO - inserted succesfully to apartment table 
2025-09-27 11:28:35,554 - INFO - Saved apartment: <Apartment id=79838, price=16.8 میلیارد تومان, room=دو, area=90, condition=14 ساله, place=جردن, link=https://delta.ir/tehran/buy/apartment/detail/79838>
2025-09-27 11:28:35,628 - INFO - inserted succesfully to apartment table 
2025-09-27 11:28:35,633 - INFO - Saved apartment: <Apartment id=79836, price=13.8 میلیارد تومان, room=دو, area=76, condition=11 ساله, place=سعادت آباد, link=https://delta.ir/tehran/buy/apartment/detail/79836>
2025-09-27 11:28:35,736 - INFO - inserted succesfully to apartment table 
2025-09-27 11:28:41,119 - INFO - Clicked 'More' button
2025-09-27 11:28:41,270 - INFO - Saved apartment: <Apartment id=79791, price=25.6 میلیارد تومان, room=دو, area=114, condition=نوساز, place=الهیه, link=https://delta.ir/tehran/buy/apartment/detail/79791>
2025-09-27 11:28:41,316 - INFO - inserted succesfully to apartment table 
2025-09-27 11:28:41,319 - INFO - Saved apartment: <Apartment id=79790, price=25 میلیارد تومان, room=دو, area=125, condition=نوساز, place=میرداماد, link=https://delta.ir/tehran/buy/apartment/detail/79790>
2025-09-27 11:28:41,367 - INFO - inserted succesfully to apartment table 
2025-09-27 11:28:41,370 - INFO - Saved apartment: <Apartment id=79138, price=13.5 میلیارد تومان, room=دو, area=95, condition=20 ساله, place=میرداماد, link=https://delta.ir/tehran/buy/apartment/detail/79138>
2025-09-27 11:28:41,402 - INFO - inserted succesfully to apartment table 
2025-09-27 11:28:41,406 - INFO - Saved apartment: <Apartment id=79143, price=32.8 میلیارد تومان, room=سه, area=193, condition=1 ساله, place=ظفر, link=https://delta.ir/tehran/buy/apartment/detail/79143>
2025-09-27 11:28:41,436 - INFO - inserted succesfully to apartment table 
2025-09-27 11:28:41,439 - INFO - Saved apartment: <Apartment id=79781, price=6.7 میلیارد تومان, room=یک, area=69, condition=بیش از ۲۰ سال ساخت, place=توحید, link=https://delta.ir/tehran/buy/apartment/detail/79781>
2025-09-27 11:28:41,479 - INFO - inserted succesfully to apartment table 
2025-09-27 11:28:41,482 - INFO - Saved apartment: <Apartment id=79776, price=18.7 میلیارد تومان, room=دو, area=97, condition=15 ساله, place=قیطریه, link=https://delta.ir/tehran/buy/apartment/detail/79776>
2025-09-27 11:28:41,527 - INFO - inserted succesfully to apartment table 
2025-09-27 11:28:41,530 - INFO - Saved apartment: <Apartment id=79768, price=8 میلیارد تومان, room=دو, area=80, condition=14 ساله, place=بلوار فردوس, link=https://delta.ir/tehran/buy/apartment/detail/79768>
2025-09-27 11:28:41,562 - INFO - inserted succesfully to apartment table 
2025-09-27 11:28:41,564 - INFO - Saved apartment: <Apartment id=79757, price=18.8 میلیارد تومان, room=دو, area=97, condition=17 ساله, place=قیطریه, link=https://delta.ir/tehran/buy/apartment/detail/79757>
2025-09-27 11:28:41,594 - INFO - inserted succesfully to apartment table 
2025-09-27 11:28:41,597 - INFO - Saved apartment: <Apartment id=79756, price=18 میلیارد تومان, room=دو, area=100, condition=9 ساله, place=پاسداران - ض..., link=https://delta.ir/tehran/buy/apartment/detail/79756>
2025-09-27 11:28:41,631 - INFO - inserted succesfully to apartment table 
2025-09-27 11:28:41,634 - INFO - Saved apartment: <Apartment id=79751, price=7.1 میلیارد تومان, room=یک, area=63, condition=11 ساله, place=پونک, link=https://delta.ir/tehran/buy/apartment/detail/79751>
2025-09-27 11:28:41,679 - INFO - inserted succesfully to apartment table 
2025-09-27 11:28:41,681 - INFO - Saved apartment: <Apartment id=77146, price=6 میلیارد تومان, room=دو, area=105, condition=نوساز, place=چیتگر, link=https://delta.ir/tehran/buy/apartment/detail/77146>
2025-09-27 11:28:41,726 - INFO - inserted succesfully to apartment table 
2025-09-27 11:28:41,728 - INFO - Saved apartment: <Apartment id=79741, price=1.8 میلیارد تومان, room=دو, area=75, condition=نوساز, place=چیتگر, link=https://delta.ir/tehran/buy/apartment/detail/79741>
2025-09-27 11:28:41,772 - INFO - inserted succesfully to apartment table 
2025-09-27 11:28:41,775 - INFO - Saved apartment: <Apartment id=79738, price=80 میلیارد تومان, room=سه, area=235, condition=نوساز, place=فرمانیه, link=https://delta.ir/tehran/buy/apartment/detail/79738>
2025-09-27 11:28:41,818 - INFO - inserted succesfully to apartment table 
2025-09-27 11:28:41,820 - INFO - Saved apartment: <Apartment id=79737, price=63 میلیارد تومان, room=سه, area=212, condition=14 ساله, place=کامرانیه, link=https://delta.ir/tehran/buy/apartment/detail/79737>
2025-09-27 11:28:41,862 - INFO - inserted succesfully to apartment table 
2025-09-27 11:28:41,864 - INFO - Saved apartment: <Apartment id=78554, price=27.4 میلیارد تومان, room=سه, area=135, condition=7 ساله, place=شهرک غرب, link=https://delta.ir/tehran/buy/apartment/detail/78554>
2025-09-27 11:28:41,905 - INFO - inserted succesfully to apartment table 
2025-09-27 11:28:41,909 - INFO - Saved apartment: <Apartment id=79734, price=9.9 میلیارد تومان, room=دو, area=65, condition=بیش از ۲۰ سال ساخت, place=شهید عراقی, link=https://delta.ir/tehran/buy/apartment/detail/79734>
2025-09-27 11:28:41,952 - INFO - inserted succesfully to apartment table 
2025-09-27 11:28:47,270 - INFO - Clicked 'More' button
2025-09-27 11:28:47,467 - INFO - Saved apartment: <Apartment id=79677, price=17.5 میلیارد تومان, room=دو, area=110, condition=20 ساله, place=قلهک, link=https://delta.ir/tehran/buy/apartment/detail/79677>
2025-09-27 11:28:47,491 - INFO - inserted succesfully to apartment table 
2025-09-27 11:28:47,493 - INFO - Saved apartment: <Apartment id=79675, price=9 میلیارد تومان, room=دو, area=65, condition=10 ساله, place=سید خندان, link=https://delta.ir/tehran/buy/apartment/detail/79675>
2025-09-27 11:28:47,523 - INFO - inserted succesfully to apartment table 
2025-09-27 11:28:47,527 - INFO - Saved apartment: <Apartment id=79673, price=8 میلیارد تومان, room=دو, area=75, condition=8 ساله, place=جنت آباد جنو..., link=https://delta.ir/tehran/buy/apartment/detail/79673>
2025-09-27 11:28:47,580 - INFO - inserted succesfully to apartment table 
2025-09-27 11:28:47,584 - INFO - Saved apartment: <Apartment id=79665, price=16.9 میلیارد تومان, room=دو, area=112, condition=19 ساله, place=اختیاریه, link=https://delta.ir/tehran/buy/apartment/detail/79665>
2025-09-27 11:28:47,635 - INFO - inserted succesfully to apartment table 
2025-09-27 11:28:47,641 - INFO - Saved apartment: <Apartment id=79647, price=26.3 میلیارد تومان, room=دو, area=118, condition=5 ساله, place=سعادت آباد, link=https://delta.ir/tehran/buy/apartment/detail/79647>
2025-09-27 11:28:47,714 - INFO - inserted succesfully to apartment table 
2025-09-27 11:28:47,718 - INFO - Saved apartment: <Apartment id=79645, price=13.4 میلیارد تومان, room=دو, area=99, condition=6 ساله, place=رودکی(سلسبیل..., link=https://delta.ir/tehran/buy/apartment/detail/79645>
2025-09-27 11:28:47,773 - INFO - inserted succesfully to apartment table 
2025-09-27 11:28:47,776 - INFO - Saved apartment: <Apartment id=79636, price=20.8 میلیارد تومان, room=دو, area=95, condition=1 ساله, place=دولت (کلاهدو..., link=https://delta.ir/tehran/buy/apartment/detail/79636>
2025-09-27 11:28:47,807 - INFO - inserted succesfully to apartment table 
2025-09-27 11:28:47,809 - INFO - Saved apartment: <Apartment id=79634, price=8.5 میلیارد تومان, room=دو, area=79, condition=1 ساله, place=جنت آباد مرک..., link=https://delta.ir/tehran/buy/apartment/detail/79634>
2025-09-27 11:28:47,839 - INFO - inserted succesfully to apartment table 
2025-09-27 11:28:47,841 - INFO - Saved apartment: <Apartment id=79633, price=9.5 میلیارد تومان, room=یک, area=50, condition=نوساز, place=میرداماد, link=https://delta.ir/tehran/buy/apartment/detail/79633>
2025-09-27 11:28:47,871 - INFO - inserted succesfully to apartment table 
2025-09-27 11:28:47,873 - INFO - Saved apartment: <Apartment id=79631, price=2.5 میلیارد تومان, room=یک, area=50, condition=14 ساله, place=قزوین, link=https://delta.ir/tehran/buy/apartment/detail/79631>
2025-09-27 11:28:47,902 - INFO - inserted succesfully to apartment table 
2025-09-27 11:28:47,906 - INFO - Saved apartment: <Apartment id=79629, price=18 میلیارد تومان, room=یک, area=84, condition=2 ساله, place=دولت (کلاهدو..., link=https://delta.ir/tehran/buy/apartment/detail/79629>
2025-09-27 11:28:47,940 - INFO - inserted succesfully to apartment table 
2025-09-27 11:28:47,942 - INFO - Saved apartment: <Apartment id=79628, price=19.8 میلیارد تومان, room=سه, area=135, condition=19 ساله, place=ظفر, link=https://delta.ir/tehran/buy/apartment/detail/79628>
2025-09-27 11:28:47,976 - INFO - inserted succesfully to apartment table 
2025-09-27 11:28:47,978 - INFO - Saved apartment: <Apartment id=79627, price=59 میلیارد تومان, room=سه, area=200, condition=نوساز, place=فرمانیه, link=https://delta.ir/tehran/buy/apartment/detail/79627>
2025-09-27 11:28:48,012 - INFO - inserted succesfully to apartment table 
2025-09-27 11:28:48,014 - INFO - Saved apartment: <Apartment id=79626, price=7.5 میلیارد تومان, room=دو, area=72, condition=18 ساله, place=پیچ شمیران, link=https://delta.ir/tehran/buy/apartment/detail/79626>
2025-09-27 11:28:48,050 - INFO - inserted succesfully to apartment table 
2025-09-27 11:28:53,311 - INFO - Clicked 'More' button
2025-09-27 11:28:53,494 - INFO - Saved apartment: <Apartment id=79597, price=8.6 میلیارد تومان, room=دو, area=88, condition=15 ساله, place=شهران شمالی, link=https://delta.ir/tehran/buy/apartment/detail/79597>
2025-09-27 11:28:53,524 - INFO - inserted succesfully to apartment table 
2025-09-27 11:28:53,526 - INFO - Saved apartment: <Apartment id=79593, price=16.7 میلیارد تومان, room=دو, area=90, condition=17 ساله, place=قبا, link=https://delta.ir/tehran/buy/apartment/detail/79593>
2025-09-27 11:28:53,567 - INFO - inserted succesfully to apartment table 
2025-09-27 11:28:53,571 - INFO - Saved apartment: <Apartment id=79588, price=10.9 میلیارد تومان, room=دو, area=85, condition=9 ساله, place=نیروی دریایی, link=https://delta.ir/tehran/buy/apartment/detail/79588>
2025-09-27 11:28:53,624 - INFO - inserted succesfully to apartment table 
2025-09-27 11:28:53,628 - INFO - Saved apartment: <Apartment id=79586, price=32 میلیارد تومان, room=سه, area=145, condition=4 ساله, place=جردن, link=https://delta.ir/tehran/buy/apartment/detail/79586>
2025-09-27 11:28:53,702 - INFO - inserted succesfully to apartment table 
2025-09-27 11:28:53,709 - INFO - Saved apartment: <Apartment id=79585, price=21.5 میلیارد تومان, room=سه, area=122, condition=نوساز, place=جنت آباد جنو..., link=https://delta.ir/tehran/buy/apartment/detail/79585>
2025-09-27 11:28:53,830 - INFO - inserted succesfully to apartment table 
2025-09-27 11:28:53,835 - INFO - Saved apartment: <Apartment id=79583, price=15 میلیارد تومان, room=دو, area=85, condition=نوساز, place=جنت آباد جنو..., link=https://delta.ir/tehran/buy/apartment/detail/79583>
2025-09-27 11:28:53,940 - INFO - inserted succesfully to apartment table 
2025-09-27 11:28:53,945 - INFO - Saved apartment: <Apartment id=79575, price=62.1 میلیارد تومان, room=چهار, area=270, condition=نوساز, place=جردن, link=https://delta.ir/tehran/buy/apartment/detail/79575>
2025-09-27 11:28:54,031 - INFO - inserted succesfully to apartment table 
2025-09-27 11:28:54,039 - INFO - Saved apartment: <Apartment id=79568, price=79 میلیارد تومان, room=چهار, area=266, condition=نوساز, place=نیاوران, link=https://delta.ir/tehran/buy/apartment/detail/79568>
2025-09-27 11:28:54,140 - INFO - inserted succesfully to apartment table 
2025-09-27 11:28:54,147 - INFO - Saved apartment: <Apartment id=79558, price=19.3 میلیارد تومان, room=سه, area=140, condition=10 ساله, place=ظفر, link=https://delta.ir/tehran/buy/apartment/detail/79558>
2025-09-27 11:28:54,209 - INFO - inserted succesfully to apartment table 
2025-09-27 11:28:54,212 - INFO - Saved apartment: <Apartment id=79547, price=35 میلیارد تومان, room=سه, area=153, condition=19 ساله, place=زعفرانیه, link=https://delta.ir/tehran/buy/apartment/detail/79547>
2025-09-27 11:28:54,258 - INFO - inserted succesfully to apartment table 
2025-09-27 11:28:54,261 - INFO - Saved apartment: <Apartment id=79546, price=6.5 میلیارد تومان, room=دو, area=72, condition=3 ساله, place=پیروزی, link=https://delta.ir/tehran/buy/apartment/detail/79546>
2025-09-27 11:28:54,310 - INFO - inserted succesfully to apartment table 
2025-09-27 11:28:54,313 - INFO - Saved apartment: <Apartment id=79545, price=22 میلیارد تومان, room=دو, area=110, condition=19 ساله, place=قیطریه, link=https://delta.ir/tehran/buy/apartment/detail/79545>
2025-09-27 11:28:54,402 - INFO - inserted succesfully to apartment table 
2025-09-27 11:28:54,410 - INFO - Saved apartment: <Apartment id=79544, price=3.8 میلیارد تومان, room=یک, area=60, condition=4 ساله, place=خزانه, link=https://delta.ir/tehran/buy/apartment/detail/79544>
2025-09-27 11:28:54,513 - INFO - inserted succesfully to apartment table 
2025-09-27 11:28:54,518 - INFO - Saved apartment: <Apartment id=79538, price=4.2 میلیارد تومان, room=یک, area=67, condition=12 ساله, place=آبشار (منطقه..., link=https://delta.ir/tehran/buy/apartment/detail/79538>
2025-09-27 11:28:54,600 - INFO - inserted succesfully to apartment table 
2025-09-27 11:28:54,608 - INFO - Saved apartment: <Apartment id=79535, price=55 میلیارد تومان, room=سه, area=205, condition=3 ساله, place=نیاوران, link=https://delta.ir/tehran/buy/apartment/detail/79535>
2025-09-27 11:28:54,709 - INFO - inserted succesfully to apartment table 
2025-09-27 11:28:54,713 - INFO - Saved apartment: <Apartment id=76632, price=35 میلیارد تومان, room=سه, area=185, condition=7 ساله, place=سه راه منظری..., link=https://delta.ir/tehran/buy/apartment/detail/76632>
2025-09-27 11:28:54,749 - INFO - inserted succesfully to apartment table 
2025-09-27 11:28:55,247 - INFO - No more button found. End of listings.
2025-09-27 11:28:55,305 - INFO - Scraping finished. Total 56 apartments collected.
2025-09-27 11:29:14,891 - INFO - Saved apartment: <Apartment id=78100, price=32.5 میلیارد تومان, room=دو, area=95, condition=6 ساله, place=شهرک غرب, link=https://delta.ir/tehran/buy/apartment/detail/78100>
2025-09-27 11:29:14,955 - INFO - inserted succesfully to apartment table 
2025-09-27 11:29:14,958 - INFO - Saved apartment: <Apartment id=78307, price=29.9 میلیارد تومان, room=دو, area=107, condition=1 ساله, place=شهرک غرب, link=https://delta.ir/tehran/buy/apartment/detail/78307>
2025-09-27 11:29:14,988 - INFO - inserted succesfully to apartment table 
2025-09-27 11:29:14,991 - INFO - Saved apartment: <Apartment id=79843, price=7.5 میلیارد تومان, room=یک, area=66, condition=5 ساله, place=بلوار فردوس, link=https://delta.ir/tehran/buy/apartment/detail/79843>
2025-09-27 11:29:15,020 - INFO - inserted succesfully to apartment table 
2025-09-27 11:29:15,022 - INFO - Saved apartment: <Apartment id=79842, price=18 میلیارد تومان, room=دو, area=90, condition=3 ساله, place=دولت (کلاهدو..., link=https://delta.ir/tehran/buy/apartment/detail/79842>
2025-09-27 11:29:15,050 - INFO - inserted succesfully to apartment table 
2025-09-27 11:29:15,053 - INFO - Saved apartment: <Apartment id=79841, price=21.6 میلیارد تومان, room=دو, area=120, condition=13 ساله, place=شهرک غرب, link=https://delta.ir/tehran/buy/apartment/detail/79841>
2025-09-27 11:29:15,085 - INFO - inserted succesfully to apartment table 
2025-09-27 11:29:15,087 - INFO - Saved apartment: <Apartment id=79839, price=43.5 میلیارد تومان, room=سه, area=140, condition=1 ساله, place=شهرک غرب, link=https://delta.ir/tehran/buy/apartment/detail/79839>
2025-09-27 11:29:15,118 - INFO - inserted succesfully to apartment table 
2025-09-27 11:29:15,120 - INFO - Saved apartment: <Apartment id=72658, price=56 میلیارد تومان, room=سه, area=220, condition=5 ساله, place=شهرک غرب, link=https://delta.ir/tehran/buy/apartment/detail/72658>
2025-09-27 11:29:15,151 - INFO - inserted succesfully to apartment table 
2025-09-27 11:29:15,153 - INFO - Saved apartment: <Apartment id=72661, price=32 میلیارد تومان, room=سه, area=147, condition=4 ساله, place=سعادت آباد, link=https://delta.ir/tehran/buy/apartment/detail/72661>
2025-09-27 11:29:15,191 - INFO - inserted succesfully to apartment table 
2025-09-27 11:29:15,195 - INFO - Saved apartment: <Apartment id=79838, price=16.8 میلیارد تومان, room=دو, area=90, condition=14 ساله, place=جردن, link=https://delta.ir/tehran/buy/apartment/detail/79838>
2025-09-27 11:29:15,269 - INFO - inserted succesfully to apartment table 
2025-09-27 11:29:15,273 - INFO - Saved apartment: <Apartment id=79836, price=13.8 میلیارد تومان, room=دو, area=76, condition=11 ساله, place=سعادت آباد, link=https://delta.ir/tehran/buy/apartment/detail/79836>
2025-09-27 11:29:15,328 - INFO - inserted succesfully to apartment table 
2025-09-27 11:29:19,649 - INFO - Clicked 'More' button
2025-09-27 11:29:19,822 - INFO - Saved apartment: <Apartment id=79791, price=25.6 میلیارد تومان, room=دو, area=114, condition=نوساز, place=الهیه, link=https://delta.ir/tehran/buy/apartment/detail/79791>
2025-09-27 11:29:19,842 - INFO - inserted succesfully to apartment table 
2025-09-27 11:29:19,844 - INFO - Saved apartment: <Apartment id=79790, price=25 میلیارد تومان, room=دو, area=125, condition=نوساز, place=میرداماد, link=https://delta.ir/tehran/buy/apartment/detail/79790>
2025-09-27 11:29:19,871 - INFO - inserted succesfully to apartment table 
2025-09-27 11:29:19,875 - INFO - Saved apartment: <Apartment id=79138, price=13.5 میلیارد تومان, room=دو, area=95, condition=20 ساله, place=میرداماد, link=https://delta.ir/tehran/buy/apartment/detail/79138>
2025-09-27 11:29:19,901 - INFO - inserted succesfully to apartment table 
2025-09-27 11:29:19,903 - INFO - Saved apartment: <Apartment id=79143, price=32.8 میلیارد تومان, room=سه, area=193, condition=1 ساله, place=ظفر, link=https://delta.ir/tehran/buy/apartment/detail/79143>
2025-09-27 11:29:19,932 - INFO - inserted succesfully to apartment table 
2025-09-27 11:29:19,934 - INFO - Saved apartment: <Apartment id=79781, price=6.7 میلیارد تومان, room=یک, area=69, condition=بیش از ۲۰ سال ساخت, place=توحید, link=https://delta.ir/tehran/buy/apartment/detail/79781>
2025-09-27 11:29:19,960 - INFO - inserted succesfully to apartment table 
2025-09-27 11:29:19,962 - INFO - Saved apartment: <Apartment id=79776, price=18.7 میلیارد تومان, room=دو, area=97, condition=15 ساله, place=قیطریه, link=https://delta.ir/tehran/buy/apartment/detail/79776>
2025-09-27 11:29:19,995 - INFO - inserted succesfully to apartment table 
2025-09-27 11:29:19,998 - INFO - Saved apartment: <Apartment id=79768, price=8 میلیارد تومان, room=دو, area=80, condition=14 ساله, place=بلوار فردوس, link=https://delta.ir/tehran/buy/apartment/detail/79768>
2025-09-27 11:29:20,026 - INFO - inserted succesfully to apartment table 
2025-09-27 11:29:20,029 - INFO - Saved apartment: <Apartment id=79757, price=18.8 میلیارد تومان, room=دو, area=97, condition=17 ساله, place=قیطریه, link=https://delta.ir/tehran/buy/apartment/detail/79757>
2025-09-27 11:29:20,059 - INFO - inserted succesfully to apartment table 
2025-09-27 11:29:20,061 - INFO - Saved apartment: <Apartment id=79756, price=18 میلیارد تومان, room=دو, area=100, condition=9 ساله, place=پاسداران - ض..., link=https://delta.ir/tehran/buy/apartment/detail/79756>
2025-09-27 11:29:20,085 - INFO - inserted succesfully to apartment table 
2025-09-27 11:29:20,087 - INFO - Saved apartment: <Apartment id=79751, price=7.1 میلیارد تومان, room=یک, area=63, condition=11 ساله, place=پونک, link=https://delta.ir/tehran/buy/apartment/detail/79751>
2025-09-27 11:29:20,116 - INFO - inserted succesfully to apartment table 
2025-09-27 11:29:20,117 - INFO - Saved apartment: <Apartment id=77146, price=6 میلیارد تومان, room=دو, area=105, condition=نوساز, place=چیتگر, link=https://delta.ir/tehran/buy/apartment/detail/77146>
2025-09-27 11:29:20,149 - INFO - inserted succesfully to apartment table 
2025-09-27 11:29:20,151 - INFO - Saved apartment: <Apartment id=79741, price=1.8 میلیارد تومان, room=دو, area=75, condition=نوساز, place=چیتگر, link=https://delta.ir/tehran/buy/apartment/detail/79741>
2025-09-27 11:29:20,181 - INFO - inserted succesfully to apartment table 
2025-09-27 11:29:20,184 - INFO - Saved apartment: <Apartment id=79738, price=80 میلیارد تومان, room=سه, area=235, condition=نوساز, place=فرمانیه, link=https://delta.ir/tehran/buy/apartment/detail/79738>
2025-09-27 11:29:20,215 - INFO - inserted succesfully to apartment table 
2025-09-27 11:29:20,217 - INFO - Saved apartment: <Apartment id=79737, price=63 میلیارد تومان, room=سه, area=212, condition=14 ساله, place=کامرانیه, link=https://delta.ir/tehran/buy/apartment/detail/79737>
2025-09-27 11:29:20,248 - INFO - inserted succesfully to apartment table 
2025-09-27 11:29:20,250 - INFO - Saved apartment: <Apartment id=78554, price=27.4 میلیارد تومان, room=سه, area=135, condition=7 ساله, place=شهرک غرب, link=https://delta.ir/tehran/buy/apartment/detail/78554>
2025-09-27 11:29:20,280 - INFO - inserted succesfully to apartment table 
2025-09-27 11:29:20,282 - INFO - Saved apartment: <Apartment id=79734, price=9.9 میلیارد تومان, room=دو, area=65, condition=بیش از ۲۰ سال ساخت, place=شهید عراقی, link=https://delta.ir/tehran/buy/apartment/detail/79734>
2025-09-27 11:29:20,311 - INFO - inserted succesfully to apartment table 
2025-09-27 11:29:24,615 - INFO - Clicked 'More' button
2025-09-27 11:29:41,749 - INFO - Saved apartment: <Apartment id=78100, price=32.5 میلیارد تومان, room=دو, area=95, condition=6 ساله, place=شهرک غرب, link=https://delta.ir/tehran/buy/apartment/detail/78100>
2025-09-27 11:29:41,786 - INFO - inserted succesfully to apartment table 
2025-09-27 11:29:41,788 - INFO - Saved apartment: <Apartment id=78307, price=29.9 میلیارد تومان, room=دو, area=107, condition=1 ساله, place=شهرک غرب, link=https://delta.ir/tehran/buy/apartment/detail/78307>
2025-09-27 11:29:41,824 - INFO - inserted succesfully to apartment table 
2025-09-27 11:29:41,827 - INFO - Saved apartment: <Apartment id=79843, price=7.5 میلیارد تومان, room=یک, area=66, condition=5 ساله, place=بلوار فردوس, link=https://delta.ir/tehran/buy/apartment/detail/79843>
2025-09-27 11:29:41,860 - INFO - inserted succesfully to apartment table 
2025-09-27 11:29:41,864 - INFO - Saved apartment: <Apartment id=79842, price=18 میلیارد تومان, room=دو, area=90, condition=3 ساله, place=دولت (کلاهدو..., link=https://delta.ir/tehran/buy/apartment/detail/79842>
2025-09-27 11:29:41,920 - INFO - inserted succesfully to apartment table 
2025-09-27 11:29:41,923 - INFO - Saved apartment: <Apartment id=79841, price=21.6 میلیارد تومان, room=دو, area=120, condition=13 ساله, place=شهرک غرب, link=https://delta.ir/tehran/buy/apartment/detail/79841>
2025-09-27 11:29:41,984 - INFO - inserted succesfully to apartment table 
2025-09-27 11:29:41,987 - INFO - Saved apartment: <Apartment id=79839, price=43.5 میلیارد تومان, room=سه, area=140, condition=1 ساله, place=شهرک غرب, link=https://delta.ir/tehran/buy/apartment/detail/79839>
2025-09-27 11:29:42,051 - INFO - inserted succesfully to apartment table 
2025-09-27 11:29:42,057 - INFO - Saved apartment: <Apartment id=72658, price=56 میلیارد تومان, room=سه, area=220, condition=5 ساله, place=شهرک غرب, link=https://delta.ir/tehran/buy/apartment/detail/72658>
2025-09-27 11:29:42,114 - INFO - inserted succesfully to apartment table 
2025-09-27 11:29:42,119 - INFO - Saved apartment: <Apartment id=72661, price=32 میلیارد تومان, room=سه, area=147, condition=4 ساله, place=سعادت آباد, link=https://delta.ir/tehran/buy/apartment/detail/72661>
2025-09-27 11:29:42,181 - INFO - inserted succesfully to apartment table 
2025-09-27 11:29:42,184 - INFO - Saved apartment: <Apartment id=79838, price=16.8 میلیارد تومان, room=دو, area=90, condition=14 ساله, place=جردن, link=https://delta.ir/tehran/buy/apartment/detail/79838>
2025-09-27 11:29:42,246 - INFO - inserted succesfully to apartment table 
2025-09-27 11:29:42,250 - INFO - Saved apartment: <Apartment id=79836, price=13.8 میلیارد تومان, room=دو, area=76, condition=11 ساله, place=سعادت آباد, link=https://delta.ir/tehran/buy/apartment/detail/79836>
2025-09-27 11:29:42,328 - INFO - inserted succesfully to apartment table 
2025-09-27 11:29:45,681 - INFO - Clicked 'More' button
2025-09-27 11:29:45,852 - INFO - Saved apartment: <Apartment id=79791, price=25.6 میلیارد تومان, room=دو, area=114, condition=نوساز, place=الهیه, link=https://delta.ir/tehran/buy/apartment/detail/79791>
2025-09-27 11:29:45,873 - INFO - inserted succesfully to apartment table 
2025-09-27 11:29:45,874 - INFO - Saved apartment: <Apartment id=79790, price=25 میلیارد تومان, room=دو, area=125, condition=نوساز, place=میرداماد, link=https://delta.ir/tehran/buy/apartment/detail/79790>
2025-09-27 11:29:45,904 - INFO - inserted succesfully to apartment table 
2025-09-27 11:29:45,906 - INFO - Saved apartment: <Apartment id=79138, price=13.5 میلیارد تومان, room=دو, area=95, condition=20 ساله, place=میرداماد, link=https://delta.ir/tehran/buy/apartment/detail/79138>
2025-09-27 11:29:45,957 - INFO - inserted succesfully to apartment table 
2025-09-27 11:29:45,960 - INFO - Saved apartment: <Apartment id=79143, price=32.8 میلیارد تومان, room=سه, area=193, condition=1 ساله, place=ظفر, link=https://delta.ir/tehran/buy/apartment/detail/79143>
2025-09-27 11:29:46,030 - INFO - inserted succesfully to apartment table 
2025-09-27 11:29:46,034 - INFO - Saved apartment: <Apartment id=79781, price=6.7 میلیارد تومان, room=یک, area=69, condition=بیش از ۲۰ سال ساخت, place=توحید, link=https://delta.ir/tehran/buy/apartment/detail/79781>
2025-09-27 11:29:46,111 - INFO - inserted succesfully to apartment table 
2025-09-27 11:29:46,115 - INFO - Saved apartment: <Apartment id=79776, price=18.7 میلیارد تومان, room=دو, area=97, condition=15 ساله, place=قیطریه, link=https://delta.ir/tehran/buy/apartment/detail/79776>
2025-09-27 11:29:46,182 - INFO - inserted succesfully to apartment table 
2025-09-27 11:29:46,186 - INFO - Saved apartment: <Apartment id=79775, price=21.5 میلیارد تومان, room=دو, area=95, condition=2 ساله, place=فرمانیه, link=https://delta.ir/tehran/buy/apartment/detail/79775>
2025-09-27 11:29:46,262 - INFO - inserted succesfully to apartment table 
2025-09-27 11:29:46,268 - INFO - Saved apartment: <Apartment id=79769, price=6.3 میلیارد تومان, room=دو, area=63.5, condition=بیش از ۲۰ سال ساخت, place=پونک, link=https://delta.ir/tehran/buy/apartment/detail/79769>
2025-09-27 11:29:46,359 - INFO - inserted succesfully to apartment table 
2025-09-27 11:29:46,365 - INFO - Saved apartment: <Apartment id=79768, price=8 میلیارد تومان, room=دو, area=80, condition=14 ساله, place=بلوار فردوس, link=https://delta.ir/tehran/buy/apartment/detail/79768>
2025-09-27 11:29:46,445 - INFO - inserted succesfully to apartment table 
2025-09-27 11:29:46,450 - INFO - Saved apartment: <Apartment id=79757, price=18.8 میلیارد تومان, room=دو, area=97, condition=17 ساله, place=قیطریه, link=https://delta.ir/tehran/buy/apartment/detail/79757>
2025-09-27 11:29:46,531 - INFO - inserted succesfully to apartment table 
2025-09-27 11:29:46,536 - INFO - Saved apartment: <Apartment id=79756, price=18 میلیارد تومان, room=دو, area=100, condition=9 ساله, place=پاسداران - ض..., link=https://delta.ir/tehran/buy/apartment/detail/79756>
2025-09-27 11:29:46,617 - INFO - inserted succesfully to apartment table 
2025-09-27 11:29:46,623 - INFO - Saved apartment: <Apartment id=79751, price=7.1 میلیارد تومان, room=یک, area=63, condition=11 ساله, place=پونک, link=https://delta.ir/tehran/buy/apartment/detail/79751>
2025-09-27 11:29:46,703 - INFO - inserted succesfully to apartment table 
2025-09-27 11:29:46,707 - INFO - Saved apartment: <Apartment id=77146, price=6 میلیارد تومان, room=دو, area=105, condition=نوساز, place=چیتگر, link=https://delta.ir/tehran/buy/apartment/detail/77146>
2025-09-27 11:29:46,772 - INFO - inserted succesfully to apartment table 
2025-09-27 11:29:46,776 - INFO - Saved apartment: <Apartment id=79741, price=1.8 میلیارد تومان, room=دو, area=75, condition=نوساز, place=چیتگر, link=https://delta.ir/tehran/buy/apartment/detail/79741>
2025-09-27 11:29:46,840 - INFO - inserted succesfully to apartment table 
2025-09-27 11:29:46,845 - INFO - Saved apartment: <Apartment id=79738, price=80 میلیارد تومان, room=سه, area=235, condition=نوساز, place=فرمانیه, link=https://delta.ir/tehran/buy/apartment/detail/79738>
2025-09-27 11:29:46,911 - INFO - inserted succesfully to apartment table 
2025-09-27 11:29:46,915 - INFO - Saved apartment: <Apartment id=79737, price=63 میلیارد تومان, room=سه, area=212, condition=14 ساله, place=کامرانیه, link=https://delta.ir/tehran/buy/apartment/detail/79737>
2025-09-27 11:29:46,979 - INFO - inserted succesfully to apartment table 
2025-09-27 11:29:50,330 - INFO - Clicked 'More' button
2025-09-27 11:29:50,526 - INFO - Saved apartment: <Apartment id=79686, price=5.2 میلیارد تومان, room=دو, area=100, condition=بیش از ۲۰ سال ساخت, place=شهرری, link=https://delta.ir/tehran/buy/apartment/detail/79686>
2025-09-27 11:29:50,552 - INFO - inserted succesfully to apartment table 
2025-09-27 11:29:50,554 - INFO - Saved apartment: <Apartment id=79679, price=19 میلیارد تومان, room=سه, area=123, condition=14 ساله, place=پاسداران, link=https://delta.ir/tehran/buy/apartment/detail/79679>
2025-09-27 11:29:50,592 - INFO - inserted succesfully to apartment table 
2025-09-27 11:29:50,596 - INFO - Saved apartment: <Apartment id=79677, price=17.5 میلیارد تومان, room=دو, area=110, condition=20 ساله, place=قلهک, link=https://delta.ir/tehran/buy/apartment/detail/79677>
2025-09-27 11:29:50,648 - INFO - inserted succesfully to apartment table 
2025-09-27 11:29:50,652 - INFO - Saved apartment: <Apartment id=79675, price=9 میلیارد تومان, room=دو, area=65, condition=10 ساله, place=سید خندان, link=https://delta.ir/tehran/buy/apartment/detail/79675>
2025-09-27 11:29:50,727 - INFO - inserted succesfully to apartment table 
2025-09-27 11:29:50,732 - INFO - Saved apartment: <Apartment id=79673, price=8 میلیارد تومان, room=دو, area=75, condition=8 ساله, place=جنت آباد جنو..., link=https://delta.ir/tehran/buy/apartment/detail/79673>
2025-09-27 11:29:50,799 - INFO - inserted succesfully to apartment table 
2025-09-27 11:29:50,803 - INFO - Saved apartment: <Apartment id=79665, price=16.9 میلیارد تومان, room=دو, area=112, condition=19 ساله, place=اختیاریه, link=https://delta.ir/tehran/buy/apartment/detail/79665>
2025-09-27 11:29:50,868 - INFO - inserted succesfully to apartment table 
2025-09-27 11:29:50,873 - INFO - Saved apartment: <Apartment id=79647, price=26.3 میلیارد تومان, room=دو, area=118, condition=5 ساله, place=سعادت آباد, link=https://delta.ir/tehran/buy/apartment/detail/79647>
2025-09-27 11:29:50,939 - INFO - inserted succesfully to apartment table 
2025-09-27 11:29:50,943 - INFO - Saved apartment: <Apartment id=79645, price=13.4 میلیارد تومان, room=دو, area=99, condition=6 ساله, place=رودکی(سلسبیل..., link=https://delta.ir/tehran/buy/apartment/detail/79645>
2025-09-27 11:29:51,008 - INFO - inserted succesfully to apartment table 
2025-09-27 11:29:51,013 - INFO - Saved apartment: <Apartment id=79636, price=20.8 میلیارد تومان, room=دو, area=95, condition=1 ساله, place=دولت (کلاهدو..., link=https://delta.ir/tehran/buy/apartment/detail/79636>
2025-09-27 11:29:51,068 - INFO - inserted succesfully to apartment table 
2025-09-27 11:29:51,072 - INFO - Saved apartment: <Apartment id=79634, price=8.5 میلیارد تومان, room=دو, area=79, condition=1 ساله, place=جنت آباد مرک..., link=https://delta.ir/tehran/buy/apartment/detail/79634>
2025-09-27 11:29:51,108 - INFO - inserted succesfully to apartment table 
2025-09-27 11:29:51,111 - INFO - Saved apartment: <Apartment id=79633, price=9.5 میلیارد تومان, room=یک, area=50, condition=نوساز, place=میرداماد, link=https://delta.ir/tehran/buy/apartment/detail/79633>
2025-09-27 11:29:51,137 - INFO - inserted succesfully to apartment table 
2025-09-27 11:29:51,140 - INFO - Saved apartment: <Apartment id=79631, price=2.5 میلیارد تومان, room=یک, area=50, condition=14 ساله, place=قزوین, link=https://delta.ir/tehran/buy/apartment/detail/79631>
2025-09-27 11:29:51,187 - INFO - inserted succesfully to apartment table 
2025-09-27 11:29:51,192 - INFO - Saved apartment: <Apartment id=79629, price=18 میلیارد تومان, room=یک, area=84, condition=2 ساله, place=دولت (کلاهدو..., link=https://delta.ir/tehran/buy/apartment/detail/79629>
2025-09-27 11:29:51,235 - INFO - inserted succesfully to apartment table 
2025-09-27 11:29:51,238 - INFO - Saved apartment: <Apartment id=79628, price=19.8 میلیارد تومان, room=سه, area=135, condition=19 ساله, place=ظفر, link=https://delta.ir/tehran/buy/apartment/detail/79628>
2025-09-27 11:29:51,280 - INFO - inserted succesfully to apartment table 
2025-09-27 11:29:51,282 - INFO - Saved apartment: <Apartment id=79627, price=59 میلیارد تومان, room=سه, area=200, condition=نوساز, place=فرمانیه, link=https://delta.ir/tehran/buy/apartment/detail/79627>
2025-09-27 11:29:51,320 - INFO - inserted succesfully to apartment table 
2025-09-27 11:29:51,323 - INFO - Saved apartment: <Apartment id=79626, price=7.5 میلیارد تومان, room=دو, area=72, condition=18 ساله, place=پیچ شمیران, link=https://delta.ir/tehran/buy/apartment/detail/79626>
2025-09-27 11:29:51,348 - INFO - inserted succesfully to apartment table 
2025-09-27 11:29:54,619 - INFO - Clicked 'More' button
2025-09-27 11:29:54,689 - INFO - Saved apartment: <Apartment id=79597, price=8.6 میلیارد تومان, room=دو, area=88, condition=15 ساله, place=شهران شمالی, link=https://delta.ir/tehran/buy/apartment/detail/79597>
2025-09-27 11:29:54,712 - INFO - inserted succesfully to apartment table 
2025-09-27 11:29:54,714 - INFO - Saved apartment: <Apartment id=79593, price=16.7 میلیارد تومان, room=دو, area=90, condition=17 ساله, place=قبا, link=https://delta.ir/tehran/buy/apartment/detail/79593>
2025-09-27 11:29:54,753 - INFO - inserted succesfully to apartment table 
2025-09-27 11:29:54,756 - INFO - Saved apartment: <Apartment id=79588, price=10.9 میلیارد تومان, room=دو, area=85, condition=9 ساله, place=نیروی دریایی, link=https://delta.ir/tehran/buy/apartment/detail/79588>
2025-09-27 11:29:54,802 - INFO - inserted succesfully to apartment table 
2025-09-27 11:29:54,805 - INFO - Saved apartment: <Apartment id=79586, price=32 میلیارد تومان, room=سه, area=145, condition=4 ساله, place=جردن, link=https://delta.ir/tehran/buy/apartment/detail/79586>
2025-09-27 11:29:54,843 - INFO - inserted succesfully to apartment table 
2025-09-27 11:29:54,845 - INFO - Saved apartment: <Apartment id=79585, price=21.5 میلیارد تومان, room=سه, area=122, condition=نوساز, place=جنت آباد جنو..., link=https://delta.ir/tehran/buy/apartment/detail/79585>
2025-09-27 11:29:54,882 - INFO - inserted succesfully to apartment table 
2025-09-27 11:29:54,884 - INFO - Saved apartment: <Apartment id=79583, price=15 میلیارد تومان, room=دو, area=85, condition=نوساز, place=جنت آباد جنو..., link=https://delta.ir/tehran/buy/apartment/detail/79583>
2025-09-27 11:29:54,913 - INFO - inserted succesfully to apartment table 
2025-09-27 11:29:54,915 - INFO - Saved apartment: <Apartment id=79575, price=62.1 میلیارد تومان, room=چهار, area=270, condition=نوساز, place=جردن, link=https://delta.ir/tehran/buy/apartment/detail/79575>
2025-09-27 11:29:54,943 - INFO - inserted succesfully to apartment table 
2025-09-27 11:29:54,946 - INFO - Saved apartment: <Apartment id=79568, price=79 میلیارد تومان, room=چهار, area=266, condition=نوساز, place=نیاوران, link=https://delta.ir/tehran/buy/apartment/detail/79568>
2025-09-27 11:29:54,985 - INFO - inserted succesfully to apartment table 
2025-09-27 11:29:54,988 - INFO - Saved apartment: <Apartment id=79558, price=19.3 میلیارد تومان, room=سه, area=140, condition=10 ساله, place=ظفر, link=https://delta.ir/tehran/buy/apartment/detail/79558>
2025-09-27 11:29:55,037 - INFO - inserted succesfully to apartment table 
2025-09-27 11:29:55,040 - INFO - Saved apartment: <Apartment id=79547, price=35 میلیارد تومان, room=سه, area=153, condition=19 ساله, place=زعفرانیه, link=https://delta.ir/tehran/buy/apartment/detail/79547>
2025-09-27 11:29:55,080 - INFO - inserted succesfully to apartment table 
2025-09-27 11:29:55,084 - INFO - Saved apartment: <Apartment id=79546, price=6.5 میلیارد تومان, room=دو, area=72, condition=3 ساله, place=پیروزی, link=https://delta.ir/tehran/buy/apartment/detail/79546>
2025-09-27 11:29:55,138 - INFO - inserted succesfully to apartment table 
2025-09-27 11:29:55,144 - INFO - Saved apartment: <Apartment id=79545, price=22 میلیارد تومان, room=دو, area=110, condition=19 ساله, place=قیطریه, link=https://delta.ir/tehran/buy/apartment/detail/79545>
2025-09-27 11:29:55,216 - INFO - inserted succesfully to apartment table 
2025-09-27 11:29:55,223 - INFO - Saved apartment: <Apartment id=79544, price=3.8 میلیارد تومان, room=یک, area=60, condition=4 ساله, place=خزانه, link=https://delta.ir/tehran/buy/apartment/detail/79544>
2025-09-27 11:29:55,304 - INFO - inserted succesfully to apartment table 
2025-09-27 11:29:55,308 - INFO - Saved apartment: <Apartment id=79538, price=4.2 میلیارد تومان, room=یک, area=67, condition=12 ساله, place=آبشار (منطقه..., link=https://delta.ir/tehran/buy/apartment/detail/79538>
2025-09-27 11:29:55,387 - INFO - inserted succesfully to apartment table 
2025-09-27 11:29:55,391 - INFO - Saved apartment: <Apartment id=79535, price=55 میلیارد تومان, room=سه, area=205, condition=3 ساله, place=نیاوران, link=https://delta.ir/tehran/buy/apartment/detail/79535>
2025-09-27 11:29:55,457 - INFO - inserted succesfully to apartment table 
2025-09-27 11:29:55,462 - INFO - Saved apartment: <Apartment id=76632, price=35 میلیارد تومان, room=سه, area=185, condition=7 ساله, place=سه راه منظری..., link=https://delta.ir/tehran/buy/apartment/detail/76632>
2025-09-27 11:29:55,521 - INFO - inserted succesfully to apartment table 
2025-09-27 11:29:58,855 - INFO - Clicked 'More' button
2025-09-27 11:29:59,048 - INFO - Saved apartment: <Apartment id=73788, price=16.9 میلیارد تومان, room=دو, area=90, condition=4 ساله, place=جردن, link=https://delta.ir/tehran/buy/apartment/detail/73788>
2025-09-27 11:29:59,072 - INFO - inserted succesfully to apartment table 
2025-09-27 11:29:59,074 - INFO - Saved apartment: <Apartment id=79526, price=16.5 میلیارد تومان, room=یک, area=115, condition=20 ساله, place=پاسداران, link=https://delta.ir/tehran/buy/apartment/detail/79526>
2025-09-27 11:29:59,103 - INFO - inserted succesfully to apartment table 
2025-09-27 11:29:59,104 - INFO - Saved apartment: <Apartment id=79524, price=37.9 میلیارد تومان, room=سه, area=190, condition=7 ساله, place=اقدسیه (منطق..., link=https://delta.ir/tehran/buy/apartment/detail/79524>
2025-09-27 11:29:59,134 - INFO - inserted succesfully to apartment table 
2025-09-27 11:29:59,136 - INFO - Saved apartment: <Apartment id=79518, price=35 میلیارد تومان, room=دو, area=160, condition=نوساز, place=دولت (کلاهدو..., link=https://delta.ir/tehran/buy/apartment/detail/79518>
2025-09-27 11:29:59,166 - INFO - inserted succesfully to apartment table 
2025-09-27 11:29:59,168 - INFO - Saved apartment: <Apartment id=79514, price=30 میلیارد تومان, room=دو, area=120, condition=14 ساله, place=نیاوران, link=https://delta.ir/tehran/buy/apartment/detail/79514>
2025-09-27 11:29:59,199 - INFO - inserted succesfully to apartment table 
2025-09-27 11:29:59,201 - INFO - Saved apartment: <Apartment id=79513, price=33 میلیارد تومان, room=دو, area=120, condition=1 ساله, place=زعفرانیه, link=https://delta.ir/tehran/buy/apartment/detail/79513>
2025-09-27 11:29:59,235 - INFO - inserted succesfully to apartment table 
2025-09-27 11:29:59,239 - INFO - Saved apartment: <Apartment id=73150, price=33.5 میلیارد تومان, room=سه, area=140, condition=14 ساله, place=زعفرانیه, link=https://delta.ir/tehran/buy/apartment/detail/73150>
2025-09-27 11:29:59,308 - INFO - inserted succesfully to apartment table 
2025-09-27 11:29:59,312 - INFO - Saved apartment: <Apartment id=77039, price=20 میلیارد تومان, room=دو, area=90, condition=12 ساله, place=زعفرانیه, link=https://delta.ir/tehran/buy/apartment/detail/77039>
2025-09-27 11:29:59,381 - INFO - inserted succesfully to apartment table 
2025-09-27 11:29:59,386 - INFO - Saved apartment: <Apartment id=77046, price=53.6 میلیارد تومان, room=سه, area=160, condition=نوساز, place=محمودیه, link=https://delta.ir/tehran/buy/apartment/detail/77046>
2025-09-27 11:29:59,453 - INFO - inserted succesfully to apartment table 
2025-09-27 11:29:59,457 - INFO - Saved apartment: <Apartment id=79502, price=6.8 میلیارد تومان, room=یک, area=57, condition=1 ساله, place=جواديه تهران..., link=https://delta.ir/tehran/buy/apartment/detail/79502>
2025-09-27 11:29:59,531 - INFO - inserted succesfully to apartment table 
2025-09-27 11:29:59,535 - INFO - Saved apartment: <Apartment id=79497, price=16.5 میلیارد تومان, room=دو, area=105, condition=نوساز, place=دیباجی جنوبی, link=https://delta.ir/tehran/buy/apartment/detail/79497>
2025-09-27 11:29:59,606 - INFO - inserted succesfully to apartment table 
2025-09-27 11:29:59,610 - INFO - Saved apartment: <Apartment id=79494, price=6.5 میلیارد تومان, room=دو, area=65, condition=18 ساله, place=کوی بیمه, link=https://delta.ir/tehran/buy/apartment/detail/79494>
2025-09-27 11:29:59,675 - INFO - inserted succesfully to apartment table 
2025-09-27 11:29:59,681 - INFO - Saved apartment: <Apartment id=79487, price=32 میلیارد تومان, room=سه, area=186, condition=بیش از ۲۰ سال ساخت, place=جردن, link=https://delta.ir/tehran/buy/apartment/detail/79487>
2025-09-27 11:29:59,750 - INFO - inserted succesfully to apartment table 
2025-09-27 11:29:59,754 - INFO - Saved apartment: <Apartment id=79486, price=40.9 میلیارد تومان, room=سه, area=200, condition=8 ساله, place=نیاوران, link=https://delta.ir/tehran/buy/apartment/detail/79486>
2025-09-27 11:29:59,824 - INFO - inserted succesfully to apartment table 
2025-09-27 11:29:59,828 - INFO - Saved apartment: <Apartment id=77628, price=13.8 میلیارد تومان, room=دو, area=94, condition=3 ساله, place=جنت آباد شما..., link=https://delta.ir/tehran/buy/apartment/detail/77628>
2025-09-27 11:29:59,894 - INFO - inserted succesfully to apartment table 
2025-09-27 11:29:59,898 - INFO - Saved apartment: <Apartment id=79485, price=15.3 میلیارد تومان, room=دو, area=85, condition=18 ساله, place=میرداماد, link=https://delta.ir/tehran/buy/apartment/detail/79485>
2025-09-27 11:29:59,966 - INFO - inserted succesfully to apartment table 
2025-09-27 11:30:03,316 - INFO - Clicked 'More' button
2025-09-27 11:30:03,511 - INFO - Saved apartment: <Apartment id=79427, price=14.6 میلیارد تومان, room=دو, area=100, condition=7 ساله, place=اختیاریه, link=https://delta.ir/tehran/buy/apartment/detail/79427>
2025-09-27 11:30:03,535 - INFO - inserted succesfully to apartment table 
2025-09-27 11:30:03,536 - INFO - Saved apartment: <Apartment id=79425, price=27 میلیارد تومان, room=دو, area=164, condition=بیش از ۲۰ سال ساخت, place=تجریش, link=https://delta.ir/tehran/buy/apartment/detail/79425>
2025-09-27 11:30:03,567 - INFO - inserted succesfully to apartment table 
2025-09-27 11:30:03,569 - INFO - Saved apartment: <Apartment id=79424, price=14.2 میلیارد تومان, room=دو, area=108, condition=16 ساله, place=هروی, link=https://delta.ir/tehran/buy/apartment/detail/79424>
2025-09-27 11:30:03,599 - INFO - inserted succesfully to apartment table 
2025-09-27 11:30:03,602 - INFO - Saved apartment: <Apartment id=79422, price=25 میلیارد تومان, room=دو, area=121, condition=20 ساله, place=نیاوران, link=https://delta.ir/tehran/buy/apartment/detail/79422>
2025-09-27 11:30:03,641 - INFO - inserted succesfully to apartment table 
2025-09-27 11:30:03,643 - INFO - Saved apartment: <Apartment id=79421, price=32 میلیارد تومان, room=سه, area=160, condition=7 ساله, place=فرمانیه, link=https://delta.ir/tehran/buy/apartment/detail/79421>
2025-09-27 11:30:03,711 - INFO - inserted succesfully to apartment table 
2025-09-27 11:30:03,715 - INFO - Saved apartment: <Apartment id=79420, price=21 میلیارد تومان, room=سه, area=163, condition=بیش از ۲۰ سال ساخت, place=جردن, link=https://delta.ir/tehran/buy/apartment/detail/79420>
2025-09-27 11:30:03,784 - INFO - inserted succesfully to apartment table 
2025-09-27 11:30:03,789 - INFO - Saved apartment: <Apartment id=79416, price=41 میلیارد تومان, room=دو, area=127, condition=بیش از ۲۰ سال ساخت, place=آجودانیه, link=https://delta.ir/tehran/buy/apartment/detail/79416>
2025-09-27 11:30:03,861 - INFO - inserted succesfully to apartment table 
2025-09-27 11:30:03,866 - INFO - Saved apartment: <Apartment id=79415, price=18.4 میلیارد تومان, room=یک, area=84, condition=3 ساله, place=اختیاریه, link=https://delta.ir/tehran/buy/apartment/detail/79415>
2025-09-27 11:30:03,923 - INFO - inserted succesfully to apartment table 
2025-09-27 11:30:03,925 - INFO - Saved apartment: <Apartment id=79412, price=16.5 میلیارد تومان, room=دو, area=115, condition=9 ساله, place=پاسداران, link=https://delta.ir/tehran/buy/apartment/detail/79412>
2025-09-27 11:30:03,961 - INFO - inserted succesfully to apartment table 
2025-09-27 11:30:03,963 - INFO - Saved apartment: <Apartment id=79410, price=17 میلیارد تومان, room=سه, area=132, condition=10 ساله, place=هروی, link=https://delta.ir/tehran/buy/apartment/detail/79410>
2025-09-27 11:30:03,996 - INFO - inserted succesfully to apartment table 
2025-09-27 11:30:03,999 - INFO - Saved apartment: <Apartment id=79407, price=21 میلیارد تومان, room=یک, area=85, condition=10 ساله, place=دروس, link=https://delta.ir/tehran/buy/apartment/detail/79407>
2025-09-27 11:30:04,030 - INFO - inserted succesfully to apartment table 
2025-09-27 11:30:04,032 - INFO - Saved apartment: <Apartment id=79400, price=25 میلیارد تومان, room=سه, area=145, condition=5 ساله, place=دولت (کلاهدو..., link=https://delta.ir/tehran/buy/apartment/detail/79400>
2025-09-27 11:30:04,063 - INFO - inserted succesfully to apartment table 
2025-09-27 11:30:04,065 - INFO - Saved apartment: <Apartment id=79397, price=24 میلیارد تومان, room=دو, area=135, condition=10 ساله, place=سه راه منظری..., link=https://delta.ir/tehran/buy/apartment/detail/79397>
2025-09-27 11:30:04,095 - INFO - inserted succesfully to apartment table 
2025-09-27 11:30:04,099 - INFO - Saved apartment: <Apartment id=79395, price=20.5 میلیارد تومان, room=دو, area=93, condition=نوساز, place=شهرک هما, link=https://delta.ir/tehran/buy/apartment/detail/79395>
2025-09-27 11:30:04,168 - INFO - inserted succesfully to apartment table 
2025-09-27 11:30:04,173 - INFO - Saved apartment: <Apartment id=79392, price=9.8 میلیارد تومان, room=دو, area=80, condition=4 ساله, place=بلوار فردوس, link=https://delta.ir/tehran/buy/apartment/detail/79392>
2025-09-27 11:30:04,245 - INFO - inserted succesfully to apartment table 
2025-09-27 11:30:04,249 - INFO - Saved apartment: <Apartment id=79391, price=9.6 میلیارد تومان, room=دو, area=96, condition=نوساز, place=استاد معین, link=https://delta.ir/tehran/buy/apartment/detail/79391>
2025-09-27 11:30:04,324 - INFO - inserted succesfully to apartment table 
2025-09-27 11:30:07,672 - INFO - Clicked 'More' button
2025-09-27 11:30:07,855 - INFO - Saved apartment: <Apartment id=79309, price=2.8 میلیارد تومان, room=دو, area=53, condition=19 ساله, place=نیکنام, link=https://delta.ir/tehran/buy/apartment/detail/79309>
2025-09-27 11:30:07,878 - INFO - inserted succesfully to apartment table 
2025-09-27 11:30:07,880 - INFO - Saved apartment: <Apartment id=79308, price=22.5 میلیارد تومان, room=سه, area=175, condition=20 ساله, place=پرستار, link=https://delta.ir/tehran/buy/apartment/detail/79308>
2025-09-27 11:30:07,909 - INFO - inserted succesfully to apartment table 
2025-09-27 11:30:07,911 - INFO - Saved apartment: <Apartment id=73194, price=36 میلیارد تومان, room=دو, area=120, condition=3 ساله, place=شهرک غرب, link=https://delta.ir/tehran/buy/apartment/detail/73194>
2025-09-27 11:30:07,947 - INFO - inserted succesfully to apartment table 
2025-09-27 11:30:07,953 - INFO - Saved apartment: <Apartment id=77304, price=40.7 میلیارد تومان, room=سه, area=146, condition=نوساز, place=سعادت آباد, link=https://delta.ir/tehran/buy/apartment/detail/77304>
2025-09-27 11:30:08,020 - INFO - inserted succesfully to apartment table 
2025-09-27 11:30:08,023 - INFO - Saved apartment: <Apartment id=79290, price=42.9 میلیارد تومان, room=سه, area=148, condition=نوساز, place=سعادت آباد, link=https://delta.ir/tehran/buy/apartment/detail/79290>
2025-09-27 11:30:08,057 - INFO - inserted succesfully to apartment table 
2025-09-27 11:30:08,059 - INFO - Saved apartment: <Apartment id=79289, price=43 میلیارد تومان, room=سه, area=150, condition=نوساز, place=سعادت آباد, link=https://delta.ir/tehran/buy/apartment/detail/79289>
2025-09-27 11:30:08,096 - INFO - inserted succesfully to apartment table 
2025-09-27 11:30:08,097 - INFO - Saved apartment: <Apartment id=79288, price=26.9 میلیارد تومان, room=دو, area=130, condition=18 ساله, place=فرمانیه, link=https://delta.ir/tehran/buy/apartment/detail/79288>
2025-09-27 11:30:08,129 - INFO - inserted succesfully to apartment table 
2025-09-27 11:30:08,131 - INFO - Saved apartment: <Apartment id=79287, price=13.2 میلیارد تومان, room=دو, area=105, condition=19 ساله, place=شهرک غرب, link=https://delta.ir/tehran/buy/apartment/detail/79287>
2025-09-27 11:30:08,167 - INFO - inserted succesfully to apartment table 
2025-09-27 11:30:08,169 - INFO - Saved apartment: <Apartment id=79285, price=21.6 میلیارد تومان, room=دو, area=105, condition=14 ساله, place=سعادت آباد, link=https://delta.ir/tehran/buy/apartment/detail/79285>
2025-09-27 11:30:08,201 - INFO - inserted succesfully to apartment table 
2025-09-27 11:30:08,203 - INFO - Saved apartment: <Apartment id=79282, price=10 میلیارد تومان, room=دو, area=65, condition=11 ساله, place=دولت (کلاهدو..., link=https://delta.ir/tehran/buy/apartment/detail/79282>
2025-09-27 11:30:08,239 - INFO - inserted succesfully to apartment table 
2025-09-27 11:30:08,241 - INFO - Saved apartment: <Apartment id=79281, price=20 میلیارد تومان, room=سه, area=130, condition=18 ساله, place=جردن, link=https://delta.ir/tehran/buy/apartment/detail/79281>
2025-09-27 11:30:08,273 - INFO - inserted succesfully to apartment table 
2025-09-27 11:30:08,275 - INFO - Saved apartment: <Apartment id=79276, price=11.5 میلیارد تومان, room=دو, area=65, condition=18 ساله, place=شهرک غرب, link=https://delta.ir/tehran/buy/apartment/detail/79276>
2025-09-27 11:30:08,306 - INFO - inserted succesfully to apartment table 
2025-09-27 11:30:08,308 - INFO - Saved apartment: <Apartment id=79275, price=14.6 میلیارد تومان, room=دو, area=100, condition=8 ساله, place=اختیاریه, link=https://delta.ir/tehran/buy/apartment/detail/79275>
2025-09-27 11:30:08,341 - INFO - inserted succesfully to apartment table 
2025-09-27 11:30:08,343 - INFO - Saved apartment: <Apartment id=79274, price=44.3 میلیارد تومان, room=سه, area=185, condition=18 ساله, place=زعفرانیه, link=https://delta.ir/tehran/buy/apartment/detail/79274>
2025-09-27 11:30:08,375 - INFO - inserted succesfully to apartment table 
2025-09-27 11:30:08,377 - INFO - Saved apartment: <Apartment id=79273, price=25.9 میلیارد تومان, room=سه, area=140, condition=نوساز, place=قیطریه, link=https://delta.ir/tehran/buy/apartment/detail/79273>
2025-09-27 11:30:08,425 - INFO - inserted succesfully to apartment table 
2025-09-27 11:30:08,427 - INFO - Saved apartment: <Apartment id=79272, price=33.5 میلیارد تومان, room=سه, area=220, condition=6 ساله, place=پاسداران, link=https://delta.ir/tehran/buy/apartment/detail/79272>
2025-09-27 11:30:08,478 - INFO - inserted succesfully to apartment table 
2025-09-27 11:30:11,818 - INFO - Clicked 'More' button
2025-09-27 11:30:11,972 - INFO - Saved apartment: <Apartment id=79240, price=15.5 میلیارد تومان, room=دو, area=115, condition=5 ساله, place=مرزداران, link=https://delta.ir/tehran/buy/apartment/detail/79240>
2025-09-27 11:30:12,006 - INFO - inserted succesfully to apartment table 
2025-09-27 11:30:12,008 - INFO - Saved apartment: <Apartment id=79237, price=2 میلیارد تومان, room=یک, area=37, condition=16 ساله, place=زرکش, link=https://delta.ir/tehran/buy/apartment/detail/79237>
2025-09-27 11:30:12,038 - INFO - inserted succesfully to apartment table 
2025-09-27 11:30:12,039 - INFO - Saved apartment: <Apartment id=79236, price=19 میلیارد تومان, room=سه, area=164, condition=15 ساله, place=شهرک هما, link=https://delta.ir/tehran/buy/apartment/detail/79236>
2025-09-27 11:30:12,087 - INFO - inserted succesfully to apartment table 
2025-09-27 11:30:12,091 - INFO - Saved apartment: <Apartment id=79234, price=9.2 میلیارد تومان, room=دو, area=100, condition=7 ساله, place=تسلیحات, link=https://delta.ir/tehran/buy/apartment/detail/79234>
2025-09-27 11:30:12,160 - INFO - inserted succesfully to apartment table 
2025-09-27 11:30:12,165 - INFO - Saved apartment: <Apartment id=79233, price=8.5 میلیارد تومان, room=یک, area=61, condition=17 ساله, place=شهرک هما, link=https://delta.ir/tehran/buy/apartment/detail/79233>
2025-09-27 11:30:12,241 - INFO - inserted succesfully to apartment table 
2025-09-27 11:30:12,246 - INFO - Saved apartment: <Apartment id=79231, price=86 میلیارد تومان, room=سه, area=268, condition=نوساز, place=جمشیدیه-جمار..., link=https://delta.ir/tehran/buy/apartment/detail/79231>
2025-09-27 11:30:12,319 - INFO - inserted succesfully to apartment table 
2025-09-27 11:30:12,323 - INFO - Saved apartment: <Apartment id=79229, price=8 میلیارد تومان, room=دو, area=65, condition=20 ساله, place=جنت آباد جنو..., link=https://delta.ir/tehran/buy/apartment/detail/79229>
2025-09-27 11:30:12,381 - INFO - inserted succesfully to apartment table 
2025-09-27 11:30:12,383 - INFO - Saved apartment: <Apartment id=79227, price=4.5 میلیارد تومان, room=یک, area=54, condition=8 ساله, place=وحیدیه, link=https://delta.ir/tehran/buy/apartment/detail/79227>
2025-09-27 11:30:12,413 - INFO - inserted succesfully to apartment table 
2025-09-27 11:30:12,415 - INFO - Saved apartment: <Apartment id=79226, price=7.3 میلیارد تومان, room=یک, area=63, condition=15 ساله, place=بلوار فردوس, link=https://delta.ir/tehran/buy/apartment/detail/79226>
2025-09-27 11:30:12,446 - INFO - inserted succesfully to apartment table 
2025-09-27 11:30:12,451 - INFO - Saved apartment: <Apartment id=79225, price=2.7 میلیارد تومان, room=یک, area=47, condition=بیش از ۲۰ سال ساخت, place=وحیدیه, link=https://delta.ir/tehran/buy/apartment/detail/79225>
2025-09-27 11:30:12,526 - INFO - inserted succesfully to apartment table 
2025-09-27 11:30:12,530 - INFO - Saved apartment: <Apartment id=79223, price=7.3 میلیارد تومان, room=یک, area=62, condition=8 ساله, place=بلوار فردوس, link=https://delta.ir/tehran/buy/apartment/detail/79223>
2025-09-27 11:30:12,604 - INFO - inserted succesfully to apartment table 
2025-09-27 11:30:12,610 - INFO - Saved apartment: <Apartment id=79219, price=16.2 میلیارد تومان, room=دو, area=90, condition=نوساز, place=ظفر, link=https://delta.ir/tehran/buy/apartment/detail/79219>
2025-09-27 11:30:12,682 - INFO - inserted succesfully to apartment table 
2025-09-27 11:30:12,686 - INFO - Saved apartment: <Apartment id=79218, price=9 میلیارد تومان, room=یک, area=60, condition=نوساز, place=ظفر, link=https://delta.ir/tehran/buy/apartment/detail/79218>
2025-09-27 11:30:12,763 - INFO - inserted succesfully to apartment table 
2025-09-27 11:30:12,767 - INFO - Saved apartment: <Apartment id=79216, price=3.2 میلیارد تومان, room=یک, area=49, condition=10 ساله, place=وحیدیه, link=https://delta.ir/tehran/buy/apartment/detail/79216>
2025-09-27 11:30:12,835 - INFO - inserted succesfully to apartment table 
2025-09-27 11:30:12,839 - INFO - Saved apartment: <Apartment id=79213, price=40 میلیارد تومان, room=چهار, area=260, condition=بیش از ۲۰ سال ساخت, place=جردن, link=https://delta.ir/tehran/buy/apartment/detail/79213>
2025-09-27 11:30:12,907 - INFO - inserted succesfully to apartment table 
2025-09-27 11:30:12,912 - INFO - Saved apartment: <Apartment id=79212, price=12 میلیارد تومان, room=دو, area=65, condition=19 ساله, place=شهرک غرب, link=https://delta.ir/tehran/buy/apartment/detail/79212>
2025-09-27 11:30:12,982 - INFO - inserted succesfully to apartment table 
2025-09-27 11:30:16,319 - INFO - Clicked 'More' button
2025-09-27 11:30:16,503 - INFO - Saved apartment: <Apartment id=79170, price=31 میلیارد تومان, room=دو, area=115, condition=نوساز, place=سعادت آباد, link=https://delta.ir/tehran/buy/apartment/detail/79170>
2025-09-27 11:30:16,526 - INFO - inserted succesfully to apartment table 
2025-09-27 11:30:16,528 - INFO - Saved apartment: <Apartment id=79169, price=120 میلیارد تومان, room=سه, area=240, condition=نوساز, place=شهرک غرب, link=https://delta.ir/tehran/buy/apartment/detail/79169>
2025-09-27 11:30:16,557 - INFO - inserted succesfully to apartment table 
2025-09-27 11:30:16,559 - INFO - Saved apartment: <Apartment id=79165, price=37 میلیارد تومان, room=سه, area=150, condition=3 ساله, place=قیطریه, link=https://delta.ir/tehran/buy/apartment/detail/79165>
2025-09-27 11:30:16,589 - INFO - inserted succesfully to apartment table 
2025-09-27 11:30:16,592 - INFO - Saved apartment: <Apartment id=79161, price=25 میلیارد تومان, room=دو, area=130, condition=3 ساله, place=نیاوران, link=https://delta.ir/tehran/buy/apartment/detail/79161>
2025-09-27 11:30:16,623 - INFO - inserted succesfully to apartment table 
2025-09-27 11:30:16,628 - INFO - Saved apartment: <Apartment id=79160, price=2.5 میلیارد تومان, room=یک, area=39, condition=20 ساله, place=آگاهی, link=https://delta.ir/tehran/buy/apartment/detail/79160>
2025-09-27 11:30:16,695 - INFO - inserted succesfully to apartment table 
2025-09-27 11:30:16,699 - INFO - Saved apartment: <Apartment id=78837, price=15.9 میلیارد تومان, room=دو, area=103, condition=3 ساله, place=هروی, link=https://delta.ir/tehran/buy/apartment/detail/78837>
2025-09-27 11:30:16,766 - INFO - inserted succesfully to apartment table 
2025-09-27 11:30:16,771 - INFO - Saved apartment: <Apartment id=79155, price=15.6 میلیارد تومان, room=دو, area=118, condition=2 ساله, place=بهار شیراز, link=https://delta.ir/tehran/buy/apartment/detail/79155>
2025-09-27 11:30:16,842 - INFO - inserted succesfully to apartment table 
2025-09-27 11:30:16,846 - INFO - Saved apartment: <Apartment id=79153, price=4.1 میلیارد تومان, room=دو, area=80, condition=بیش از ۲۰ سال ساخت, place=شهرک ولیعصر, link=https://delta.ir/tehran/buy/apartment/detail/79153>
2025-09-27 11:30:16,920 - INFO - inserted succesfully to apartment table 
2025-09-27 11:30:16,924 - INFO - Saved apartment: <Apartment id=79141, price=40 میلیارد تومان, room=چهار, area=246, condition=بیش از ۲۰ سال ساخت, place=جردن, link=https://delta.ir/tehran/buy/apartment/detail/79141>
2025-09-27 11:30:16,995 - INFO - inserted succesfully to apartment table 
2025-09-27 11:30:16,999 - INFO - Saved apartment: <Apartment id=79140, price=75 میلیارد تومان, room=سه, area=250, condition=نوساز, place=جردن, link=https://delta.ir/tehran/buy/apartment/detail/79140>
2025-09-27 11:30:17,071 - INFO - inserted succesfully to apartment table 
2025-09-27 11:30:17,075 - INFO - Saved apartment: <Apartment id=79139, price=60 میلیارد تومان, room=سه, area=200, condition=نوساز, place=جردن, link=https://delta.ir/tehran/buy/apartment/detail/79139>
2025-09-27 11:30:17,137 - INFO - inserted succesfully to apartment table 
2025-09-27 11:30:17,140 - INFO - Saved apartment: <Apartment id=79137, price=38.3 میلیارد تومان, room=سه, area=213, condition=10 ساله, place=جردن, link=https://delta.ir/tehran/buy/apartment/detail/79137>
2025-09-27 11:30:17,173 - INFO - inserted succesfully to apartment table 
2025-09-27 11:30:17,175 - INFO - Saved apartment: <Apartment id=79133, price=26 میلیارد تومان, room=دو, area=115, condition=نوساز, place=پاسداران, link=https://delta.ir/tehran/buy/apartment/detail/79133>
2025-09-27 11:30:17,205 - INFO - inserted succesfully to apartment table 
2025-09-27 11:30:17,208 - INFO - Saved apartment: <Apartment id=79127, price=35 میلیارد تومان, room=سه, area=190, condition=15 ساله, place=پاسداران - ض..., link=https://delta.ir/tehran/buy/apartment/detail/79127>
2025-09-27 11:30:17,241 - INFO - inserted succesfully to apartment table 
2025-09-27 11:30:17,243 - INFO - Saved apartment: <Apartment id=79122, price=25.6 میلیارد تومان, room=دو, area=115, condition=نوساز, place=الهیه, link=https://delta.ir/tehran/buy/apartment/detail/79122>
2025-09-27 11:30:17,276 - INFO - inserted succesfully to apartment table 
2025-09-27 11:30:17,278 - INFO - Saved apartment: <Apartment id=78418, price=43 میلیارد تومان, room=چهار, area=250, condition=19 ساله, place=جردن, link=https://delta.ir/tehran/buy/apartment/detail/78418>
2025-09-27 11:30:17,315 - INFO - inserted succesfully to apartment table 
2025-09-27 11:30:20,652 - INFO - Clicked 'More' button
2025-09-27 11:30:20,828 - INFO - Saved apartment: <Apartment id=79065, price=9 میلیارد تومان, room=یک, area=65, condition=7 ساله, place=بهار شیراز, link=https://delta.ir/tehran/buy/apartment/detail/79065>
2025-09-27 11:30:20,851 - INFO - inserted succesfully to apartment table 
2025-09-27 11:30:20,855 - INFO - Saved apartment: <Apartment id=79063, price=21.6 میلیارد تومان, room=دو, area=107, condition=18 ساله, place=سعادت آباد, link=https://delta.ir/tehran/buy/apartment/detail/79063>
2025-09-27 11:30:20,891 - INFO - inserted succesfully to apartment table 
2025-09-27 11:30:20,892 - INFO - Saved apartment: <Apartment id=79062, price=32 میلیارد تومان, room=دو, area=115, condition=9 ساله, place=جردن, link=https://delta.ir/tehran/buy/apartment/detail/79062>
2025-09-27 11:30:20,923 - INFO - inserted succesfully to apartment table 
2025-09-27 11:30:20,925 - INFO - Saved apartment: <Apartment id=78823, price=20 میلیارد تومان, room=سه, area=140, condition=2 ساله, place=هروی, link=https://delta.ir/tehran/buy/apartment/detail/78823>
2025-09-27 11:30:20,964 - INFO - inserted succesfully to apartment table 
2025-09-27 11:30:20,969 - INFO - Saved apartment: <Apartment id=79061, price=23 میلیارد تومان, room=سه, area=145, condition=بیش از ۲۰ سال ساخت, place=جردن, link=https://delta.ir/tehran/buy/apartment/detail/79061>
2025-09-27 11:30:21,040 - INFO - inserted succesfully to apartment table 
2025-09-27 11:30:21,044 - INFO - Saved apartment: <Apartment id=79056, price=25 میلیارد تومان, room=دو, area=120, condition=13 ساله, place=جردن, link=https://delta.ir/tehran/buy/apartment/detail/79056>
2025-09-27 11:30:21,112 - INFO - inserted succesfully to apartment table 
2025-09-27 11:30:21,117 - INFO - Saved apartment: <Apartment id=79055, price=24 میلیارد تومان, room=سه, area=120, condition=7 ساله, place=جردن, link=https://delta.ir/tehran/buy/apartment/detail/79055>
2025-09-27 11:30:21,220 - INFO - inserted succesfully to apartment table 
2025-09-27 11:30:21,229 - INFO - Saved apartment: <Apartment id=78508, price=16.7 میلیارد تومان, room=دو, area=90, condition=14 ساله, place=جردن, link=https://delta.ir/tehran/buy/apartment/detail/78508>
2025-09-27 11:30:21,328 - INFO - inserted succesfully to apartment table 
2025-09-27 11:30:21,332 - INFO - Saved apartment: <Apartment id=79048, price=18.5 میلیارد تومان, room=دو, area=100, condition=نوساز, place=جردن, link=https://delta.ir/tehran/buy/apartment/detail/79048>
2025-09-27 11:30:21,399 - INFO - inserted succesfully to apartment table 
2025-09-27 11:30:21,401 - INFO - Saved apartment: <Apartment id=79033, price=11.9 میلیارد تومان, room=یک, area=50, condition=نوساز, place=ظفر, link=https://delta.ir/tehran/buy/apartment/detail/79033>
2025-09-27 11:30:21,450 - INFO - inserted succesfully to apartment table 
2025-09-27 11:30:21,453 - INFO - Saved apartment: <Apartment id=79028, price=31.5 میلیارد تومان, room=چهار, area=190, condition=14 ساله, place=سوهانک, link=https://delta.ir/tehran/buy/apartment/detail/79028>
2025-09-27 11:30:21,498 - INFO - inserted succesfully to apartment table 
2025-09-27 11:30:21,501 - INFO - Saved apartment: <Apartment id=79023, price=20.5 میلیارد تومان, room=سه, area=171, condition=13 ساله, place=کریمخان, link=https://delta.ir/tehran/buy/apartment/detail/79023>
2025-09-27 11:30:21,547 - INFO - inserted succesfully to apartment table 
2025-09-27 11:30:21,550 - INFO - Saved apartment: <Apartment id=79022, price=23 میلیارد تومان, room=دو, area=125, condition=16 ساله, place=سعادت آباد, link=https://delta.ir/tehran/buy/apartment/detail/79022>
2025-09-27 11:30:21,597 - INFO - inserted succesfully to apartment table 
2025-09-27 11:30:21,599 - INFO - Saved apartment: <Apartment id=79017, price=15.3 میلیارد تومان, room=سه, area=132, condition=8 ساله, place=امامت, link=https://delta.ir/tehran/buy/apartment/detail/79017>
2025-09-27 11:30:21,645 - INFO - inserted succesfully to apartment table 
2025-09-27 11:30:21,648 - INFO - Saved apartment: <Apartment id=79016, price=2.4 میلیارد تومان, room=یک, area=55, condition=11 ساله, place=یافت آباد, link=https://delta.ir/tehran/buy/apartment/detail/79016>
2025-09-27 11:30:21,692 - INFO - inserted succesfully to apartment table 
2025-09-27 11:30:21,695 - INFO - Saved apartment: <Apartment id=79014, price=21.7 میلیارد تومان, room=دو, area=106, condition=16 ساله, place=سعادت آباد, link=https://delta.ir/tehran/buy/apartment/detail/79014>
2025-09-27 11:30:21,740 - INFO - inserted succesfully to apartment table 
2025-09-27 11:30:25,045 - INFO - Clicked 'More' button
2025-09-27 11:30:25,232 - INFO - Saved apartment: <Apartment id=78985, price=53 میلیارد تومان, room=سه, area=182, condition=نوساز, place=جردن, link=https://delta.ir/tehran/buy/apartment/detail/78985>
2025-09-27 11:30:25,255 - INFO - inserted succesfully to apartment table 
2025-09-27 11:30:25,257 - INFO - Saved apartment: <Apartment id=78984, price=7.2 میلیارد تومان, room=یک, area=65, condition=6 ساله, place=بلوار فردوس, link=https://delta.ir/tehran/buy/apartment/detail/78984>
2025-09-27 11:30:25,287 - INFO - inserted succesfully to apartment table 
2025-09-27 11:30:25,290 - INFO - Saved apartment: <Apartment id=78983, price=7.3 میلیارد تومان, room=یک, area=65, condition=10 ساله, place=ارم, link=https://delta.ir/tehran/buy/apartment/detail/78983>
2025-09-27 11:30:25,331 - INFO - inserted succesfully to apartment table 
2025-09-27 11:30:25,335 - INFO - Saved apartment: <Apartment id=78982, price=5 میلیارد تومان, room=یک, area=45, condition=14 ساله, place=شریعتی-پلیس, link=https://delta.ir/tehran/buy/apartment/detail/78982>
2025-09-27 11:30:25,376 - INFO - inserted succesfully to apartment table 
2025-09-27 11:30:25,380 - INFO - Saved apartment: <Apartment id=78981, price=7.5 میلیارد تومان, room=یک, area=66, condition=10 ساله, place=سازمان برنام..., link=https://delta.ir/tehran/buy/apartment/detail/78981>
2025-09-27 11:30:25,432 - INFO - inserted succesfully to apartment table 
2025-09-27 11:30:25,436 - INFO - Saved apartment: <Apartment id=78980, price=7.4 میلیارد تومان, room=یک, area=67, condition=9 ساله, place=شهرک پرواز, link=https://delta.ir/tehran/buy/apartment/detail/78980>
2025-09-27 11:30:25,518 - INFO - inserted succesfully to apartment table 
2025-09-27 11:30:25,523 - INFO - Saved apartment: <Apartment id=78977, price=16.6 میلیارد تومان, room=دو, area=123, condition=5 ساله, place=پاسداران, link=https://delta.ir/tehran/buy/apartment/detail/78977>
2025-09-27 11:30:25,596 - INFO - inserted succesfully to apartment table 
2025-09-27 11:30:25,602 - INFO - Saved apartment: <Apartment id=77786, price=22.8 میلیارد تومان, room=دو, area=80, condition=نوساز, place=قیطریه, link=https://delta.ir/tehran/buy/apartment/detail/77786>
2025-09-27 11:30:25,696 - INFO - inserted succesfully to apartment table 
2025-09-27 11:30:25,703 - INFO - Saved apartment: <Apartment id=71587, price=4.1 میلیارد تومان, room=سه, area=120, condition=1 ساله, place=آبشار (منطقه..., link=https://delta.ir/tehran/buy/apartment/detail/71587>
2025-09-27 11:30:25,789 - INFO - inserted succesfully to apartment table 
2025-09-27 11:30:25,794 - INFO - Saved apartment: <Apartment id=78971, price=30 میلیارد تومان, room=سه, area=145, condition=7 ساله, place=جردن, link=https://delta.ir/tehran/buy/apartment/detail/78971>
2025-09-27 11:30:25,892 - INFO - inserted succesfully to apartment table 
2025-09-27 11:30:25,897 - INFO - Saved apartment: <Apartment id=78378, price=6.5 میلیارد تومان, room=یک, area=62, condition=6 ساله, place=جنت آباد جنو..., link=https://delta.ir/tehran/buy/apartment/detail/78378>
2025-09-27 11:30:25,983 - INFO - inserted succesfully to apartment table 
2025-09-27 11:30:25,989 - INFO - Saved apartment: <Apartment id=78965, price=6.3 میلیارد تومان, room=سه, area=103, condition=19 ساله, place=خوشیاران, link=https://delta.ir/tehran/buy/apartment/detail/78965>
2025-09-27 11:30:26,096 - INFO - inserted succesfully to apartment table 
2025-09-27 11:30:26,100 - INFO - Saved apartment: <Apartment id=78963, price=52.9 میلیارد تومان, room=سه, area=168, condition=نوساز, place=شهرک غرب, link=https://delta.ir/tehran/buy/apartment/detail/78963>
2025-09-27 11:30:26,204 - INFO - inserted succesfully to apartment table 
2025-09-27 11:30:26,209 - INFO - Saved apartment: <Apartment id=78962, price=7.1 میلیارد تومان, room=دو, area=125, condition=نوساز, place=چیتگر, link=https://delta.ir/tehran/buy/apartment/detail/78962>
2025-09-27 11:30:26,298 - INFO - inserted succesfully to apartment table 
2025-09-27 11:30:26,303 - INFO - Saved apartment: <Apartment id=78961, price=39 میلیارد تومان, room=چهار, area=230, condition=16 ساله, place=فرمانیه, link=https://delta.ir/tehran/buy/apartment/detail/78961>
2025-09-27 11:30:26,402 - INFO - inserted succesfully to apartment table 
2025-09-27 11:30:26,407 - INFO - Saved apartment: <Apartment id=78960, price=32 میلیارد تومان, room=دو, area=115, condition=10 ساله, place=جردن, link=https://delta.ir/tehran/buy/apartment/detail/78960>
2025-09-27 11:30:26,506 - INFO - inserted succesfully to apartment table 
2025-09-27 11:30:30,161 - INFO - Clicked 'More' button
2025-09-27 11:30:30,307 - INFO - Saved apartment: <Apartment id=78915, price=17 میلیارد تومان, room=دو, area=88, condition=14 ساله, place=جردن, link=https://delta.ir/tehran/buy/apartment/detail/78915>
2025-09-27 11:30:30,337 - INFO - inserted succesfully to apartment table 
2025-09-27 11:30:30,341 - INFO - Saved apartment: <Apartment id=78913, price=22 میلیارد تومان, room=دو, area=133, condition=بیش از ۲۰ سال ساخت, place=جردن, link=https://delta.ir/tehran/buy/apartment/detail/78913>
2025-09-27 11:30:30,382 - INFO - inserted succesfully to apartment table 
2025-09-27 11:30:30,385 - INFO - Saved apartment: <Apartment id=78911, price=64 میلیارد تومان, room=سه, area=200, condition=4 ساله, place=جردن, link=https://delta.ir/tehran/buy/apartment/detail/78911>
2025-09-27 11:30:30,423 - INFO - inserted succesfully to apartment table 
2025-09-27 11:30:30,425 - INFO - Saved apartment: <Apartment id=78906, price=21.5 میلیارد تومان, room=دو, area=130, condition=3 ساله, place=هروی, link=https://delta.ir/tehran/buy/apartment/detail/78906>
2025-09-27 11:30:30,463 - INFO - inserted succesfully to apartment table 
2025-09-27 11:30:30,466 - INFO - Saved apartment: <Apartment id=78899, price=10.6 میلیارد تومان, room=دو, area=83, condition=بیش از ۲۰ سال ساخت, place=اراج-گلزار, link=https://delta.ir/tehran/buy/apartment/detail/78899>
2025-09-27 11:30:30,510 - INFO - inserted succesfully to apartment table 
2025-09-27 11:30:30,513 - INFO - Saved apartment: <Apartment id=78896, price=3.9 میلیارد تومان, room=دو, area=65, condition=6 ساله, place=جنت آباد شما..., link=https://delta.ir/tehran/buy/apartment/detail/78896>
2025-09-27 11:30:30,550 - INFO - inserted succesfully to apartment table 
2025-09-27 11:30:31,584 - INFO - No more button found. End of listings.
2025-09-27 11:30:32,898 - INFO - Scraping finished. Total 176 apartments collected.
2025-09-27 11:38:24,390 - INFO - Saved apartment: <Apartment id=78100, price=32.5 میلیارد تومان, room=دو, area=95, condition=6 ساله, place=شهرک غرب, link=https://delta.ir/detail/78100>
2025-09-27 11:38:24,439 - INFO - inserted succesfully to apartment table 
2025-09-27 11:38:24,444 - INFO - Saved apartment: <Apartment id=78307, price=29.9 میلیارد تومان, room=دو, area=107, condition=1 ساله, place=شهرک غرب, link=https://delta.ir/detail/78307>
2025-09-27 11:38:24,510 - INFO - inserted succesfully to apartment table 
2025-09-27 11:38:24,518 - INFO - Saved apartment: <Apartment id=79843, price=7.5 میلیارد تومان, room=یک, area=66, condition=5 ساله, place=بلوار فردوس, link=https://delta.ir/detail/79843>
2025-09-27 11:38:24,589 - INFO - inserted succesfully to apartment table 
2025-09-27 11:38:24,598 - INFO - Saved apartment: <Apartment id=79842, price=18 میلیارد تومان, room=دو, area=90, condition=3 ساله, place=دولت (کلاهدو..., link=https://delta.ir/detail/79842>
2025-09-27 11:38:24,664 - INFO - inserted succesfully to apartment table 
2025-09-27 11:38:24,673 - INFO - Saved apartment: <Apartment id=79841, price=21.6 میلیارد تومان, room=دو, area=120, condition=13 ساله, place=شهرک غرب, link=https://delta.ir/detail/79841>
2025-09-27 11:38:24,726 - INFO - inserted succesfully to apartment table 
2025-09-27 11:38:24,729 - INFO - Saved apartment: <Apartment id=79839, price=43.5 میلیارد تومان, room=سه, area=140, condition=1 ساله, place=شهرک غرب, link=https://delta.ir/detail/79839>
2025-09-27 11:38:24,763 - INFO - inserted succesfully to apartment table 
2025-09-27 11:38:24,766 - INFO - Saved apartment: <Apartment id=72658, price=56 میلیارد تومان, room=سه, area=220, condition=5 ساله, place=شهرک غرب, link=https://delta.ir/detail/72658>
2025-09-27 11:38:24,804 - INFO - inserted succesfully to apartment table 
2025-09-27 11:38:24,808 - INFO - Saved apartment: <Apartment id=72661, price=32 میلیارد تومان, room=سه, area=147, condition=4 ساله, place=سعادت آباد, link=https://delta.ir/detail/72661>
2025-09-27 11:38:24,857 - INFO - inserted succesfully to apartment table 
2025-09-27 11:38:24,859 - INFO - Saved apartment: <Apartment id=79838, price=16.8 میلیارد تومان, room=دو, area=90, condition=14 ساله, place=جردن, link=https://delta.ir/detail/79838>
2025-09-27 11:38:24,894 - INFO - inserted succesfully to apartment table 
2025-09-27 11:38:24,897 - INFO - Saved apartment: <Apartment id=79836, price=13.8 میلیارد تومان, room=دو, area=76, condition=11 ساله, place=سعادت آباد, link=https://delta.ir/detail/79836>
2025-09-27 11:38:24,931 - INFO - inserted succesfully to apartment table 
2025-09-27 11:38:28,158 - INFO - Clicked 'More' button
2025-09-27 11:38:28,539 - INFO - Saved apartment: <Apartment id=79791, price=25.6 میلیارد تومان, room=دو, area=114, condition=نوساز, place=الهیه, link=https://delta.ir/detail/79791>
2025-09-27 11:38:28,627 - INFO - inserted succesfully to apartment table 
2025-09-27 11:38:28,632 - INFO - Saved apartment: <Apartment id=79790, price=25 میلیارد تومان, room=دو, area=125, condition=نوساز, place=میرداماد, link=https://delta.ir/detail/79790>
2025-09-27 11:38:28,711 - INFO - inserted succesfully to apartment table 
2025-09-27 11:38:28,713 - INFO - Saved apartment: <Apartment id=79138, price=13.5 میلیارد تومان, room=دو, area=95, condition=20 ساله, place=میرداماد, link=https://delta.ir/detail/79138>
2025-09-27 11:38:28,766 - INFO - inserted succesfully to apartment table 
2025-09-27 11:38:28,773 - INFO - Saved apartment: <Apartment id=79143, price=32.8 میلیارد تومان, room=سه, area=193, condition=1 ساله, place=ظفر, link=https://delta.ir/detail/79143>
2025-09-27 11:38:28,847 - INFO - inserted succesfully to apartment table 
2025-09-27 11:38:28,851 - INFO - Saved apartment: <Apartment id=79781, price=6.7 میلیارد تومان, room=یک, area=69, condition=بیش از ۲۰ سال ساخت, place=توحید, link=https://delta.ir/detail/79781>
2025-09-27 11:38:28,922 - INFO - inserted succesfully to apartment table 
2025-09-27 11:38:28,927 - INFO - Saved apartment: <Apartment id=79776, price=18.7 میلیارد تومان, room=دو, area=97, condition=15 ساله, place=قیطریه, link=https://delta.ir/detail/79776>
2025-09-27 11:38:29,015 - INFO - inserted succesfully to apartment table 
2025-09-27 11:38:29,019 - INFO - Saved apartment: <Apartment id=79775, price=21.5 میلیارد تومان, room=دو, area=95, condition=2 ساله, place=فرمانیه, link=https://delta.ir/detail/79775>
2025-09-27 11:38:29,093 - INFO - inserted succesfully to apartment table 
2025-09-27 11:38:29,097 - INFO - Saved apartment: <Apartment id=79769, price=6.3 میلیارد تومان, room=دو, area=63.5, condition=بیش از ۲۰ سال ساخت, place=پونک, link=https://delta.ir/detail/79769>
2025-09-27 11:38:29,167 - INFO - inserted succesfully to apartment table 
2025-09-27 11:38:29,172 - INFO - Saved apartment: <Apartment id=79768, price=8 میلیارد تومان, room=دو, area=80, condition=14 ساله, place=بلوار فردوس, link=https://delta.ir/detail/79768>
2025-09-27 11:41:11,875 - INFO - No more button found. End of listings.
2025-09-27 11:41:13,105 - INFO - Scraping finished. Total 0 apartments collected.
2025-09-27 11:42:26,825 - INFO - No more button found. End of listings.
2025-09-27 11:42:28,380 - INFO - Scraping finished. Total 0 apartments collected.
2025-09-27 11:43:03,724 - INFO - database apartment created succesfully
2025-09-27 11:43:03,866 - INFO - created the TABLE seccefully
2025-09-27 11:43:42,209 - INFO - Clicked 'More' button
2025-09-27 11:43:42,456 - INFO - Saved apartment: <Apartment id=78100, price=32.5 میلیارد تومان, room=دو, area=95, condition=6 ساله, place=شهرک غرب, link=https://delta.ir/detail/78100>
2025-09-27 11:43:42,565 - INFO - inserted succesfully to apartment table 
2025-09-27 11:43:42,569 - INFO - Saved apartment: <Apartment id=78307, price=29.9 میلیارد تومان, room=دو, area=107, condition=1 ساله, place=شهرک غرب, link=https://delta.ir/detail/78307>
2025-09-27 11:43:42,648 - INFO - inserted succesfully to apartment table 
2025-09-27 11:43:42,656 - INFO - Saved apartment: <Apartment id=79843, price=7.5 میلیارد تومان, room=یک, area=66, condition=5 ساله, place=بلوار فردوس, link=https://delta.ir/detail/79843>
2025-09-27 11:43:42,761 - INFO - inserted succesfully to apartment table 
2025-09-27 11:43:42,765 - INFO - Saved apartment: <Apartment id=79842, price=18 میلیارد تومان, room=دو, area=90, condition=3 ساله, place=دولت (کلاهدو..., link=https://delta.ir/detail/79842>
2025-09-27 11:43:42,852 - INFO - inserted succesfully to apartment table 
2025-09-27 11:43:42,855 - INFO - Saved apartment: <Apartment id=79841, price=21.6 میلیارد تومان, room=دو, area=120, condition=13 ساله, place=شهرک غرب, link=https://delta.ir/detail/79841>
2025-09-27 11:43:42,939 - INFO - inserted succesfully to apartment table 
2025-09-27 11:43:42,945 - INFO - Saved apartment: <Apartment id=79839, price=43.5 میلیارد تومان, room=سه, area=140, condition=1 ساله, place=شهرک غرب, link=https://delta.ir/detail/79839>
2025-09-27 11:43:43,047 - INFO - inserted succesfully to apartment table 
2025-09-27 11:43:43,053 - INFO - Saved apartment: <Apartment id=72658, price=56 میلیارد تومان, room=سه, area=220, condition=5 ساله, place=شهرک غرب, link=https://delta.ir/detail/72658>
2025-09-27 11:43:43,146 - INFO - inserted succesfully to apartment table 
2025-09-27 11:43:43,152 - INFO - Saved apartment: <Apartment id=72661, price=32 میلیارد تومان, room=سه, area=147, condition=4 ساله, place=سعادت آباد, link=https://delta.ir/detail/72661>
2025-09-27 11:43:43,233 - INFO - inserted succesfully to apartment table 
2025-09-27 11:43:43,240 - INFO - Saved apartment: <Apartment id=79838, price=16.8 میلیارد تومان, room=دو, area=90, condition=14 ساله, place=جردن, link=https://delta.ir/detail/79838>
2025-09-27 11:43:43,329 - INFO - inserted succesfully to apartment table 
2025-09-27 11:43:43,333 - INFO - Saved apartment: <Apartment id=79836, price=13.8 میلیارد تومان, room=دو, area=76, condition=11 ساله, place=سعادت آباد, link=https://delta.ir/detail/79836>
2025-09-27 11:43:43,421 - INFO - inserted succesfully to apartment table 
2025-09-27 11:43:43,426 - INFO - Saved apartment: <Apartment id=79835, price=5.5 میلیارد تومان, room=دو, area=83, condition=10 ساله, place=سنگلج, link=https://delta.ir/detail/79835>
2025-09-27 11:43:43,504 - INFO - inserted succesfully to apartment table 
2025-09-27 11:43:43,510 - INFO - Saved apartment: <Apartment id=79828, price=13.2 میلیارد تومان, room=دو, area=110, condition=بیش از ۲۰ سال ساخت, place=ظفر, link=https://delta.ir/detail/79828>
2025-09-27 11:43:43,588 - INFO - inserted succesfully to apartment table 
2025-09-27 11:43:43,593 - INFO - Saved apartment: <Apartment id=79819, price=7.1 میلیارد تومان, room=دو, area=70, condition=بیش از ۲۰ سال ساخت, place=شمس آباد (من..., link=https://delta.ir/detail/79819>
2025-09-27 11:43:43,679 - INFO - inserted succesfully to apartment table 
2025-09-27 11:43:43,684 - INFO - Saved apartment: <Apartment id=79815, price=7 میلیارد تومان, room=دو, area=74, condition=10 ساله, place=نیروی هوایی, link=https://delta.ir/detail/79815>
2025-09-27 11:43:43,768 - INFO - inserted succesfully to apartment table 
2025-09-27 11:43:43,772 - INFO - Saved apartment: <Apartment id=79813, price=3.7 میلیارد تومان, room=یک, area=70, condition=2 ساله, place=دولتخواه, link=https://delta.ir/detail/79813>
2025-09-27 11:43:43,861 - INFO - inserted succesfully to apartment table 
2025-09-27 11:43:43,865 - INFO - Saved apartment: <Apartment id=78627, price=72.9 میلیارد تومان, room=سه, area=210, condition=7 ساله, place=فرمانیه, link=https://delta.ir/detail/78627>
2025-09-27 11:43:43,946 - INFO - inserted succesfully to apartment table 
2025-09-27 11:43:43,950 - INFO - Saved apartment: <Apartment id=79799, price=36 میلیارد تومان, room=سه, area=208, condition=20 ساله, place=نیاوران, link=https://delta.ir/detail/79799>
2025-09-27 11:43:44,046 - INFO - inserted succesfully to apartment table 
2025-09-27 11:43:44,056 - INFO - Saved apartment: <Apartment id=79797, price=36.9 میلیارد تومان, room=سه, area=210, condition=19 ساله, place=سعادت آباد, link=https://delta.ir/detail/79797>
2025-09-27 11:43:44,187 - INFO - inserted succesfully to apartment table 
2025-09-27 11:43:44,201 - INFO - Saved apartment: <Apartment id=79794, price=2.6 میلیارد تومان, room=یک, area=48, condition=5 ساله, place=خاوران, link=https://delta.ir/detail/79794>
2025-09-27 11:43:44,402 - INFO - inserted succesfully to apartment table 
2025-09-27 11:43:44,408 - INFO - Saved apartment: <Apartment id=78874, price=19.5 میلیارد تومان, room=سه, area=132, condition=13 ساله, place=سعادت آباد, link=https://delta.ir/detail/78874>
2025-09-27 11:43:44,465 - INFO - inserted succesfully to apartment table 
2025-09-27 11:43:48,193 - INFO - Clicked 'More' button
2025-09-27 11:43:48,705 - INFO - Saved apartment: <Apartment id=79076, price=19.5 میلیارد تومان, room=سه, area=131, condition=14 ساله, place=سعادت آباد, link=https://delta.ir/detail/79076>
2025-09-27 11:43:48,782 - INFO - inserted succesfully to apartment table 
2025-09-27 11:43:48,789 - INFO - Saved apartment: <Apartment id=79081, price=20.8 میلیارد تومان, room=سه, area=141, condition=3 ساله, place=سعادت آباد, link=https://delta.ir/detail/79081>
2025-09-27 11:43:48,893 - INFO - inserted succesfully to apartment table 
2025-09-27 11:43:48,898 - INFO - Saved apartment: <Apartment id=79083, price=150 میلیارد تومان, room=چهار, area=280, condition=نوساز, place=سعادت آباد, link=https://delta.ir/detail/79083>
2025-09-27 11:43:48,997 - INFO - inserted succesfully to apartment table 
2025-09-27 11:43:49,005 - INFO - Saved apartment: <Apartment id=79793, price=33.8 میلیارد تومان, room=سه, area=150, condition=نوساز, place=الهیه, link=https://delta.ir/detail/79793>
2025-09-27 11:43:49,101 - INFO - inserted succesfully to apartment table 
2025-09-27 11:43:49,108 - INFO - Saved apartment: <Apartment id=71908, price=41.5 میلیارد تومان, room=سه, area=150, condition=نوساز, place=شهرک غرب, link=https://delta.ir/detail/71908>
2025-09-27 11:43:49,195 - INFO - inserted succesfully to apartment table 
2025-09-27 11:43:49,202 - INFO - Saved apartment: <Apartment id=74129, price=52 میلیارد تومان, room=سه, area=174, condition=نوساز, place=شهرک غرب, link=https://delta.ir/detail/74129>
2025-09-27 11:43:49,322 - INFO - inserted succesfully to apartment table 
2025-09-27 11:43:49,327 - INFO - Saved apartment: <Apartment id=79791, price=25.6 میلیارد تومان, room=دو, area=114, condition=نوساز, place=الهیه, link=https://delta.ir/detail/79791>
2025-09-27 11:43:49,430 - INFO - inserted succesfully to apartment table 
2025-09-27 11:43:49,436 - INFO - Saved apartment: <Apartment id=79790, price=25 میلیارد تومان, room=دو, area=125, condition=نوساز, place=میرداماد, link=https://delta.ir/detail/79790>
2025-09-27 11:43:49,520 - INFO - inserted succesfully to apartment table 
2025-09-27 11:43:49,525 - INFO - Saved apartment: <Apartment id=79138, price=13.5 میلیارد تومان, room=دو, area=95, condition=20 ساله, place=میرداماد, link=https://delta.ir/detail/79138>
2025-09-27 11:43:49,610 - INFO - inserted succesfully to apartment table 
2025-09-27 11:43:49,614 - INFO - Saved apartment: <Apartment id=79143, price=32.8 میلیارد تومان, room=سه, area=193, condition=1 ساله, place=ظفر, link=https://delta.ir/detail/79143>
2025-09-27 11:43:49,697 - INFO - inserted succesfully to apartment table 
2025-09-27 11:43:49,702 - INFO - Saved apartment: <Apartment id=79781, price=6.7 میلیارد تومان, room=یک, area=69, condition=بیش از ۲۰ سال ساخت, place=توحید, link=https://delta.ir/detail/79781>
2025-09-27 11:43:49,797 - INFO - inserted succesfully to apartment table 
2025-09-27 11:43:49,804 - INFO - Saved apartment: <Apartment id=79776, price=18.7 میلیارد تومان, room=دو, area=97, condition=15 ساله, place=قیطریه, link=https://delta.ir/detail/79776>
2025-09-27 11:43:49,905 - INFO - inserted succesfully to apartment table 
2025-09-27 11:43:49,911 - INFO - Saved apartment: <Apartment id=79775, price=21.5 میلیارد تومان, room=دو, area=95, condition=2 ساله, place=فرمانیه, link=https://delta.ir/detail/79775>
2025-09-27 11:43:50,024 - INFO - inserted succesfully to apartment table 
2025-09-27 11:43:50,030 - INFO - Saved apartment: <Apartment id=79769, price=6.3 میلیارد تومان, room=دو, area=63.5, condition=بیش از ۲۰ سال ساخت, place=پونک, link=https://delta.ir/detail/79769>
2025-09-27 11:43:50,141 - INFO - inserted succesfully to apartment table 
2025-09-27 11:43:50,155 - INFO - Saved apartment: <Apartment id=79768, price=8 میلیارد تومان, room=دو, area=80, condition=14 ساله, place=بلوار فردوس, link=https://delta.ir/detail/79768>
2025-09-27 11:43:50,285 - INFO - inserted succesfully to apartment table 
2025-09-27 11:43:50,294 - INFO - Saved apartment: <Apartment id=79757, price=18.8 میلیارد تومان, room=دو, area=97, condition=17 ساله, place=قیطریه, link=https://delta.ir/detail/79757>
2025-09-27 11:43:50,397 - INFO - inserted succesfully to apartment table 
2025-09-27 11:43:50,403 - INFO - Saved apartment: <Apartment id=79756, price=18 میلیارد تومان, room=دو, area=100, condition=9 ساله, place=پاسداران - ض..., link=https://delta.ir/detail/79756>
2025-09-27 11:43:50,519 - INFO - inserted succesfully to apartment table 
2025-09-27 11:43:50,528 - INFO - Saved apartment: <Apartment id=79751, price=7.1 میلیارد تومان, room=یک, area=63, condition=11 ساله, place=پونک, link=https://delta.ir/detail/79751>
2025-09-27 11:43:50,627 - INFO - inserted succesfully to apartment table 
2025-09-27 11:43:50,632 - INFO - Saved apartment: <Apartment id=77146, price=6 میلیارد تومان, room=دو, area=105, condition=نوساز, place=چیتگر, link=https://delta.ir/detail/77146>
2025-09-27 11:43:50,704 - INFO - inserted succesfully to apartment table 
2025-09-27 11:43:50,709 - INFO - Saved apartment: <Apartment id=79741, price=1.8 میلیارد تومان, room=دو, area=75, condition=نوساز, place=چیتگر, link=https://delta.ir/detail/79741>
2025-09-27 11:43:50,788 - INFO - inserted succesfully to apartment table 
2025-09-27 11:43:50,794 - INFO - Saved apartment: <Apartment id=79738, price=80 میلیارد تومان, room=سه, area=235, condition=نوساز, place=فرمانیه, link=https://delta.ir/detail/79738>
2025-09-27 11:43:50,904 - INFO - inserted succesfully to apartment table 
2025-09-27 11:43:50,909 - INFO - Saved apartment: <Apartment id=79737, price=63 میلیارد تومان, room=سه, area=212, condition=14 ساله, place=کامرانیه, link=https://delta.ir/detail/79737>
2025-09-27 11:43:51,021 - INFO - inserted succesfully to apartment table 
2025-09-27 11:43:51,029 - INFO - Saved apartment: <Apartment id=78554, price=27.4 میلیارد تومان, room=سه, area=135, condition=7 ساله, place=شهرک غرب, link=https://delta.ir/detail/78554>
2025-09-27 11:43:51,135 - INFO - inserted succesfully to apartment table 
2025-09-27 11:43:51,141 - INFO - Saved apartment: <Apartment id=79734, price=9.9 میلیارد تومان, room=دو, area=65, condition=بیش از ۲۰ سال ساخت, place=شهید عراقی, link=https://delta.ir/detail/79734>
2025-09-27 11:43:51,237 - INFO - inserted succesfully to apartment table 
2025-09-27 11:43:51,244 - INFO - Saved apartment: <Apartment id=79732, price=12.5 میلیارد تومان, room=دو, area=80, condition=19 ساله, place=سعادت آباد, link=https://delta.ir/detail/79732>
2025-09-27 11:43:51,338 - INFO - inserted succesfully to apartment table 
2025-09-27 11:43:51,345 - INFO - Saved apartment: <Apartment id=78898, price=17.5 میلیارد تومان, room=سه, area=90, condition=8 ساله, place=قیطریه, link=https://delta.ir/detail/78898>
2025-09-27 11:43:51,426 - INFO - inserted succesfully to apartment table 
2025-09-27 11:43:51,432 - INFO - Saved apartment: <Apartment id=79731, price=7.8 میلیارد تومان, room=دو, area=75, condition=بیش از ۲۰ سال ساخت, place=جمالزاده شما..., link=https://delta.ir/detail/79731>
2025-09-27 11:43:51,541 - INFO - inserted succesfully to apartment table 
2025-09-27 11:43:51,548 - INFO - Saved apartment: <Apartment id=79730, price=10.8 میلیارد تومان, room=دو, area=86, condition=8 ساله, place=نیروی دریایی, link=https://delta.ir/detail/79730>
2025-09-27 11:43:51,650 - INFO - inserted succesfully to apartment table 
2025-09-27 11:43:51,655 - INFO - Saved apartment: <Apartment id=70327, price=25 میلیارد تومان, room=سه, area=154, condition=18 ساله, place=سعادت آباد, link=https://delta.ir/detail/70327>
2025-09-27 11:43:51,770 - INFO - inserted succesfully to apartment table 
2025-09-27 11:43:55,448 - INFO - Clicked 'More' button
2025-09-27 11:43:55,892 - INFO - Saved apartment: <Apartment id=79712, price=20.5 میلیارد تومان, room=دو, area=99, condition=نوساز, place=قیطریه, link=https://delta.ir/detail/79712>
2025-09-27 11:43:55,972 - INFO - inserted succesfully to apartment table 
2025-09-27 11:43:55,977 - INFO - Saved apartment: <Apartment id=79711, price=19 میلیارد تومان, room=سه, area=140, condition=17 ساله, place=ظفر, link=https://delta.ir/detail/79711>
2025-09-27 11:43:56,068 - INFO - inserted succesfully to apartment table 
2025-09-27 11:43:56,073 - INFO - Saved apartment: <Apartment id=79082, price=15.7 میلیارد تومان, room=دو, area=90, condition=16 ساله, place=سعادت آباد, link=https://delta.ir/detail/79082>
2025-09-27 11:43:56,161 - INFO - inserted succesfully to apartment table 
2025-09-27 11:43:56,166 - INFO - Saved apartment: <Apartment id=79702, price=10 میلیارد تومان, room=یک, area=90, condition=14 ساله, place=اختیاریه, link=https://delta.ir/detail/79702>
2025-09-27 11:43:56,270 - INFO - inserted succesfully to apartment table 
2025-09-27 11:43:56,275 - INFO - Saved apartment: <Apartment id=79697, price=26.5 میلیارد تومان, room=دو, area=90, condition=نوساز, place=دولت (کلاهدو..., link=https://delta.ir/detail/79697>
2025-09-27 11:43:56,366 - INFO - inserted succesfully to apartment table 
2025-09-27 11:43:56,370 - INFO - Saved apartment: <Apartment id=79692, price=4.5 میلیارد تومان, room=یک, area=49, condition=7 ساله, place=بهار, link=https://delta.ir/detail/79692>
2025-09-27 11:43:56,472 - INFO - inserted succesfully to apartment table 
2025-09-27 11:43:56,480 - INFO - Saved apartment: <Apartment id=79691, price=4.8 میلیارد تومان, room=دو, area=95, condition=نوساز, place=هفده شهریور, link=https://delta.ir/detail/79691>
2025-09-27 11:43:56,586 - INFO - inserted succesfully to apartment table 
2025-09-27 11:43:56,593 - INFO - Saved apartment: <Apartment id=79686, price=5.2 میلیارد تومان, room=دو, area=100, condition=بیش از ۲۰ سال ساخت, place=شهرری, link=https://delta.ir/detail/79686>
2025-09-27 11:43:56,687 - INFO - inserted succesfully to apartment table 
2025-09-27 11:43:56,692 - INFO - Saved apartment: <Apartment id=79679, price=19 میلیارد تومان, room=سه, area=123, condition=14 ساله, place=پاسداران, link=https://delta.ir/detail/79679>
2025-09-27 11:43:56,796 - INFO - inserted succesfully to apartment table 
2025-09-27 11:43:56,801 - INFO - Saved apartment: <Apartment id=79677, price=17.5 میلیارد تومان, room=دو, area=110, condition=20 ساله, place=قلهک, link=https://delta.ir/detail/79677>
2025-09-27 11:43:56,909 - INFO - inserted succesfully to apartment table 
2025-09-27 11:43:56,915 - INFO - Saved apartment: <Apartment id=79675, price=9 میلیارد تومان, room=دو, area=65, condition=10 ساله, place=سید خندان, link=https://delta.ir/detail/79675>
2025-09-27 11:43:57,009 - INFO - inserted succesfully to apartment table 
2025-09-27 11:43:57,015 - INFO - Saved apartment: <Apartment id=79673, price=8 میلیارد تومان, room=دو, area=75, condition=8 ساله, place=جنت آباد جنو..., link=https://delta.ir/detail/79673>
2025-09-27 11:43:57,106 - INFO - inserted succesfully to apartment table 
2025-09-27 11:43:57,112 - INFO - Saved apartment: <Apartment id=79665, price=16.9 میلیارد تومان, room=دو, area=112, condition=19 ساله, place=اختیاریه, link=https://delta.ir/detail/79665>
2025-09-27 11:43:57,201 - INFO - inserted succesfully to apartment table 
2025-09-27 11:43:57,207 - INFO - Saved apartment: <Apartment id=79647, price=26.3 میلیارد تومان, room=دو, area=118, condition=5 ساله, place=سعادت آباد, link=https://delta.ir/detail/79647>
2025-09-27 11:43:57,307 - INFO - inserted succesfully to apartment table 
2025-09-27 11:43:57,311 - INFO - Saved apartment: <Apartment id=79645, price=13.4 میلیارد تومان, room=دو, area=99, condition=6 ساله, place=رودکی(سلسبیل..., link=https://delta.ir/detail/79645>
2025-09-27 11:43:57,395 - INFO - inserted succesfully to apartment table 
2025-09-27 11:43:57,404 - INFO - Saved apartment: <Apartment id=79636, price=20.8 میلیارد تومان, room=دو, area=95, condition=1 ساله, place=دولت (کلاهدو..., link=https://delta.ir/detail/79636>
2025-09-27 11:43:57,518 - INFO - inserted succesfully to apartment table 
2025-09-27 11:43:57,533 - INFO - Saved apartment: <Apartment id=79634, price=8.5 میلیارد تومان, room=دو, area=79, condition=1 ساله, place=جنت آباد مرک..., link=https://delta.ir/detail/79634>
2025-09-27 11:43:57,630 - INFO - inserted succesfully to apartment table 
2025-09-27 11:43:57,635 - INFO - Saved apartment: <Apartment id=79633, price=9.5 میلیارد تومان, room=یک, area=50, condition=نوساز, place=میرداماد, link=https://delta.ir/detail/79633>
2025-09-27 11:43:57,729 - INFO - inserted succesfully to apartment table 
2025-09-27 11:43:57,742 - INFO - Saved apartment: <Apartment id=79631, price=2.5 میلیارد تومان, room=یک, area=50, condition=14 ساله, place=قزوین, link=https://delta.ir/detail/79631>
2025-09-27 11:43:57,877 - INFO - inserted succesfully to apartment table 
2025-09-27 11:43:57,884 - INFO - Saved apartment: <Apartment id=79629, price=18 میلیارد تومان, room=یک, area=84, condition=2 ساله, place=دولت (کلاهدو..., link=https://delta.ir/detail/79629>
2025-09-27 11:43:57,971 - INFO - inserted succesfully to apartment table 
2025-09-27 11:43:57,975 - INFO - Saved apartment: <Apartment id=79628, price=19.8 میلیارد تومان, room=سه, area=135, condition=19 ساله, place=ظفر, link=https://delta.ir/detail/79628>
2025-09-27 11:43:58,059 - INFO - inserted succesfully to apartment table 
2025-09-27 11:43:58,064 - INFO - Saved apartment: <Apartment id=79627, price=59 میلیارد تومان, room=سه, area=200, condition=نوساز, place=فرمانیه, link=https://delta.ir/detail/79627>
2025-09-27 11:43:58,139 - INFO - inserted succesfully to apartment table 
2025-09-27 11:43:58,145 - INFO - Saved apartment: <Apartment id=79626, price=7.5 میلیارد تومان, room=دو, area=72, condition=18 ساله, place=پیچ شمیران, link=https://delta.ir/detail/79626>
2025-09-27 11:43:58,240 - INFO - inserted succesfully to apartment table 
2025-09-27 11:43:58,245 - INFO - Saved apartment: <Apartment id=79624, price=30 میلیارد تومان, room=دو, area=120, condition=1 ساله, place=سعادت آباد, link=https://delta.ir/detail/79624>
2025-09-27 11:43:58,323 - INFO - inserted succesfully to apartment table 
2025-09-27 11:43:58,331 - INFO - Saved apartment: <Apartment id=79622, price=14.6 میلیارد تومان, room=دو, area=75, condition=19 ساله, place=سعادت آباد, link=https://delta.ir/detail/79622>
2025-09-27 11:43:58,420 - INFO - inserted succesfully to apartment table 
2025-09-27 11:43:58,427 - INFO - Saved apartment: <Apartment id=77964, price=60 میلیارد تومان, room=سه, area=150, condition=نوساز, place=دروس, link=https://delta.ir/detail/77964>
2025-09-27 11:43:58,518 - INFO - inserted succesfully to apartment table 
2025-09-27 11:43:58,523 - INFO - Saved apartment: <Apartment id=77966, price=96 میلیارد تومان, room=سه, area=250, condition=نوساز, place=دروس, link=https://delta.ir/detail/77966>
2025-09-27 11:43:58,608 - INFO - inserted succesfully to apartment table 
2025-09-27 11:43:58,614 - INFO - Saved apartment: <Apartment id=79259, price=20.5 میلیارد تومان, room=دو, area=120, condition=16 ساله, place=دولت (کلاهدو..., link=https://delta.ir/detail/79259>
2025-09-27 11:43:58,698 - INFO - inserted succesfully to apartment table 
2025-09-27 11:43:58,703 - INFO - Saved apartment: <Apartment id=79616, price=29 میلیارد تومان, room=دو, area=115, condition=3 ساله, place=شهرک غرب, link=https://delta.ir/detail/79616>
2025-09-27 11:43:58,782 - INFO - inserted succesfully to apartment table 
2025-09-27 11:43:58,786 - INFO - Saved apartment: <Apartment id=79613, price=16 میلیارد تومان, room=دو, area=85, condition=9 ساله, place=دولت (کلاهدو..., link=https://delta.ir/detail/79613>
2025-09-27 11:43:58,866 - INFO - inserted succesfully to apartment table 
2025-09-27 11:44:02,423 - INFO - Clicked 'More' button
2025-09-27 11:44:03,017 - INFO - Saved apartment: <Apartment id=77332, price=5.6 میلیارد تومان, room=دو, area=80, condition=نوساز, place=تهرانسر, link=https://delta.ir/detail/77332>
2025-09-27 11:44:03,119 - INFO - inserted succesfully to apartment table 
2025-09-27 11:44:03,126 - INFO - Saved apartment: <Apartment id=79608, price=4.5 میلیارد تومان, room=یک, area=53, condition=بیش از ۲۰ سال ساخت, place=فرجام, link=https://delta.ir/detail/79608>
2025-09-27 11:44:03,212 - INFO - inserted succesfully to apartment table 
2025-09-27 11:44:03,218 - INFO - Saved apartment: <Apartment id=79607, price=9.5 میلیارد تومان, room=یک, area=50, condition=نوساز, place=میرداماد, link=https://delta.ir/detail/79607>
2025-09-27 11:44:03,317 - INFO - inserted succesfully to apartment table 
2025-09-27 11:44:03,325 - INFO - Saved apartment: <Apartment id=79606, price=34 میلیارد تومان, room=سه, area=168, condition=8 ساله, place=کوی فراز, link=https://delta.ir/detail/79606>
2025-09-27 11:44:03,445 - INFO - inserted succesfully to apartment table 
2025-09-27 11:44:03,457 - INFO - Saved apartment: <Apartment id=79603, price=19.7 میلیارد تومان, room=دو, area=100, condition=13 ساله, place=ملاصدرا, link=https://delta.ir/detail/79603>
2025-09-27 11:44:03,567 - INFO - inserted succesfully to apartment table 
2025-09-27 11:44:03,572 - INFO - Saved apartment: <Apartment id=79600, price=8.6 میلیارد تومان, room=دو, area=88, condition=15 ساله, place=کوی بیمه, link=https://delta.ir/detail/79600>
2025-09-27 11:44:03,674 - INFO - inserted succesfully to apartment table 
2025-09-27 11:44:03,680 - INFO - Saved apartment: <Apartment id=79599, price=22.9 میلیارد تومان, room=سه, area=140, condition=14 ساله, place=شیخ بهایی, link=https://delta.ir/detail/79599>
2025-09-27 11:44:03,784 - INFO - inserted succesfully to apartment table 
2025-09-27 11:44:03,791 - INFO - Saved apartment: <Apartment id=79597, price=8.6 میلیارد تومان, room=دو, area=88, condition=15 ساله, place=شهران شمالی, link=https://delta.ir/detail/79597>
2025-09-27 11:44:03,895 - INFO - inserted succesfully to apartment table 
2025-09-27 11:44:03,899 - INFO - Saved apartment: <Apartment id=79593, price=16.7 میلیارد تومان, room=دو, area=90, condition=17 ساله, place=قبا, link=https://delta.ir/detail/79593>
2025-09-27 11:44:04,002 - INFO - inserted succesfully to apartment table 
2025-09-27 11:44:04,006 - INFO - Saved apartment: <Apartment id=79588, price=10.9 میلیارد تومان, room=دو, area=85, condition=9 ساله, place=نیروی دریایی, link=https://delta.ir/detail/79588>
2025-09-27 11:44:04,109 - INFO - inserted succesfully to apartment table 
2025-09-27 11:44:04,116 - INFO - Saved apartment: <Apartment id=79586, price=32 میلیارد تومان, room=سه, area=145, condition=4 ساله, place=جردن, link=https://delta.ir/detail/79586>
2025-09-27 11:44:04,230 - INFO - inserted succesfully to apartment table 
2025-09-27 11:44:04,243 - INFO - Saved apartment: <Apartment id=79585, price=21.5 میلیارد تومان, room=سه, area=122, condition=نوساز, place=جنت آباد جنو..., link=https://delta.ir/detail/79585>
2025-09-27 11:44:04,365 - INFO - inserted succesfully to apartment table 
2025-09-27 11:44:04,373 - INFO - Saved apartment: <Apartment id=79583, price=15 میلیارد تومان, room=دو, area=85, condition=نوساز, place=جنت آباد جنو..., link=https://delta.ir/detail/79583>
2025-09-27 11:44:04,492 - INFO - inserted succesfully to apartment table 
2025-09-27 11:44:04,509 - INFO - Saved apartment: <Apartment id=79575, price=62.1 میلیارد تومان, room=چهار, area=270, condition=نوساز, place=جردن, link=https://delta.ir/detail/79575>
2025-09-27 11:44:04,637 - INFO - inserted succesfully to apartment table 
2025-09-27 11:44:04,646 - INFO - Saved apartment: <Apartment id=79568, price=79 میلیارد تومان, room=چهار, area=266, condition=نوساز, place=نیاوران, link=https://delta.ir/detail/79568>
2025-09-27 11:44:04,752 - INFO - inserted succesfully to apartment table 
2025-09-27 11:44:04,760 - INFO - Saved apartment: <Apartment id=79558, price=19.3 میلیارد تومان, room=سه, area=140, condition=10 ساله, place=ظفر, link=https://delta.ir/detail/79558>
2025-09-27 11:44:04,870 - INFO - inserted succesfully to apartment table 
2025-09-27 11:44:04,878 - INFO - Saved apartment: <Apartment id=79547, price=35 میلیارد تومان, room=سه, area=153, condition=19 ساله, place=زعفرانیه, link=https://delta.ir/detail/79547>
2025-09-27 11:44:04,992 - INFO - inserted succesfully to apartment table 
2025-09-27 11:44:04,997 - INFO - Saved apartment: <Apartment id=79546, price=6.5 میلیارد تومان, room=دو, area=72, condition=3 ساله, place=پیروزی, link=https://delta.ir/detail/79546>
2025-09-27 11:44:05,086 - INFO - inserted succesfully to apartment table 
2025-09-27 11:44:05,090 - INFO - Saved apartment: <Apartment id=79545, price=22 میلیارد تومان, room=دو, area=110, condition=19 ساله, place=قیطریه, link=https://delta.ir/detail/79545>
2025-09-27 11:44:05,194 - INFO - inserted succesfully to apartment table 
2025-09-27 11:44:05,200 - INFO - Saved apartment: <Apartment id=79544, price=3.8 میلیارد تومان, room=یک, area=60, condition=4 ساله, place=خزانه, link=https://delta.ir/detail/79544>
2025-09-27 11:44:05,298 - INFO - inserted succesfully to apartment table 
2025-09-27 11:44:05,303 - INFO - Saved apartment: <Apartment id=79538, price=4.2 میلیارد تومان, room=یک, area=67, condition=12 ساله, place=آبشار (منطقه..., link=https://delta.ir/detail/79538>
2025-09-27 11:44:05,385 - INFO - inserted succesfully to apartment table 
2025-09-27 11:44:05,390 - INFO - Saved apartment: <Apartment id=79535, price=55 میلیارد تومان, room=سه, area=205, condition=3 ساله, place=نیاوران, link=https://delta.ir/detail/79535>
2025-09-27 11:44:05,463 - INFO - inserted succesfully to apartment table 
2025-09-27 11:44:05,467 - INFO - Saved apartment: <Apartment id=76632, price=35 میلیارد تومان, room=سه, area=185, condition=7 ساله, place=سه راه منظری..., link=https://delta.ir/detail/76632>
2025-09-27 11:44:05,549 - INFO - inserted succesfully to apartment table 
2025-09-27 11:44:05,554 - INFO - Saved apartment: <Apartment id=76775, price=35.5 میلیارد تومان, room=سه, area=165, condition=7 ساله, place=دروس, link=https://delta.ir/detail/76775>
2025-09-27 11:44:05,639 - INFO - inserted succesfully to apartment table 
2025-09-27 11:44:05,647 - INFO - Saved apartment: <Apartment id=77051, price=24 میلیارد تومان, room=دو, area=125, condition=نوساز, place=سوهانک, link=https://delta.ir/detail/77051>
2025-09-27 11:44:05,747 - INFO - inserted succesfully to apartment table 
2025-09-27 11:44:05,752 - INFO - Saved apartment: <Apartment id=77437, price=13.9 میلیارد تومان, room=دو, area=70, condition=1 ساله, place=اقدسیه (منطق..., link=https://delta.ir/detail/77437>
2025-09-27 11:44:05,867 - INFO - inserted succesfully to apartment table 
2025-09-27 11:44:05,872 - INFO - Saved apartment: <Apartment id=77576, price=29.2 میلیارد تومان, room=سه, area=160, condition=16 ساله, place=قیطریه, link=https://delta.ir/detail/77576>
2025-09-27 11:44:05,995 - INFO - inserted succesfully to apartment table 
2025-09-27 11:44:06,003 - INFO - Saved apartment: <Apartment id=77770, price=29.2 میلیارد تومان, room=سه, area=160, condition=19 ساله, place=قیطریه, link=https://delta.ir/detail/77770>
2025-09-27 11:44:06,117 - INFO - inserted succesfully to apartment table 
2025-09-27 11:44:06,125 - INFO - Saved apartment: <Apartment id=78030, price=14.5 میلیارد تومان, room=دو, area=80, condition=10 ساله, place=دولت (کلاهدو..., link=https://delta.ir/detail/78030>
2025-09-27 11:44:06,235 - INFO - inserted succesfully to apartment table 
2025-09-27 11:44:06,244 - INFO - Saved apartment: <Apartment id=78040, price=35.5 میلیارد تومان, room=سه, area=165, condition=10 ساله, place=دروس, link=https://delta.ir/detail/78040>
2025-09-27 11:44:06,388 - INFO - inserted succesfully to apartment table 
2025-09-27 11:44:30,921 - INFO - Clicked 'More' button
2025-09-27 11:44:31,355 - INFO - Saved apartment: <Apartment id=79791, price=25.6 میلیارد تومان, room=دو, area=114, condition=نوساز, place=الهیه, link=https://delta.ir/detail/79791>
2025-09-27 11:44:31,477 - INFO - inserted succesfully to apartment table 
2025-09-27 11:44:31,486 - INFO - Saved apartment: <Apartment id=79790, price=25 میلیارد تومان, room=دو, area=125, condition=نوساز, place=میرداماد, link=https://delta.ir/detail/79790>
2025-09-27 11:44:31,591 - INFO - inserted succesfully to apartment table 
2025-09-27 11:44:31,598 - INFO - Saved apartment: <Apartment id=79138, price=13.5 میلیارد تومان, room=دو, area=95, condition=20 ساله, place=میرداماد, link=https://delta.ir/detail/79138>
2025-09-27 11:44:31,679 - INFO - inserted succesfully to apartment table 
2025-09-27 11:44:31,686 - INFO - Saved apartment: <Apartment id=79143, price=32.8 میلیارد تومان, room=سه, area=193, condition=1 ساله, place=ظفر, link=https://delta.ir/detail/79143>
2025-09-27 11:44:31,780 - INFO - inserted succesfully to apartment table 
2025-09-27 11:44:31,787 - INFO - Saved apartment: <Apartment id=79781, price=6.7 میلیارد تومان, room=یک, area=69, condition=بیش از ۲۰ سال ساخت, place=توحید, link=https://delta.ir/detail/79781>
2025-09-27 11:44:31,892 - INFO - inserted succesfully to apartment table 
2025-09-27 11:44:31,899 - INFO - Saved apartment: <Apartment id=79776, price=18.7 میلیارد تومان, room=دو, area=97, condition=15 ساله, place=قیطریه, link=https://delta.ir/detail/79776>
2025-09-27 11:44:32,008 - INFO - inserted succesfully to apartment table 
2025-09-27 11:44:32,018 - INFO - Saved apartment: <Apartment id=79775, price=21.5 میلیارد تومان, room=دو, area=95, condition=2 ساله, place=فرمانیه, link=https://delta.ir/detail/79775>
2025-09-27 11:44:32,101 - INFO - inserted succesfully to apartment table 
2025-09-27 11:44:32,105 - INFO - Saved apartment: <Apartment id=79769, price=6.3 میلیارد تومان, room=دو, area=63.5, condition=بیش از ۲۰ سال ساخت, place=پونک, link=https://delta.ir/detail/79769>
2025-09-27 11:44:32,184 - INFO - inserted succesfully to apartment table 
2025-09-27 11:44:32,189 - INFO - Saved apartment: <Apartment id=79768, price=8 میلیارد تومان, room=دو, area=80, condition=14 ساله, place=بلوار فردوس, link=https://delta.ir/detail/79768>
2025-09-27 11:44:32,280 - INFO - inserted succesfully to apartment table 
2025-09-27 11:44:32,286 - INFO - Saved apartment: <Apartment id=79757, price=18.8 میلیارد تومان, room=دو, area=97, condition=17 ساله, place=قیطریه, link=https://delta.ir/detail/79757>
2025-09-27 11:44:32,385 - INFO - inserted succesfully to apartment table 
2025-09-27 11:44:32,391 - INFO - Saved apartment: <Apartment id=79756, price=18 میلیارد تومان, room=دو, area=100, condition=9 ساله, place=پاسداران - ض..., link=https://delta.ir/detail/79756>
2025-09-27 11:44:32,507 - INFO - inserted succesfully to apartment table 
2025-09-27 11:44:32,516 - INFO - Saved apartment: <Apartment id=79751, price=7.1 میلیارد تومان, room=یک, area=63, condition=11 ساله, place=پونک, link=https://delta.ir/detail/79751>
2025-09-27 11:44:32,607 - INFO - inserted succesfully to apartment table 
2025-09-27 11:44:32,612 - INFO - Saved apartment: <Apartment id=77146, price=6 میلیارد تومان, room=دو, area=105, condition=نوساز, place=چیتگر, link=https://delta.ir/detail/77146>
2025-09-27 11:44:32,659 - INFO - inserted succesfully to apartment table 
2025-09-27 11:44:32,661 - INFO - Saved apartment: <Apartment id=79741, price=1.8 میلیارد تومان, room=دو, area=75, condition=نوساز, place=چیتگر, link=https://delta.ir/detail/79741>
2025-09-27 11:44:32,723 - INFO - inserted succesfully to apartment table 
2025-09-27 11:44:32,729 - INFO - Saved apartment: <Apartment id=79738, price=80 میلیارد تومان, room=سه, area=235, condition=نوساز, place=فرمانیه, link=https://delta.ir/detail/79738>
2025-09-27 11:44:32,825 - INFO - inserted succesfully to apartment table 
2025-09-27 11:48:45,752 - INFO - No more button found. End of listings.
2025-09-27 11:48:49,215 - INFO - Scraping finished. Total 0 apartments collected.
2025-09-27 11:50:31,930 - INFO - No more button found. End of listings.
2025-09-27 11:50:36,025 - INFO - Scraping finished. Total 0 apartments collected.
2025-09-27 11:51:11,990 - INFO - No more button found. End of listings.
2025-09-27 11:51:15,924 - INFO - Scraping finished. Total 0 apartments collected.
2025-09-27 11:52:07,714 - INFO - Clicked 'More' button
2025-09-27 11:52:42,838 - INFO - No more button found. End of listings.
2025-09-27 11:52:46,762 - INFO - Scraping finished. Total 0 apartments collected.
2025-09-27 11:53:56,671 - INFO - Clicked 'More' button
2025-09-27 11:53:56,920 - INFO - Saved apartment: <Apartment id=79847, price=20.5 میلیارد تومان, room=دو, area=102, condition=3 ساله, place=20.5 میلیارد تومان, link=https://delta.ir/detail/79847>
2025-09-27 11:53:57,004 - INFO - inserted succesfully to apartment table 
2025-09-27 11:53:57,009 - INFO - Saved apartment: <Apartment id=78100, price=32.5 میلیارد تومان, room=دو, area=95, condition=6 ساله, place=32.5 میلیارد تومان, link=https://delta.ir/detail/78100>
2025-09-27 11:53:57,090 - INFO - inserted succesfully to apartment table 
2025-09-27 11:53:57,095 - INFO - Saved apartment: <Apartment id=78307, price=29.9 میلیارد تومان, room=دو, area=107, condition=1 ساله, place=29.9 میلیارد تومان, link=https://delta.ir/detail/78307>
2025-09-27 11:53:57,199 - INFO - inserted succesfully to apartment table 
2025-09-27 11:53:57,203 - INFO - Saved apartment: <Apartment id=79843, price=7.5 میلیارد تومان, room=یک, area=66, condition=5 ساله, place=7.5 میلیارد تومان, link=https://delta.ir/detail/79843>
2025-09-27 11:53:57,288 - INFO - inserted succesfully to apartment table 
2025-09-27 11:53:57,292 - INFO - Saved apartment: <Apartment id=79842, price=18 میلیارد تومان, room=دو, area=90, condition=3 ساله, place=18 میلیارد تومان, link=https://delta.ir/detail/79842>
2025-09-27 11:53:57,386 - INFO - inserted succesfully to apartment table 
2025-09-27 11:53:57,390 - INFO - Saved apartment: <Apartment id=79841, price=21.6 میلیارد تومان, room=دو, area=120, condition=13 ساله, place=21.6 میلیارد تومان, link=https://delta.ir/detail/79841>
2025-09-27 11:53:57,485 - INFO - inserted succesfully to apartment table 
2025-09-27 11:53:57,490 - INFO - Saved apartment: <Apartment id=79839, price=43.5 میلیارد تومان, room=سه, area=140, condition=1 ساله, place=43.5 میلیارد تومان, link=https://delta.ir/detail/79839>
2025-09-27 11:53:57,580 - INFO - inserted succesfully to apartment table 
2025-09-27 11:53:57,585 - INFO - Saved apartment: <Apartment id=72658, price=56 میلیارد تومان, room=سه, area=220, condition=5 ساله, place=56 میلیارد تومان, link=https://delta.ir/detail/72658>
2025-09-27 11:53:57,685 - INFO - inserted succesfully to apartment table 
2025-09-27 11:53:57,691 - INFO - Saved apartment: <Apartment id=72661, price=32 میلیارد تومان, room=سه, area=147, condition=4 ساله, place=32 میلیارد تومان, link=https://delta.ir/detail/72661>
2025-09-27 11:53:57,785 - INFO - inserted succesfully to apartment table 
2025-09-27 11:53:57,790 - INFO - Saved apartment: <Apartment id=79838, price=16.8 میلیارد تومان, room=دو, area=90, condition=14 ساله, place=16.8 میلیارد تومان, link=https://delta.ir/detail/79838>
2025-09-27 11:53:57,886 - INFO - inserted succesfully to apartment table 
2025-09-27 11:53:57,899 - INFO - Saved apartment: <Apartment id=79836, price=13.8 میلیارد تومان, room=دو, area=76, condition=11 ساله, place=13.8 میلیارد تومان, link=https://delta.ir/detail/79836>
2025-09-27 11:53:58,034 - INFO - inserted succesfully to apartment table 
2025-09-27 11:53:58,052 - INFO - Saved apartment: <Apartment id=79835, price=5.5 میلیارد تومان, room=دو, area=83, condition=10 ساله, place=5.5 میلیارد تومان, link=https://delta.ir/detail/79835>
2025-09-27 11:53:58,224 - INFO - inserted succesfully to apartment table 
2025-09-27 11:53:58,238 - INFO - Saved apartment: <Apartment id=79828, price=13.2 میلیارد تومان, room=دو, area=110, condition=بیش از ۲۰ سال ساخت, place=13.2 میلیارد تومان, link=https://delta.ir/detail/79828>
2025-09-27 11:53:58,329 - INFO - inserted succesfully to apartment table 
2025-09-27 11:53:58,333 - INFO - Saved apartment: <Apartment id=79819, price=7.1 میلیارد تومان, room=دو, area=70, condition=بیش از ۲۰ سال ساخت, place=7.1 میلیارد تومان, link=https://delta.ir/detail/79819>
2025-09-27 11:53:58,409 - INFO - inserted succesfully to apartment table 
2025-09-27 11:53:58,411 - INFO - Saved apartment: <Apartment id=79815, price=7 میلیارد تومان, room=دو, area=74, condition=10 ساله, place=7 میلیارد تومان, link=https://delta.ir/detail/79815>
2025-09-27 11:53:58,490 - INFO - inserted succesfully to apartment table 
2025-09-27 11:53:58,498 - INFO - Saved apartment: <Apartment id=79813, price=3.7 میلیارد تومان, room=یک, area=70, condition=2 ساله, place=3.7 میلیارد تومان, link=https://delta.ir/detail/79813>
2025-09-27 11:53:58,595 - INFO - inserted succesfully to apartment table 
2025-09-27 11:53:58,600 - INFO - Saved apartment: <Apartment id=78627, price=72.9 میلیارد تومان, room=سه, area=210, condition=7 ساله, place=72.9 میلیارد تومان, link=https://delta.ir/detail/78627>
2025-09-27 11:53:58,698 - INFO - inserted succesfully to apartment table 
2025-09-27 11:53:58,705 - INFO - Saved apartment: <Apartment id=79799, price=36 میلیارد تومان, room=سه, area=208, condition=20 ساله, place=36 میلیارد تومان, link=https://delta.ir/detail/79799>
2025-09-27 11:53:58,792 - INFO - inserted succesfully to apartment table 
2025-09-27 11:53:58,796 - INFO - Saved apartment: <Apartment id=79797, price=36.9 میلیارد تومان, room=سه, area=210, condition=19 ساله, place=36.9 میلیارد تومان, link=https://delta.ir/detail/79797>
2025-09-27 11:53:58,869 - INFO - inserted succesfully to apartment table 
2025-09-27 11:53:58,874 - INFO - Saved apartment: <Apartment id=79794, price=2.6 میلیارد تومان, room=یک, area=48, condition=5 ساله, place=2.6 میلیارد تومان, link=https://delta.ir/detail/79794>
2025-09-27 11:53:58,948 - INFO - inserted succesfully to apartment table 
2025-09-27 11:54:02,764 - INFO - Clicked 'More' button
2025-09-27 11:54:03,269 - INFO - Saved apartment: <Apartment id=78874, price=19.5 میلیارد تومان, room=سه, area=132, condition=13 ساله, place=19.5 میلیارد تومان, link=https://delta.ir/detail/78874>
2025-09-27 11:54:03,343 - INFO - inserted succesfully to apartment table 
2025-09-27 11:54:03,347 - INFO - Saved apartment: <Apartment id=79076, price=19.5 میلیارد تومان, room=سه, area=131, condition=14 ساله, place=19.5 میلیارد تومان, link=https://delta.ir/detail/79076>
2025-09-27 11:54:03,434 - INFO - inserted succesfully to apartment table 
2025-09-27 11:54:03,438 - INFO - Saved apartment: <Apartment id=79081, price=20.8 میلیارد تومان, room=سه, area=141, condition=3 ساله, place=20.8 میلیارد تومان, link=https://delta.ir/detail/79081>
2025-09-27 11:54:03,535 - INFO - inserted succesfully to apartment table 
2025-09-27 11:54:03,541 - INFO - Saved apartment: <Apartment id=79083, price=150 میلیارد تومان, room=چهار, area=280, condition=نوساز, place=150 میلیارد تومان, link=https://delta.ir/detail/79083>
2025-09-27 11:54:03,642 - INFO - inserted succesfully to apartment table 
2025-09-27 11:54:03,649 - INFO - Saved apartment: <Apartment id=79793, price=33.8 میلیارد تومان, room=سه, area=150, condition=نوساز, place=33.8 میلیارد تومان, link=https://delta.ir/detail/79793>
2025-09-27 11:54:03,753 - INFO - inserted succesfully to apartment table 
2025-09-27 11:54:03,762 - INFO - Saved apartment: <Apartment id=71908, price=41.5 میلیارد تومان, room=سه, area=150, condition=نوساز, place=41.5 میلیارد تومان, link=https://delta.ir/detail/71908>
2025-09-27 11:54:03,888 - INFO - inserted succesfully to apartment table 
2025-09-27 11:54:03,897 - INFO - Saved apartment: <Apartment id=74129, price=52 میلیارد تومان, room=سه, area=174, condition=نوساز, place=52 میلیارد تومان, link=https://delta.ir/detail/74129>
2025-09-27 11:54:04,006 - INFO - inserted succesfully to apartment table 
2025-09-27 11:54:04,017 - INFO - Saved apartment: <Apartment id=79791, price=25.6 میلیارد تومان, room=دو, area=114, condition=نوساز, place=25.6 میلیارد تومان, link=https://delta.ir/detail/79791>
2025-09-27 11:54:04,123 - INFO - inserted succesfully to apartment table 
2025-09-27 11:54:04,126 - INFO - Saved apartment: <Apartment id=79790, price=25 میلیارد تومان, room=دو, area=125, condition=نوساز, place=25 میلیارد تومان, link=https://delta.ir/detail/79790>
2025-09-27 11:54:04,196 - INFO - inserted succesfully to apartment table 
2025-09-27 11:54:04,204 - INFO - Saved apartment: <Apartment id=79138, price=13.5 میلیارد تومان, room=دو, area=95, condition=20 ساله, place=13.5 میلیارد تومان, link=https://delta.ir/detail/79138>
2025-09-27 11:54:04,333 - INFO - inserted succesfully to apartment table 
2025-09-27 11:54:04,338 - INFO - Saved apartment: <Apartment id=79143, price=32.8 میلیارد تومان, room=سه, area=193, condition=1 ساله, place=32.8 میلیارد تومان, link=https://delta.ir/detail/79143>
2025-09-27 11:54:04,420 - INFO - inserted succesfully to apartment table 
2025-09-27 11:54:04,425 - INFO - Saved apartment: <Apartment id=79781, price=6.7 میلیارد تومان, room=یک, area=69, condition=بیش از ۲۰ سال ساخت, place=6.7 میلیارد تومان, link=https://delta.ir/detail/79781>
2025-09-27 11:54:04,532 - INFO - inserted succesfully to apartment table 
2025-09-27 11:54:04,538 - INFO - Saved apartment: <Apartment id=79776, price=18.7 میلیارد تومان, room=دو, area=97, condition=15 ساله, place=18.7 میلیارد تومان, link=https://delta.ir/detail/79776>
2025-09-27 11:54:04,636 - INFO - inserted succesfully to apartment table 
2025-09-27 11:54:04,642 - INFO - Saved apartment: <Apartment id=79775, price=21.5 میلیارد تومان, room=دو, area=95, condition=2 ساله, place=21.5 میلیارد تومان, link=https://delta.ir/detail/79775>
2025-09-27 11:54:04,751 - INFO - inserted succesfully to apartment table 
2025-09-27 11:54:04,758 - INFO - Saved apartment: <Apartment id=79769, price=6.3 میلیارد تومان, room=دو, area=63.5, condition=بیش از ۲۰ سال ساخت, place=6.3 میلیارد تومان, link=https://delta.ir/detail/79769>
2025-09-27 11:54:04,849 - INFO - inserted succesfully to apartment table 
2025-09-27 11:54:04,856 - INFO - Saved apartment: <Apartment id=79768, price=8 میلیارد تومان, room=دو, area=80, condition=14 ساله, place=8 میلیارد تومان, link=https://delta.ir/detail/79768>
2025-09-27 11:54:04,964 - INFO - inserted succesfully to apartment table 
2025-09-27 11:54:04,971 - INFO - Saved apartment: <Apartment id=79757, price=18.8 میلیارد تومان, room=دو, area=97, condition=17 ساله, place=18.8 میلیارد تومان, link=https://delta.ir/detail/79757>
2025-09-27 11:54:05,072 - INFO - inserted succesfully to apartment table 
2025-09-27 11:54:05,077 - INFO - Saved apartment: <Apartment id=79756, price=18 میلیارد تومان, room=دو, area=100, condition=9 ساله, place=18 میلیارد تومان, link=https://delta.ir/detail/79756>
2025-09-27 11:54:05,183 - INFO - inserted succesfully to apartment table 
2025-09-27 11:54:05,189 - INFO - Saved apartment: <Apartment id=79751, price=7.1 میلیارد تومان, room=یک, area=63, condition=11 ساله, place=7.1 میلیارد تومان, link=https://delta.ir/detail/79751>
2025-09-27 11:54:05,269 - INFO - inserted succesfully to apartment table 
2025-09-27 11:54:05,279 - INFO - Saved apartment: <Apartment id=77146, price=6 میلیارد تومان, room=دو, area=105, condition=نوساز, place=6 میلیارد تومان, link=https://delta.ir/detail/77146>
2025-09-27 11:54:05,382 - INFO - inserted succesfully to apartment table 
2025-09-27 11:54:05,392 - INFO - Saved apartment: <Apartment id=79741, price=1.8 میلیارد تومان, room=دو, area=75, condition=نوساز, place=1.8 میلیارد تومان, link=https://delta.ir/detail/79741>
2025-09-27 11:54:05,528 - INFO - inserted succesfully to apartment table 
2025-09-27 11:54:05,553 - INFO - Saved apartment: <Apartment id=79738, price=80 میلیارد تومان, room=سه, area=235, condition=نوساز, place=80 میلیارد تومان, link=https://delta.ir/detail/79738>
2025-09-27 11:54:05,687 - INFO - inserted succesfully to apartment table 
2025-09-27 11:54:05,693 - INFO - Saved apartment: <Apartment id=79737, price=63 میلیارد تومان, room=سه, area=212, condition=14 ساله, place=63 میلیارد تومان, link=https://delta.ir/detail/79737>
2025-09-27 11:54:05,774 - INFO - inserted succesfully to apartment table 
2025-09-27 11:54:05,784 - INFO - Saved apartment: <Apartment id=78554, price=27.4 میلیارد تومان, room=سه, area=135, condition=7 ساله, place=27.4 میلیارد تومان, link=https://delta.ir/detail/78554>
2025-09-27 11:54:05,845 - INFO - inserted succesfully to apartment table 
2025-09-27 11:54:05,850 - INFO - Saved apartment: <Apartment id=79734, price=9.9 میلیارد تومان, room=دو, area=65, condition=بیش از ۲۰ سال ساخت, place=9.9 میلیارد تومان, link=https://delta.ir/detail/79734>
2025-09-27 11:54:05,909 - INFO - inserted succesfully to apartment table 
2025-09-27 11:54:05,912 - INFO - Saved apartment: <Apartment id=79732, price=12.5 میلیارد تومان, room=دو, area=80, condition=19 ساله, place=12.5 میلیارد تومان, link=https://delta.ir/detail/79732>
2025-09-27 11:54:05,973 - INFO - inserted succesfully to apartment table 
2025-09-27 11:54:05,977 - INFO - Saved apartment: <Apartment id=78898, price=17.5 میلیارد تومان, room=سه, area=90, condition=8 ساله, place=17.5 میلیارد تومان, link=https://delta.ir/detail/78898>
2025-09-27 11:54:06,066 - INFO - inserted succesfully to apartment table 
2025-09-27 11:54:06,074 - INFO - Saved apartment: <Apartment id=79731, price=7.8 میلیارد تومان, room=دو, area=75, condition=بیش از ۲۰ سال ساخت, place=7.8 میلیارد تومان, link=https://delta.ir/detail/79731>
2025-09-27 11:54:06,177 - INFO - inserted succesfully to apartment table 
2025-09-27 11:54:06,183 - INFO - Saved apartment: <Apartment id=79730, price=10.8 میلیارد تومان, room=دو, area=86, condition=8 ساله, place=10.8 میلیارد تومان, link=https://delta.ir/detail/79730>
2025-09-27 11:54:06,285 - INFO - inserted succesfully to apartment table 
2025-09-27 11:54:09,861 - INFO - Clicked 'More' button
2025-09-27 11:54:10,580 - INFO - Saved apartment: <Apartment id=79715, price=66 میلیارد تومان, room=سه, area=210, condition=نوساز, place=66 میلیارد تومان, link=https://delta.ir/detail/79715>
2025-09-27 11:54:10,718 - INFO - inserted succesfully to apartment table 
2025-09-27 11:54:10,728 - INFO - Saved apartment: <Apartment id=79712, price=20.5 میلیارد تومان, room=دو, area=99, condition=نوساز, place=20.5 میلیارد تومان, link=https://delta.ir/detail/79712>
2025-09-27 11:54:10,803 - INFO - inserted succesfully to apartment table 
2025-09-27 11:54:10,816 - INFO - Saved apartment: <Apartment id=79711, price=19 میلیارد تومان, room=سه, area=140, condition=17 ساله, place=19 میلیارد تومان, link=https://delta.ir/detail/79711>
2025-09-27 11:54:10,913 - INFO - inserted succesfully to apartment table 
2025-09-27 11:54:10,919 - INFO - Saved apartment: <Apartment id=79082, price=15.7 میلیارد تومان, room=دو, area=90, condition=16 ساله, place=15.7 میلیارد تومان, link=https://delta.ir/detail/79082>
2025-09-27 11:54:11,020 - INFO - inserted succesfully to apartment table 
2025-09-27 11:54:11,026 - INFO - Saved apartment: <Apartment id=79702, price=10 میلیارد تومان, room=یک, area=90, condition=14 ساله, place=10 میلیارد تومان, link=https://delta.ir/detail/79702>
2025-09-27 11:54:11,130 - INFO - inserted succesfully to apartment table 
2025-09-27 11:54:11,135 - INFO - Saved apartment: <Apartment id=79697, price=26.5 میلیارد تومان, room=دو, area=90, condition=نوساز, place=26.5 میلیارد تومان, link=https://delta.ir/detail/79697>
2025-09-27 11:54:11,228 - INFO - inserted succesfully to apartment table 
2025-09-27 11:54:11,233 - INFO - Saved apartment: <Apartment id=79692, price=4.5 میلیارد تومان, room=یک, area=49, condition=7 ساله, place=4.5 میلیارد تومان, link=https://delta.ir/detail/79692>
2025-09-27 11:54:11,318 - INFO - inserted succesfully to apartment table 
2025-09-27 11:54:11,322 - INFO - Saved apartment: <Apartment id=79691, price=4.8 میلیارد تومان, room=دو, area=95, condition=نوساز, place=4.8 میلیارد تومان, link=https://delta.ir/detail/79691>
2025-09-27 11:54:11,425 - INFO - inserted succesfully to apartment table 
2025-09-27 11:54:11,430 - INFO - Saved apartment: <Apartment id=79686, price=5.2 میلیارد تومان, room=دو, area=100, condition=بیش از ۲۰ سال ساخت, place=5.2 میلیارد تومان, link=https://delta.ir/detail/79686>
2025-09-27 11:54:11,515 - INFO - inserted succesfully to apartment table 
2025-09-27 11:54:11,519 - INFO - Saved apartment: <Apartment id=79679, price=19 میلیارد تومان, room=سه, area=123, condition=14 ساله, place=19 میلیارد تومان, link=https://delta.ir/detail/79679>
2025-09-27 11:54:11,601 - INFO - inserted succesfully to apartment table 
2025-09-27 11:54:11,606 - INFO - Saved apartment: <Apartment id=79677, price=17.5 میلیارد تومان, room=دو, area=110, condition=20 ساله, place=17.5 میلیارد تومان, link=https://delta.ir/detail/79677>
2025-09-27 11:54:11,715 - INFO - inserted succesfully to apartment table 
2025-09-27 11:54:11,727 - INFO - Saved apartment: <Apartment id=79675, price=9 میلیارد تومان, room=دو, area=65, condition=10 ساله, place=9 میلیارد تومان, link=https://delta.ir/detail/79675>
2025-09-27 11:54:11,852 - INFO - inserted succesfully to apartment table 
2025-09-27 11:54:11,865 - INFO - Saved apartment: <Apartment id=79673, price=8 میلیارد تومان, room=دو, area=75, condition=8 ساله, place=8 میلیارد تومان, link=https://delta.ir/detail/79673>
2025-09-27 11:54:11,977 - INFO - inserted succesfully to apartment table 
2025-09-27 11:54:11,981 - INFO - Saved apartment: <Apartment id=79665, price=16.9 میلیارد تومان, room=دو, area=112, condition=19 ساله, place=16.9 میلیارد تومان, link=https://delta.ir/detail/79665>
2025-09-27 11:54:12,059 - INFO - inserted succesfully to apartment table 
2025-09-27 11:54:12,065 - INFO - Saved apartment: <Apartment id=79647, price=26.3 میلیارد تومان, room=دو, area=118, condition=5 ساله, place=26.3 میلیارد تومان, link=https://delta.ir/detail/79647>
2025-09-27 11:54:12,151 - INFO - inserted succesfully to apartment table 
2025-09-27 11:54:12,156 - INFO - Saved apartment: <Apartment id=79645, price=13.4 میلیارد تومان, room=دو, area=99, condition=6 ساله, place=13.4 میلیارد تومان, link=https://delta.ir/detail/79645>
2025-09-27 11:54:12,233 - INFO - inserted succesfully to apartment table 
2025-09-27 11:54:12,238 - INFO - Saved apartment: <Apartment id=79636, price=20.8 میلیارد تومان, room=دو, area=95, condition=1 ساله, place=20.8 میلیارد تومان, link=https://delta.ir/detail/79636>
2025-09-27 11:54:12,316 - INFO - inserted succesfully to apartment table 
2025-09-27 11:54:12,321 - INFO - Saved apartment: <Apartment id=79634, price=8.5 میلیارد تومان, room=دو, area=79, condition=1 ساله, place=8.5 میلیارد تومان, link=https://delta.ir/detail/79634>
2025-09-27 11:54:12,402 - INFO - inserted succesfully to apartment table 
2025-09-27 11:54:12,406 - INFO - Saved apartment: <Apartment id=79633, price=9.5 میلیارد تومان, room=یک, area=50, condition=نوساز, place=9.5 میلیارد تومان, link=https://delta.ir/detail/79633>
2025-09-27 11:54:12,475 - INFO - inserted succesfully to apartment table 
2025-09-27 11:54:12,480 - INFO - Saved apartment: <Apartment id=79631, price=2.5 میلیارد تومان, room=یک, area=50, condition=14 ساله, place=2.5 میلیارد تومان, link=https://delta.ir/detail/79631>
2025-09-27 11:54:12,587 - INFO - inserted succesfully to apartment table 
2025-09-27 11:54:12,594 - INFO - Saved apartment: <Apartment id=79629, price=18 میلیارد تومان, room=یک, area=84, condition=2 ساله, place=18 میلیارد تومان, link=https://delta.ir/detail/79629>
2025-09-27 11:54:12,710 - INFO - inserted succesfully to apartment table 
2025-09-27 11:54:12,724 - INFO - Saved apartment: <Apartment id=79628, price=19.8 میلیارد تومان, room=سه, area=135, condition=19 ساله, place=19.8 میلیارد تومان, link=https://delta.ir/detail/79628>
2025-09-27 11:54:12,850 - INFO - inserted succesfully to apartment table 
2025-09-27 11:54:12,864 - INFO - Saved apartment: <Apartment id=79627, price=59 میلیارد تومان, room=سه, area=200, condition=نوساز, place=59 میلیارد تومان, link=https://delta.ir/detail/79627>
2025-09-27 11:54:12,978 - INFO - inserted succesfully to apartment table 
2025-09-27 11:54:12,984 - INFO - Saved apartment: <Apartment id=79626, price=7.5 میلیارد تومان, room=دو, area=72, condition=18 ساله, place=7.5 میلیارد تومان, link=https://delta.ir/detail/79626>
2025-09-27 11:54:13,091 - INFO - inserted succesfully to apartment table 
2025-09-27 11:54:13,096 - INFO - Saved apartment: <Apartment id=79624, price=30 میلیارد تومان, room=دو, area=120, condition=1 ساله, place=30 میلیارد تومان, link=https://delta.ir/detail/79624>
2025-09-27 11:54:13,195 - INFO - inserted succesfully to apartment table 
2025-09-27 11:54:13,200 - INFO - Saved apartment: <Apartment id=79622, price=14.6 میلیارد تومان, room=دو, area=75, condition=19 ساله, place=14.6 میلیارد تومان, link=https://delta.ir/detail/79622>
2025-09-27 11:54:13,296 - INFO - inserted succesfully to apartment table 
2025-09-27 11:54:13,303 - INFO - Saved apartment: <Apartment id=77964, price=60 میلیارد تومان, room=سه, area=150, condition=نوساز, place=60 میلیارد تومان, link=https://delta.ir/detail/77964>
2025-09-27 11:54:13,416 - INFO - inserted succesfully to apartment table 
2025-09-27 11:54:13,424 - INFO - Saved apartment: <Apartment id=77966, price=96 میلیارد تومان, room=سه, area=250, condition=نوساز, place=96 میلیارد تومان, link=https://delta.ir/detail/77966>
2025-09-27 11:54:13,542 - INFO - inserted succesfully to apartment table 
2025-09-27 11:54:13,549 - INFO - Saved apartment: <Apartment id=79259, price=20.5 میلیارد تومان, room=دو, area=120, condition=16 ساله, place=20.5 میلیارد تومان, link=https://delta.ir/detail/79259>
2025-09-27 11:54:13,659 - INFO - inserted succesfully to apartment table 
2025-09-27 11:54:13,668 - INFO - Saved apartment: <Apartment id=79616, price=29 میلیارد تومان, room=دو, area=115, condition=3 ساله, place=29 میلیارد تومان, link=https://delta.ir/detail/79616>
2025-09-27 11:54:13,739 - INFO - inserted succesfully to apartment table 
2025-09-27 11:54:17,355 - INFO - Clicked 'More' button
2025-09-27 11:54:17,809 - INFO - Saved apartment: <Apartment id=75438, price=3.5 میلیارد تومان, room=دو, area=80, condition=نوساز, place=3.5 میلیارد تومان, link=https://delta.ir/detail/75438>
2025-09-27 11:54:17,908 - INFO - inserted succesfully to apartment table 
2025-09-27 11:54:17,913 - INFO - Saved apartment: <Apartment id=77332, price=5.6 میلیارد تومان, room=دو, area=80, condition=نوساز, place=5.6 میلیارد تومان, link=https://delta.ir/detail/77332>
2025-09-27 11:54:18,036 - INFO - inserted succesfully to apartment table 
2025-09-27 11:54:18,045 - INFO - Saved apartment: <Apartment id=79608, price=4.5 میلیارد تومان, room=یک, area=53, condition=بیش از ۲۰ سال ساخت, place=4.5 میلیارد تومان, link=https://delta.ir/detail/79608>
2025-09-27 11:54:18,172 - INFO - inserted succesfully to apartment table 
2025-09-27 11:54:18,178 - INFO - Saved apartment: <Apartment id=79607, price=9.5 میلیارد تومان, room=یک, area=50, condition=نوساز, place=9.5 میلیارد تومان, link=https://delta.ir/detail/79607>
2025-09-27 11:54:18,275 - INFO - inserted succesfully to apartment table 
2025-09-27 11:54:18,281 - INFO - Saved apartment: <Apartment id=79606, price=34 میلیارد تومان, room=سه, area=168, condition=8 ساله, place=34 میلیارد تومان, link=https://delta.ir/detail/79606>
2025-09-27 11:54:18,371 - INFO - inserted succesfully to apartment table 
2025-09-27 11:54:18,377 - INFO - Saved apartment: <Apartment id=79603, price=19.7 میلیارد تومان, room=دو, area=100, condition=13 ساله, place=19.7 میلیارد تومان, link=https://delta.ir/detail/79603>
2025-09-27 11:54:18,466 - INFO - inserted succesfully to apartment table 
2025-09-27 11:54:18,476 - INFO - Saved apartment: <Apartment id=79600, price=8.6 میلیارد تومان, room=دو, area=88, condition=15 ساله, place=8.6 میلیارد تومان, link=https://delta.ir/detail/79600>
2025-09-27 11:54:50,605 - INFO - No more button found. End of listings.
2025-09-27 11:54:53,790 - INFO - Scraping finished. Total 0 apartments collected.
2025-09-27 11:55:35,879 - INFO - Saved apartment: <Apartment id=79847, price=20.5 میلیارد تومان, room=دو, area=102, condition=3 ساله, place=20.5 میلیارد تومان, link=https://delta.ir/detail/79847>
2025-09-27 11:55:36,009 - INFO - inserted succesfully to apartment table 
2025-09-27 11:55:36,014 - INFO - Saved apartment: <Apartment id=78100, price=32.5 میلیارد تومان, room=دو, area=95, condition=6 ساله, place=32.5 میلیارد تومان, link=https://delta.ir/detail/78100>
2025-09-27 11:55:36,126 - INFO - inserted succesfully to apartment table 
2025-09-27 11:55:36,133 - INFO - Saved apartment: <Apartment id=78307, price=29.9 میلیارد تومان, room=دو, area=107, condition=1 ساله, place=29.9 میلیارد تومان, link=https://delta.ir/detail/78307>
2025-09-27 11:55:36,243 - INFO - inserted succesfully to apartment table 
2025-09-27 11:55:36,252 - INFO - Saved apartment: <Apartment id=79843, price=7.5 میلیارد تومان, room=یک, area=66, condition=5 ساله, place=7.5 میلیارد تومان, link=https://delta.ir/detail/79843>
2025-09-27 11:55:36,363 - INFO - inserted succesfully to apartment table 
2025-09-27 11:55:36,372 - INFO - Saved apartment: <Apartment id=79842, price=18 میلیارد تومان, room=دو, area=90, condition=3 ساله, place=18 میلیارد تومان, link=https://delta.ir/detail/79842>
2025-09-27 11:55:36,493 - INFO - inserted succesfully to apartment table 
2025-09-27 11:55:36,504 - INFO - Saved apartment: <Apartment id=79841, price=21.6 میلیارد تومان, room=دو, area=120, condition=13 ساله, place=21.6 میلیارد تومان, link=https://delta.ir/detail/79841>
2025-09-27 11:55:36,618 - INFO - inserted succesfully to apartment table 
2025-09-27 11:55:36,626 - INFO - Saved apartment: <Apartment id=79839, price=43.5 میلیارد تومان, room=سه, area=140, condition=1 ساله, place=43.5 میلیارد تومان, link=https://delta.ir/detail/79839>
2025-09-27 11:55:36,723 - INFO - inserted succesfully to apartment table 
2025-09-27 11:55:36,730 - INFO - Saved apartment: <Apartment id=72658, price=56 میلیارد تومان, room=سه, area=220, condition=5 ساله, place=56 میلیارد تومان, link=https://delta.ir/detail/72658>
2025-09-27 11:55:36,816 - INFO - inserted succesfully to apartment table 
2025-09-27 11:55:36,822 - INFO - Saved apartment: <Apartment id=72661, price=32 میلیارد تومان, room=سه, area=147, condition=4 ساله, place=32 میلیارد تومان, link=https://delta.ir/detail/72661>
2025-09-27 11:55:36,907 - INFO - inserted succesfully to apartment table 
2025-09-27 11:55:36,913 - INFO - Saved apartment: <Apartment id=79838, price=16.8 میلیارد تومان, room=دو, area=90, condition=14 ساله, place=16.8 میلیارد تومان, link=https://delta.ir/detail/79838>
2025-09-27 11:55:37,026 - INFO - inserted succesfully to apartment table 
2025-09-27 11:55:40,524 - INFO - Clicked 'More' button
2025-09-27 11:55:40,749 - INFO - Saved apartment: <Apartment id=74129, price=52 میلیارد تومان, room=سه, area=174, condition=نوساز, place=52 میلیارد تومان, link=https://delta.ir/detail/74129>
2025-09-27 11:55:40,840 - INFO - inserted succesfully to apartment table 
2025-09-27 11:55:40,847 - INFO - Saved apartment: <Apartment id=79791, price=25.6 میلیارد تومان, room=دو, area=114, condition=نوساز, place=25.6 میلیارد تومان, link=https://delta.ir/detail/79791>
2025-09-27 11:55:40,944 - INFO - inserted succesfully to apartment table 
2025-09-27 11:55:40,949 - INFO - Saved apartment: <Apartment id=79790, price=25 میلیارد تومان, room=دو, area=125, condition=نوساز, place=25 میلیارد تومان, link=https://delta.ir/detail/79790>
2025-09-27 11:55:41,037 - INFO - inserted succesfully to apartment table 
2025-09-27 11:55:41,044 - INFO - Saved apartment: <Apartment id=79138, price=13.5 میلیارد تومان, room=دو, area=95, condition=20 ساله, place=13.5 میلیارد تومان, link=https://delta.ir/detail/79138>
2025-09-27 11:55:41,154 - INFO - inserted succesfully to apartment table 
2025-09-27 11:55:41,159 - INFO - Saved apartment: <Apartment id=79143, price=32.8 میلیارد تومان, room=سه, area=193, condition=1 ساله, place=32.8 میلیارد تومان, link=https://delta.ir/detail/79143>
2025-09-27 11:55:41,258 - INFO - inserted succesfully to apartment table 
2025-09-27 11:55:41,265 - INFO - Saved apartment: <Apartment id=79781, price=6.7 میلیارد تومان, room=یک, area=69, condition=بیش از ۲۰ سال ساخت, place=6.7 میلیارد تومان, link=https://delta.ir/detail/79781>
2025-09-27 11:55:41,366 - INFO - inserted succesfully to apartment table 
2025-09-27 11:55:41,374 - INFO - Saved apartment: <Apartment id=79776, price=18.7 میلیارد تومان, room=دو, area=97, condition=15 ساله, place=18.7 میلیارد تومان, link=https://delta.ir/detail/79776>
2025-09-27 11:55:41,466 - INFO - inserted succesfully to apartment table 
2025-09-27 11:55:41,471 - INFO - Saved apartment: <Apartment id=79775, price=21.5 میلیارد تومان, room=دو, area=95, condition=2 ساله, place=21.5 میلیارد تومان, link=https://delta.ir/detail/79775>
2025-09-27 11:55:41,578 - INFO - inserted succesfully to apartment table 
2025-09-27 11:55:41,586 - INFO - Saved apartment: <Apartment id=79769, price=6.3 میلیارد تومان, room=دو, area=63.5, condition=بیش از ۲۰ سال ساخت, place=6.3 میلیارد تومان, link=https://delta.ir/detail/79769>
2025-09-27 11:55:41,682 - INFO - inserted succesfully to apartment table 
2025-09-27 11:55:41,690 - INFO - Saved apartment: <Apartment id=79768, price=8 میلیارد تومان, room=دو, area=80, condition=14 ساله, place=8 میلیارد تومان, link=https://delta.ir/detail/79768>
2025-09-27 11:55:41,785 - INFO - inserted succesfully to apartment table 
2025-09-27 11:55:41,791 - INFO - Saved apartment: <Apartment id=79757, price=18.8 میلیارد تومان, room=دو, area=97, condition=17 ساله, place=18.8 میلیارد تومان, link=https://delta.ir/detail/79757>
2025-09-27 11:55:41,917 - INFO - inserted succesfully to apartment table 
2025-09-27 11:55:41,926 - INFO - Saved apartment: <Apartment id=79756, price=18 میلیارد تومان, room=دو, area=100, condition=9 ساله, place=18 میلیارد تومان, link=https://delta.ir/detail/79756>
2025-09-27 11:55:42,021 - INFO - inserted succesfully to apartment table 
2025-09-27 11:55:42,029 - INFO - Saved apartment: <Apartment id=79751, price=7.1 میلیارد تومان, room=یک, area=63, condition=11 ساله, place=7.1 میلیارد تومان, link=https://delta.ir/detail/79751>
2025-09-27 11:55:42,139 - INFO - inserted succesfully to apartment table 
2025-09-27 11:55:42,145 - INFO - Saved apartment: <Apartment id=77146, price=6 میلیارد تومان, room=دو, area=105, condition=نوساز, place=6 میلیارد تومان, link=https://delta.ir/detail/77146>
2025-09-27 11:55:42,238 - INFO - inserted succesfully to apartment table 
2025-09-27 11:55:42,245 - INFO - Saved apartment: <Apartment id=79741, price=1.8 میلیارد تومان, room=دو, area=75, condition=نوساز, place=1.8 میلیارد تومان, link=https://delta.ir/detail/79741>
2025-09-27 11:55:42,359 - INFO - inserted succesfully to apartment table 
2025-09-27 11:55:44,213 - INFO - No more button found. End of listings.
2025-09-27 11:55:44,347 - INFO - Scraping finished. Total 25 apartments collected.
2025-09-27 11:56:45,298 - INFO - No more button found. End of listings.
2025-09-27 11:56:48,372 - INFO - Scraping finished. Total 0 apartments collected.
2025-09-27 11:57:05,800 - INFO - No more button found. End of listings.
2025-09-27 11:57:09,548 - INFO - Scraping finished. Total 0 apartments collected.
2025-09-27 11:59:06,536 - INFO - No more button found. End of listings.
2025-09-27 11:59:09,707 - INFO - Scraping finished. Total 0 apartments collected.
2025-09-27 11:59:34,254 - INFO - No more button found. End of listings.
2025-09-27 11:59:37,708 - INFO - Scraping finished. Total 0 apartments collected.
2025-09-27 11:59:59,197 - INFO - No more button found. End of listings.
2025-09-27 12:00:02,718 - INFO - Scraping finished. Total 0 apartments collected.
2025-09-27 12:00:14,484 - INFO - database apartment created succesfully
2025-09-27 12:00:14,592 - ERROR - couldnt create the table due to 4161 (HY000): Unknown data type: 'FLAOT'
2025-09-27 12:00:32,653 - INFO - database apartment created succesfully
2025-09-27 12:00:32,779 - INFO - created the TABLE seccefully
2025-09-27 12:01:10,310 - INFO - database apartment created succesfully
2025-09-27 12:01:10,452 - INFO - created the TABLE seccefully
2025-09-27 12:01:39,429 - INFO - No more button found. End of listings.
2025-09-27 12:01:42,444 - INFO - Scraping finished. Total 0 apartments collected.
2025-09-27 12:02:06,231 - INFO - database apartment created succesfully
2025-09-27 12:02:06,374 - INFO - created the TABLE seccefully
2025-09-27 12:02:42,543 - INFO - database apartment created succesfully
2025-09-27 12:02:42,682 - INFO - created the TABLE seccefully
2025-09-27 12:03:07,234 - INFO - No more button found. End of listings.
2025-09-27 12:03:10,655 - INFO - Scraping finished. Total 0 apartments collected.
2025-09-27 12:05:18,245 - INFO - No more button found. End of listings.
2025-09-27 12:05:22,241 - INFO - Scraping finished. Total 0 apartments collected.
2025-09-27 12:06:21,603 - INFO - database apartment created succesfully
2025-09-27 12:06:21,744 - INFO - created the TABLE seccefully
2025-09-27 12:06:51,327 - INFO - No more button found. End of listings.
2025-09-27 12:06:54,500 - INFO - Scraping finished. Total 0 apartments collected.
2025-09-27 12:07:19,194 - INFO - database apartment created succesfully
2025-09-27 12:07:19,310 - INFO - created the TABLE seccefully
2025-09-27 12:08:00,260 - INFO - No more button found. End of listings.
2025-09-27 12:08:03,941 - INFO - Scraping finished. Total 0 apartments collected.
2025-09-27 12:08:30,247 - INFO - Saved apartment: <Apartment id=79848, price=70000000000, room=سه, area=235, condition=نوساز, place=زعفرانیه, link=https://delta.ir/detail/79848>
2025-09-27 12:08:30,383 - ERROR - couldnt insert due to 1264 (22003): Out of range value for column 'PRICE' at row 1
2025-09-27 12:08:30,389 - INFO - Saved apartment: <Apartment id=79100, price=32000000000, room=سه, area=160, condition=12 ساله, place=سعادت آباد, link=https://delta.ir/detail/79100>
2025-09-27 12:08:30,480 - ERROR - couldnt insert due to 1264 (22003): Out of range value for column 'PRICE' at row 1
2025-09-27 12:08:30,486 - INFO - Saved apartment: <Apartment id=79847, price=20500000000, room=دو, area=102, condition=3 ساله, place=پاسداران, link=https://delta.ir/detail/79847>
2025-09-27 12:08:30,590 - ERROR - couldnt insert due to 1264 (22003): Out of range value for column 'PRICE' at row 1
2025-09-27 12:08:30,597 - INFO - Saved apartment: <Apartment id=78100, price=32500000000, room=دو, area=95, condition=6 ساله, place=شهرک غرب, link=https://delta.ir/detail/78100>
2025-09-27 12:08:30,711 - ERROR - couldnt insert due to 1264 (22003): Out of range value for column 'PRICE' at row 1
2025-09-27 12:08:30,719 - INFO - Saved apartment: <Apartment id=78307, price=29900000000, room=دو, area=107, condition=1 ساله, place=شهرک غرب, link=https://delta.ir/detail/78307>
2025-09-27 12:08:30,865 - ERROR - couldnt insert due to 1264 (22003): Out of range value for column 'PRICE' at row 1
2025-09-27 12:08:30,872 - INFO - Saved apartment: <Apartment id=79843, price=7500000000, room=یک, area=66, condition=5 ساله, place=بلوار فردوس, link=https://delta.ir/detail/79843>
2025-09-27 12:08:31,069 - ERROR - couldnt insert due to 1264 (22003): Out of range value for column 'PRICE' at row 1
2025-09-27 12:08:31,077 - INFO - Saved apartment: <Apartment id=79842, price=18000000000, room=دو, area=90, condition=3 ساله, place=دولت (کلاهدو..., link=https://delta.ir/detail/79842>
2025-09-27 12:08:31,175 - ERROR - couldnt insert due to 1264 (22003): Out of range value for column 'PRICE' at row 1
2025-09-27 12:08:31,178 - INFO - Saved apartment: <Apartment id=79841, price=21600000000, room=دو, area=120, condition=13 ساله, place=شهرک غرب, link=https://delta.ir/detail/79841>
2025-09-27 12:08:31,293 - ERROR - couldnt insert due to 1264 (22003): Out of range value for column 'PRICE' at row 1
2025-09-27 12:08:31,298 - INFO - Saved apartment: <Apartment id=79839, price=43500000000, room=سه, area=140, condition=1 ساله, place=شهرک غرب, link=https://delta.ir/detail/79839>
2025-09-27 12:08:31,398 - ERROR - couldnt insert due to 1264 (22003): Out of range value for column 'PRICE' at row 1
2025-09-27 12:08:31,405 - INFO - Saved apartment: <Apartment id=72658, price=56000000000, room=سه, area=220, condition=5 ساله, place=شهرک غرب, link=https://delta.ir/detail/72658>
2025-09-27 12:08:31,523 - ERROR - couldnt insert due to 1264 (22003): Out of range value for column 'PRICE' at row 1
2025-09-27 12:08:35,043 - INFO - Clicked 'More' button
2025-09-27 12:08:35,398 - INFO - Saved apartment: <Apartment id=79793, price=33799999999, room=سه, area=150, condition=نوساز, place=الهیه, link=https://delta.ir/detail/79793>
2025-09-27 12:08:35,529 - ERROR - couldnt insert due to 1264 (22003): Out of range value for column 'PRICE' at row 1
2025-09-27 12:08:35,535 - INFO - Saved apartment: <Apartment id=71908, price=41500000000, room=سه, area=150, condition=نوساز, place=شهرک غرب, link=https://delta.ir/detail/71908>
2025-09-27 12:08:35,635 - ERROR - couldnt insert due to 1264 (22003): Out of range value for column 'PRICE' at row 1
2025-09-27 12:08:35,641 - INFO - Saved apartment: <Apartment id=74129, price=52000000000, room=سه, area=174, condition=نوساز, place=شهرک غرب, link=https://delta.ir/detail/74129>
2025-09-27 12:08:35,732 - ERROR - couldnt insert due to 1264 (22003): Out of range value for column 'PRICE' at row 1
2025-09-27 12:08:35,738 - INFO - Saved apartment: <Apartment id=79791, price=25600000000, room=دو, area=114, condition=نوساز, place=الهیه, link=https://delta.ir/detail/79791>
2025-09-27 12:08:35,858 - ERROR - couldnt insert due to 1264 (22003): Out of range value for column 'PRICE' at row 1
2025-09-27 12:08:35,868 - INFO - Saved apartment: <Apartment id=79790, price=25000000000, room=دو, area=125, condition=نوساز, place=میرداماد, link=https://delta.ir/detail/79790>
2025-09-27 12:08:35,996 - ERROR - couldnt insert due to 1264 (22003): Out of range value for column 'PRICE' at row 1
2025-09-27 12:08:36,005 - INFO - Saved apartment: <Apartment id=79138, price=13500000000, room=دو, area=95, condition=20 ساله, place=میرداماد, link=https://delta.ir/detail/79138>
2025-09-27 12:08:36,125 - ERROR - couldnt insert due to 1264 (22003): Out of range value for column 'PRICE' at row 1
2025-09-27 12:08:36,134 - INFO - Saved apartment: <Apartment id=79143, price=32799999999, room=سه, area=193, condition=1 ساله, place=ظفر, link=https://delta.ir/detail/79143>
2025-09-27 12:08:36,253 - ERROR - couldnt insert due to 1264 (22003): Out of range value for column 'PRICE' at row 1
2025-09-27 12:08:36,260 - INFO - Saved apartment: <Apartment id=79781, price=6700000000, room=یک, area=69, condition=بیش از ۲۰ سال ساخت, place=توحید, link=https://delta.ir/detail/79781>
2025-09-27 12:08:36,382 - ERROR - couldnt insert due to 1264 (22003): Out of range value for column 'PRICE' at row 1
2025-09-27 12:08:36,392 - INFO - Saved apartment: <Apartment id=79776, price=18700000000, room=دو, area=97, condition=15 ساله, place=قیطریه, link=https://delta.ir/detail/79776>
2025-09-27 12:08:36,500 - ERROR - couldnt insert due to 1264 (22003): Out of range value for column 'PRICE' at row 1
2025-09-27 12:08:36,509 - INFO - Saved apartment: <Apartment id=79775, price=21500000000, room=دو, area=95, condition=2 ساله, place=فرمانیه, link=https://delta.ir/detail/79775>
2025-09-27 12:08:36,613 - ERROR - couldnt insert due to 1264 (22003): Out of range value for column 'PRICE' at row 1
2025-09-27 12:08:36,620 - INFO - Saved apartment: <Apartment id=79769, price=6300000000, room=دو, area=63.5, condition=بیش از ۲۰ سال ساخت, place=پونک, link=https://delta.ir/detail/79769>
2025-09-27 12:08:36,718 - ERROR - couldnt insert due to 1264 (22003): Out of range value for column 'PRICE' at row 1
2025-09-27 12:08:36,724 - INFO - Saved apartment: <Apartment id=79768, price=8000000000, room=دو, area=80, condition=14 ساله, place=بلوار فردوس, link=https://delta.ir/detail/79768>
2025-09-27 12:08:36,844 - ERROR - couldnt insert due to 1264 (22003): Out of range value for column 'PRICE' at row 1
2025-09-27 12:08:36,851 - INFO - Saved apartment: <Apartment id=79757, price=18800000000, room=دو, area=97, condition=17 ساله, place=قیطریه, link=https://delta.ir/detail/79757>
2025-09-27 12:08:36,972 - ERROR - couldnt insert due to 1264 (22003): Out of range value for column 'PRICE' at row 1
2025-09-27 12:08:36,980 - INFO - Saved apartment: <Apartment id=79756, price=18000000000, room=دو, area=100, condition=9 ساله, place=پاسداران - ض..., link=https://delta.ir/detail/79756>
2025-09-27 12:08:37,094 - ERROR - couldnt insert due to 1264 (22003): Out of range value for column 'PRICE' at row 1
2025-09-27 12:08:37,101 - INFO - Saved apartment: <Apartment id=79751, price=7100000000, room=یک, area=63, condition=11 ساله, place=پونک, link=https://delta.ir/detail/79751>
2025-09-27 12:08:37,183 - ERROR - couldnt insert due to 1264 (22003): Out of range value for column 'PRICE' at row 1
2025-09-27 12:08:37,190 - INFO - Saved apartment: <Apartment id=77146, price=6000000000, room=دو, area=105, condition=نوساز, place=چیتگر, link=https://delta.ir/detail/77146>
2025-09-27 12:08:37,277 - ERROR - couldnt insert due to 1264 (22003): Out of range value for column 'PRICE' at row 1
2025-09-27 12:08:40,857 - INFO - Clicked 'More' button
2025-09-27 12:08:41,210 - INFO - Saved apartment: <Apartment id=79697, price=26500000000, room=دو, area=90, condition=نوساز, place=دولت (کلاهدو..., link=https://delta.ir/detail/79697>
2025-09-27 12:08:41,319 - ERROR - couldnt insert due to 1264 (22003): Out of range value for column 'PRICE' at row 1
2025-09-27 12:08:41,328 - INFO - Saved apartment: <Apartment id=79692, price=4500000000, room=یک, area=49, condition=7 ساله, place=بهار, link=https://delta.ir/detail/79692>
2025-09-27 12:08:41,437 - ERROR - couldnt insert due to 1264 (22003): Out of range value for column 'PRICE' at row 1
2025-09-27 12:08:41,448 - INFO - Saved apartment: <Apartment id=79691, price=4800000000, room=دو, area=95, condition=نوساز, place=هفده شهریور, link=https://delta.ir/detail/79691>
2025-09-27 12:08:41,558 - ERROR - couldnt insert due to 1264 (22003): Out of range value for column 'PRICE' at row 1
2025-09-27 12:08:41,564 - INFO - Saved apartment: <Apartment id=79686, price=5200000000, room=دو, area=100, condition=بیش از ۲۰ سال ساخت, place=شهرری, link=https://delta.ir/detail/79686>
2025-09-27 12:08:41,655 - ERROR - couldnt insert due to 1264 (22003): Out of range value for column 'PRICE' at row 1
2025-09-27 12:08:41,663 - INFO - Saved apartment: <Apartment id=79679, price=19000000000, room=سه, area=123, condition=14 ساله, place=پاسداران, link=https://delta.ir/detail/79679>
2025-09-27 12:08:41,761 - ERROR - couldnt insert due to 1264 (22003): Out of range value for column 'PRICE' at row 1
2025-09-27 12:08:41,767 - INFO - Saved apartment: <Apartment id=79677, price=17500000000, room=دو, area=110, condition=20 ساله, place=قلهک, link=https://delta.ir/detail/79677>
2025-09-27 12:08:41,847 - ERROR - couldnt insert due to 1264 (22003): Out of range value for column 'PRICE' at row 1
2025-09-27 12:08:41,856 - INFO - Saved apartment: <Apartment id=79675, price=9000000000, room=دو, area=65, condition=10 ساله, place=سید خندان, link=https://delta.ir/detail/79675>
2025-09-27 12:08:41,946 - ERROR - couldnt insert due to 1264 (22003): Out of range value for column 'PRICE' at row 1
2025-09-27 12:08:41,952 - INFO - Saved apartment: <Apartment id=79673, price=8000000000, room=دو, area=75, condition=8 ساله, place=جنت آباد جنو..., link=https://delta.ir/detail/79673>
2025-09-27 12:08:42,063 - ERROR - couldnt insert due to 1264 (22003): Out of range value for column 'PRICE' at row 1
2025-09-27 12:08:42,068 - INFO - Saved apartment: <Apartment id=79665, price=16899999999, room=دو, area=112, condition=19 ساله, place=اختیاریه, link=https://delta.ir/detail/79665>
2025-09-27 12:08:42,162 - ERROR - couldnt insert due to 1264 (22003): Out of range value for column 'PRICE' at row 1
2025-09-27 12:08:42,167 - INFO - Saved apartment: <Apartment id=79647, price=26300000000, room=دو, area=118, condition=5 ساله, place=سعادت آباد, link=https://delta.ir/detail/79647>
2025-09-27 12:08:42,265 - ERROR - couldnt insert due to 1264 (22003): Out of range value for column 'PRICE' at row 1
2025-09-27 12:08:42,271 - INFO - Saved apartment: <Apartment id=79645, price=13400000000, room=دو, area=99, condition=6 ساله, place=رودکی(سلسبیل..., link=https://delta.ir/detail/79645>
2025-09-27 12:08:42,378 - ERROR - couldnt insert due to 1264 (22003): Out of range value for column 'PRICE' at row 1
2025-09-27 12:08:42,385 - INFO - Saved apartment: <Apartment id=79636, price=20800000000, room=دو, area=95, condition=1 ساله, place=دولت (کلاهدو..., link=https://delta.ir/detail/79636>
2025-09-27 12:08:42,495 - ERROR - couldnt insert due to 1264 (22003): Out of range value for column 'PRICE' at row 1
2025-09-27 12:08:42,504 - INFO - Saved apartment: <Apartment id=79634, price=8500000000, room=دو, area=79, condition=1 ساله, place=جنت آباد مرک..., link=https://delta.ir/detail/79634>
2025-09-27 12:08:42,611 - ERROR - couldnt insert due to 1264 (22003): Out of range value for column 'PRICE' at row 1
2025-09-27 12:08:42,617 - INFO - Saved apartment: <Apartment id=79633, price=9500000000, room=یک, area=50, condition=نوساز, place=میرداماد, link=https://delta.ir/detail/79633>
2025-09-27 12:08:42,718 - ERROR - couldnt insert due to 1264 (22003): Out of range value for column 'PRICE' at row 1
2025-09-27 12:08:42,724 - INFO - Saved apartment: <Apartment id=79631, price=2500000000, room=یک, area=50, condition=14 ساله, place=قزوین, link=https://delta.ir/detail/79631>
2025-09-27 12:08:42,816 - INFO - inserted succesfully to apartment table 
2025-09-27 12:08:42,821 - INFO - Saved apartment: <Apartment id=79629, price=18000000000, room=یک, area=84, condition=2 ساله, place=دولت (کلاهدو..., link=https://delta.ir/detail/79629>
2025-09-27 12:08:42,909 - ERROR - couldnt insert due to 1264 (22003): Out of range value for column 'PRICE' at row 1
2025-09-27 12:08:46,422 - INFO - Clicked 'More' button
2025-09-27 12:08:46,915 - INFO - Saved apartment: <Apartment id=79603, price=19700000000, room=دو, area=100, condition=13 ساله, place=ملاصدرا, link=https://delta.ir/detail/79603>
2025-09-27 12:08:47,000 - ERROR - couldnt insert due to 1264 (22003): Out of range value for column 'PRICE' at row 1
2025-09-27 12:08:47,005 - INFO - Saved apartment: <Apartment id=79600, price=8600000000, room=دو, area=88, condition=15 ساله, place=کوی بیمه, link=https://delta.ir/detail/79600>
2025-09-27 12:08:47,088 - ERROR - couldnt insert due to 1264 (22003): Out of range value for column 'PRICE' at row 1
2025-09-27 12:08:47,094 - INFO - Saved apartment: <Apartment id=79599, price=22900000000, room=سه, area=140, condition=14 ساله, place=شیخ بهایی, link=https://delta.ir/detail/79599>
2025-09-27 12:08:47,213 - ERROR - couldnt insert due to 1264 (22003): Out of range value for column 'PRICE' at row 1
2025-09-27 12:08:47,220 - INFO - Saved apartment: <Apartment id=79597, price=8600000000, room=دو, area=88, condition=15 ساله, place=شهران شمالی, link=https://delta.ir/detail/79597>
2025-09-27 12:08:47,332 - ERROR - couldnt insert due to 1264 (22003): Out of range value for column 'PRICE' at row 1
2025-09-27 12:08:47,337 - INFO - Saved apartment: <Apartment id=79593, price=16700000000, room=دو, area=90, condition=17 ساله, place=قبا, link=https://delta.ir/detail/79593>
2025-09-27 12:08:47,421 - ERROR - couldnt insert due to 1264 (22003): Out of range value for column 'PRICE' at row 1
2025-09-27 12:08:47,427 - INFO - Saved apartment: <Apartment id=79588, price=10900000000, room=دو, area=85, condition=9 ساله, place=نیروی دریایی, link=https://delta.ir/detail/79588>
2025-09-27 12:08:47,551 - ERROR - couldnt insert due to 1264 (22003): Out of range value for column 'PRICE' at row 1
2025-09-27 12:08:47,559 - INFO - Saved apartment: <Apartment id=79586, price=32000000000, room=سه, area=145, condition=4 ساله, place=جردن, link=https://delta.ir/detail/79586>
2025-09-27 12:08:47,675 - ERROR - couldnt insert due to 1264 (22003): Out of range value for column 'PRICE' at row 1
2025-09-27 12:08:47,682 - INFO - Saved apartment: <Apartment id=79585, price=21500000000, room=سه, area=122, condition=نوساز, place=جنت آباد جنو..., link=https://delta.ir/detail/79585>
2025-09-27 12:08:47,789 - ERROR - couldnt insert due to 1264 (22003): Out of range value for column 'PRICE' at row 1
2025-09-27 12:08:47,795 - INFO - Saved apartment: <Apartment id=79583, price=15000000000, room=دو, area=85, condition=نوساز, place=جنت آباد جنو..., link=https://delta.ir/detail/79583>
2025-09-27 12:08:47,879 - ERROR - couldnt insert due to 1264 (22003): Out of range value for column 'PRICE' at row 1
2025-09-27 12:08:47,885 - INFO - Saved apartment: <Apartment id=79575, price=62100000000, room=چهار, area=270, condition=نوساز, place=جردن, link=https://delta.ir/detail/79575>
2025-09-27 12:08:48,006 - ERROR - couldnt insert due to 1264 (22003): Out of range value for column 'PRICE' at row 1
2025-09-27 12:08:48,013 - INFO - Saved apartment: <Apartment id=79568, price=79000000000, room=چهار, area=266, condition=نوساز, place=نیاوران, link=https://delta.ir/detail/79568>
2025-09-27 12:08:48,109 - ERROR - couldnt insert due to 1264 (22003): Out of range value for column 'PRICE' at row 1
2025-09-27 12:08:48,116 - INFO - Saved apartment: <Apartment id=79558, price=19300000000, room=سه, area=140, condition=10 ساله, place=ظفر, link=https://delta.ir/detail/79558>
2025-09-27 12:08:48,238 - ERROR - couldnt insert due to 1264 (22003): Out of range value for column 'PRICE' at row 1
2025-09-27 12:08:48,246 - INFO - Saved apartment: <Apartment id=79547, price=35000000000, room=سه, area=153, condition=19 ساله, place=زعفرانیه, link=https://delta.ir/detail/79547>
2025-09-27 12:08:48,369 - ERROR - couldnt insert due to 1264 (22003): Out of range value for column 'PRICE' at row 1
2025-09-27 12:08:48,377 - INFO - Saved apartment: <Apartment id=79546, price=6500000000, room=دو, area=72, condition=3 ساله, place=پیروزی, link=https://delta.ir/detail/79546>
2025-09-27 12:08:48,481 - ERROR - couldnt insert due to 1264 (22003): Out of range value for column 'PRICE' at row 1
2025-09-27 12:08:48,486 - INFO - Saved apartment: <Apartment id=79545, price=22000000000, room=دو, area=110, condition=19 ساله, place=قیطریه, link=https://delta.ir/detail/79545>
2025-09-27 12:08:48,579 - ERROR - couldnt insert due to 1264 (22003): Out of range value for column 'PRICE' at row 1
2025-09-27 12:08:48,584 - INFO - Saved apartment: <Apartment id=79544, price=3800000000, room=یک, area=60, condition=4 ساله, place=خزانه, link=https://delta.ir/detail/79544>
2025-09-27 12:08:48,697 - INFO - inserted succesfully to apartment table 
2025-09-27 12:08:52,336 - INFO - Clicked 'More' button
2025-09-27 12:08:52,697 - INFO - Saved apartment: <Apartment id=68269, price=27000000000, room=سه, area=170, condition=9 ساله, place=جردن, link=https://delta.ir/detail/68269>
2025-09-27 12:08:52,780 - ERROR - couldnt insert due to 1264 (22003): Out of range value for column 'PRICE' at row 1
2025-09-27 12:08:52,784 - INFO - Saved apartment: <Apartment id=70712, price=16300000000, room=دو, area=110, condition=بیش از ۲۰ سال ساخت, place=جردن, link=https://delta.ir/detail/70712>
2025-09-27 12:08:52,876 - ERROR - couldnt insert due to 1264 (22003): Out of range value for column 'PRICE' at row 1
2025-09-27 12:08:52,880 - INFO - Saved apartment: <Apartment id=70869, price=18800000000, room=دو, area=130, condition=19 ساله, place=جردن, link=https://delta.ir/detail/70869>
2025-09-27 12:08:52,974 - ERROR - couldnt insert due to 1264 (22003): Out of range value for column 'PRICE' at row 1
2025-09-27 12:08:52,982 - INFO - Saved apartment: <Apartment id=73788, price=16899999999, room=دو, area=90, condition=4 ساله, place=جردن, link=https://delta.ir/detail/73788>
2025-09-27 12:08:53,093 - ERROR - couldnt insert due to 1264 (22003): Out of range value for column 'PRICE' at row 1
2025-09-27 12:08:53,099 - INFO - Saved apartment: <Apartment id=79526, price=16500000000, room=یک, area=115, condition=20 ساله, place=پاسداران, link=https://delta.ir/detail/79526>
2025-09-27 12:08:53,201 - ERROR - couldnt insert due to 1264 (22003): Out of range value for column 'PRICE' at row 1
2025-09-27 12:08:53,208 - INFO - Saved apartment: <Apartment id=79524, price=37900000000, room=سه, area=190, condition=7 ساله, place=اقدسیه (منطق..., link=https://delta.ir/detail/79524>
2025-09-27 12:08:53,340 - ERROR - couldnt insert due to 1264 (22003): Out of range value for column 'PRICE' at row 1
2025-09-27 12:08:53,349 - INFO - Saved apartment: <Apartment id=79518, price=35000000000, room=دو, area=160, condition=نوساز, place=دولت (کلاهدو..., link=https://delta.ir/detail/79518>
2025-09-27 12:08:53,473 - ERROR - couldnt insert due to 1264 (22003): Out of range value for column 'PRICE' at row 1
2025-09-27 12:08:53,481 - INFO - Saved apartment: <Apartment id=79514, price=30000000000, room=دو, area=120, condition=14 ساله, place=نیاوران, link=https://delta.ir/detail/79514>
2025-09-27 12:08:53,599 - ERROR - couldnt insert due to 1264 (22003): Out of range value for column 'PRICE' at row 1
2025-09-27 12:08:53,607 - INFO - Saved apartment: <Apartment id=79513, price=33000000000, room=دو, area=120, condition=1 ساله, place=زعفرانیه, link=https://delta.ir/detail/79513>
2025-09-27 12:08:53,726 - ERROR - couldnt insert due to 1264 (22003): Out of range value for column 'PRICE' at row 1
2025-09-27 12:08:53,734 - INFO - Saved apartment: <Apartment id=73150, price=33500000000, room=سه, area=140, condition=14 ساله, place=زعفرانیه, link=https://delta.ir/detail/73150>
2025-09-27 12:08:53,829 - ERROR - couldnt insert due to 1264 (22003): Out of range value for column 'PRICE' at row 1
2025-09-27 12:08:53,837 - INFO - Saved apartment: <Apartment id=77039, price=20000000000, room=دو, area=90, condition=12 ساله, place=زعفرانیه, link=https://delta.ir/detail/77039>
2025-09-27 12:08:53,952 - ERROR - couldnt insert due to 1264 (22003): Out of range value for column 'PRICE' at row 1
2025-09-27 12:08:53,958 - INFO - Saved apartment: <Apartment id=77046, price=53600000000, room=سه, area=160, condition=نوساز, place=محمودیه, link=https://delta.ir/detail/77046>
2025-09-27 12:08:54,057 - ERROR - couldnt insert due to 1264 (22003): Out of range value for column 'PRICE' at row 1
2025-09-27 12:08:54,062 - INFO - Saved apartment: <Apartment id=79502, price=6800000000, room=یک, area=57, condition=1 ساله, place=جواديه تهران..., link=https://delta.ir/detail/79502>
2025-09-27 12:08:54,159 - ERROR - couldnt insert due to 1264 (22003): Out of range value for column 'PRICE' at row 1
2025-09-27 12:08:54,165 - INFO - Saved apartment: <Apartment id=79497, price=16500000000, room=دو, area=105, condition=نوساز, place=دیباجی جنوبی, link=https://delta.ir/detail/79497>
2025-09-27 12:08:54,262 - ERROR - couldnt insert due to 1264 (22003): Out of range value for column 'PRICE' at row 1
2025-09-27 12:08:54,269 - INFO - Saved apartment: <Apartment id=79494, price=6500000000, room=دو, area=65, condition=18 ساله, place=کوی بیمه, link=https://delta.ir/detail/79494>
2025-09-27 12:08:54,391 - ERROR - couldnt insert due to 1264 (22003): Out of range value for column 'PRICE' at row 1
2025-09-27 12:08:54,400 - INFO - Saved apartment: <Apartment id=79487, price=32000000000, room=سه, area=186, condition=بیش از ۲۰ سال ساخت, place=جردن, link=https://delta.ir/detail/79487>
2025-09-27 12:08:54,514 - ERROR - couldnt insert due to 1264 (22003): Out of range value for column 'PRICE' at row 1
2025-09-27 12:08:58,061 - INFO - Clicked 'More' button
2025-09-27 12:08:58,393 - INFO - Saved apartment: <Apartment id=79432, price=68000000000, room=سه, area=200, condition=5 ساله, place=زعفرانیه, link=https://delta.ir/detail/79432>
2025-09-27 12:08:58,477 - ERROR - couldnt insert due to 1264 (22003): Out of range value for column 'PRICE' at row 1
2025-09-27 12:08:58,482 - INFO - Saved apartment: <Apartment id=79431, price=18800000000, room=دو, area=112, condition=14 ساله, place=شیخ بهایی, link=https://delta.ir/detail/79431>
2025-09-27 12:08:58,601 - ERROR - couldnt insert due to 1264 (22003): Out of range value for column 'PRICE' at row 1
2025-09-27 12:08:58,606 - INFO - Saved apartment: <Apartment id=79428, price=10500000000, room=دو, area=90, condition=8 ساله, place=سازمان برنام..., link=https://delta.ir/detail/79428>
2025-09-27 12:08:58,726 - ERROR - couldnt insert due to 1264 (22003): Out of range value for column 'PRICE' at row 1
2025-09-27 12:08:58,734 - INFO - Saved apartment: <Apartment id=79427, price=14600000000, room=دو, area=100, condition=7 ساله, place=اختیاریه, link=https://delta.ir/detail/79427>
2025-09-27 12:08:58,850 - ERROR - couldnt insert due to 1264 (22003): Out of range value for column 'PRICE' at row 1
2025-09-27 12:08:58,860 - INFO - Saved apartment: <Apartment id=79425, price=27000000000, room=دو, area=164, condition=بیش از ۲۰ سال ساخت, place=تجریش, link=https://delta.ir/detail/79425>
2025-09-27 12:08:58,961 - ERROR - couldnt insert due to 1264 (22003): Out of range value for column 'PRICE' at row 1
2025-09-27 12:08:58,965 - INFO - Saved apartment: <Apartment id=79424, price=14200000000, room=دو, area=108, condition=16 ساله, place=هروی, link=https://delta.ir/detail/79424>
2025-09-27 12:08:59,053 - ERROR - couldnt insert due to 1264 (22003): Out of range value for column 'PRICE' at row 1
2025-09-27 12:08:59,057 - INFO - Saved apartment: <Apartment id=79422, price=25000000000, room=دو, area=121, condition=20 ساله, place=نیاوران, link=https://delta.ir/detail/79422>
2025-09-27 12:08:59,147 - ERROR - couldnt insert due to 1264 (22003): Out of range value for column 'PRICE' at row 1
2025-09-27 12:08:59,154 - INFO - Saved apartment: <Apartment id=79421, price=32000000000, room=سه, area=160, condition=7 ساله, place=فرمانیه, link=https://delta.ir/detail/79421>
2025-09-27 12:08:59,257 - ERROR - couldnt insert due to 1264 (22003): Out of range value for column 'PRICE' at row 1
2025-09-27 12:08:59,262 - INFO - Saved apartment: <Apartment id=79420, price=21000000000, room=سه, area=163, condition=بیش از ۲۰ سال ساخت, place=جردن, link=https://delta.ir/detail/79420>
2025-09-27 12:08:59,362 - ERROR - couldnt insert due to 1264 (22003): Out of range value for column 'PRICE' at row 1
2025-09-27 12:08:59,370 - INFO - Saved apartment: <Apartment id=79416, price=41000000000, room=دو, area=127, condition=بیش از ۲۰ سال ساخت, place=آجودانیه, link=https://delta.ir/detail/79416>
2025-09-27 12:08:59,477 - ERROR - couldnt insert due to 1264 (22003): Out of range value for column 'PRICE' at row 1
2025-09-27 12:08:59,483 - INFO - Saved apartment: <Apartment id=79415, price=18400000000, room=یک, area=84, condition=3 ساله, place=اختیاریه, link=https://delta.ir/detail/79415>
2025-09-27 12:08:59,597 - ERROR - couldnt insert due to 1264 (22003): Out of range value for column 'PRICE' at row 1
2025-09-27 12:08:59,605 - INFO - Saved apartment: <Apartment id=79412, price=16500000000, room=دو, area=115, condition=9 ساله, place=پاسداران, link=https://delta.ir/detail/79412>
2025-09-27 12:08:59,723 - ERROR - couldnt insert due to 1264 (22003): Out of range value for column 'PRICE' at row 1
2025-09-27 12:08:59,734 - INFO - Saved apartment: <Apartment id=79410, price=17000000000, room=سه, area=132, condition=10 ساله, place=هروی, link=https://delta.ir/detail/79410>
2025-09-27 12:08:59,864 - ERROR - couldnt insert due to 1264 (22003): Out of range value for column 'PRICE' at row 1
2025-09-27 12:08:59,872 - INFO - Saved apartment: <Apartment id=79407, price=21000000000, room=یک, area=85, condition=10 ساله, place=دروس, link=https://delta.ir/detail/79407>
2025-09-27 12:08:59,975 - ERROR - couldnt insert due to 1264 (22003): Out of range value for column 'PRICE' at row 1
2025-09-27 12:08:59,983 - INFO - Saved apartment: <Apartment id=79400, price=25000000000, room=سه, area=145, condition=5 ساله, place=دولت (کلاهدو..., link=https://delta.ir/detail/79400>
2025-09-27 12:09:00,090 - ERROR - couldnt insert due to 1264 (22003): Out of range value for column 'PRICE' at row 1
2025-09-27 12:09:00,097 - INFO - Saved apartment: <Apartment id=79397, price=24000000000, room=دو, area=135, condition=10 ساله, place=سه راه منظری..., link=https://delta.ir/detail/79397>
2025-09-27 12:09:00,181 - ERROR - couldnt insert due to 1264 (22003): Out of range value for column 'PRICE' at row 1
2025-09-27 12:09:39,830 - INFO - database apartment created succesfully
2025-09-27 12:09:39,949 - INFO - created the TABLE seccefully
2025-09-27 12:10:11,665 - INFO - No more button found. End of listings.
2025-09-27 12:10:15,127 - INFO - Scraping finished. Total 0 apartments collected.
2025-09-27 12:11:48,473 - INFO - database apartment created succesfully
2025-09-27 12:11:48,607 - INFO - created the TABLE seccefully
2025-09-27 12:12:29,606 - INFO - Saved apartment: <Apartment id=79848, price=70000000000, room=سه, area=235, condition=نوساز, place=زعفرانیه, link=https://delta.ir/detail/79848>
2025-09-27 12:12:29,657 - INFO - inserted succesfully to apartment table 
2025-09-27 12:12:29,662 - INFO - Saved apartment: <Apartment id=79100, price=32000000000, room=سه, area=160, condition=12 ساله, place=سعادت آباد, link=https://delta.ir/detail/79100>
2025-09-27 12:12:29,734 - INFO - inserted succesfully to apartment table 
2025-09-27 12:12:29,737 - INFO - Saved apartment: <Apartment id=79847, price=20500000000, room=دو, area=102, condition=3 ساله, place=پاسداران, link=https://delta.ir/detail/79847>
2025-09-27 12:12:29,807 - INFO - inserted succesfully to apartment table 
2025-09-27 12:12:29,813 - INFO - Saved apartment: <Apartment id=78100, price=32500000000, room=دو, area=95, condition=6 ساله, place=شهرک غرب, link=https://delta.ir/detail/78100>
2025-09-27 12:12:29,908 - INFO - inserted succesfully to apartment table 
2025-09-27 12:12:29,912 - INFO - Saved apartment: <Apartment id=78307, price=29900000000, room=دو, area=107, condition=1 ساله, place=شهرک غرب, link=https://delta.ir/detail/78307>
2025-09-27 12:12:29,999 - INFO - inserted succesfully to apartment table 
2025-09-27 12:12:30,005 - INFO - Saved apartment: <Apartment id=79843, price=7500000000, room=یک, area=66, condition=5 ساله, place=بلوار فردوس, link=https://delta.ir/detail/79843>
2025-09-27 12:12:30,096 - INFO - inserted succesfully to apartment table 
2025-09-27 12:12:30,100 - INFO - Saved apartment: <Apartment id=79842, price=18000000000, room=دو, area=90, condition=3 ساله, place=دولت (کلاهدو..., link=https://delta.ir/detail/79842>
2025-09-27 12:12:30,175 - INFO - inserted succesfully to apartment table 
2025-09-27 12:12:30,179 - INFO - Saved apartment: <Apartment id=79841, price=21600000000, room=دو, area=120, condition=13 ساله, place=شهرک غرب, link=https://delta.ir/detail/79841>
2025-09-27 12:12:30,261 - INFO - inserted succesfully to apartment table 
2025-09-27 12:12:30,268 - INFO - Saved apartment: <Apartment id=79839, price=43500000000, room=سه, area=140, condition=1 ساله, place=شهرک غرب, link=https://delta.ir/detail/79839>
2025-09-27 12:12:30,377 - INFO - inserted succesfully to apartment table 
2025-09-27 12:12:30,381 - INFO - Saved apartment: <Apartment id=72658, price=56000000000, room=سه, area=220, condition=5 ساله, place=شهرک غرب, link=https://delta.ir/detail/72658>
2025-09-27 12:12:30,468 - INFO - inserted succesfully to apartment table 
2025-09-27 12:12:33,781 - INFO - Clicked 'More' button
2025-09-27 12:12:34,040 - INFO - Saved apartment: <Apartment id=79793, price=33799999999, room=سه, area=150, condition=نوساز, place=الهیه, link=https://delta.ir/detail/79793>
2025-09-27 12:12:34,109 - INFO - inserted succesfully to apartment table 
2025-09-27 12:12:34,113 - INFO - Saved apartment: <Apartment id=71908, price=41500000000, room=سه, area=150, condition=نوساز, place=شهرک غرب, link=https://delta.ir/detail/71908>
2025-09-27 12:12:34,207 - INFO - inserted succesfully to apartment table 
2025-09-27 12:12:34,213 - INFO - Saved apartment: <Apartment id=74129, price=52000000000, room=سه, area=174, condition=نوساز, place=شهرک غرب, link=https://delta.ir/detail/74129>
2025-09-27 12:12:34,277 - INFO - inserted succesfully to apartment table 
2025-09-27 12:12:34,281 - INFO - Saved apartment: <Apartment id=79791, price=25600000000, room=دو, area=114, condition=نوساز, place=الهیه, link=https://delta.ir/detail/79791>
2025-09-27 12:12:34,380 - INFO - inserted succesfully to apartment table 
2025-09-27 12:12:34,384 - INFO - Saved apartment: <Apartment id=79790, price=25000000000, room=دو, area=125, condition=نوساز, place=میرداماد, link=https://delta.ir/detail/79790>
2025-09-27 12:12:34,431 - INFO - inserted succesfully to apartment table 
2025-09-27 12:12:34,434 - INFO - Saved apartment: <Apartment id=79138, price=13500000000, room=دو, area=95, condition=20 ساله, place=میرداماد, link=https://delta.ir/detail/79138>
2025-09-27 12:12:34,480 - INFO - inserted succesfully to apartment table 
2025-09-27 12:12:34,484 - INFO - Saved apartment: <Apartment id=79143, price=32799999999, room=سه, area=193, condition=1 ساله, place=ظفر, link=https://delta.ir/detail/79143>
2025-09-27 12:12:34,530 - INFO - inserted succesfully to apartment table 
2025-09-27 12:12:34,533 - INFO - Saved apartment: <Apartment id=79781, price=6700000000, room=یک, area=69, condition=بیش از ۲۰ سال ساخت, place=توحید, link=https://delta.ir/detail/79781>
2025-09-27 12:12:34,571 - INFO - inserted succesfully to apartment table 
2025-09-27 12:12:34,574 - INFO - Saved apartment: <Apartment id=79776, price=18700000000, room=دو, area=97, condition=15 ساله, place=قیطریه, link=https://delta.ir/detail/79776>
2025-09-27 12:12:34,624 - INFO - inserted succesfully to apartment table 
2025-09-27 12:12:34,630 - INFO - Saved apartment: <Apartment id=79775, price=21500000000, room=دو, area=95, condition=2 ساله, place=فرمانیه, link=https://delta.ir/detail/79775>
2025-09-27 12:12:34,715 - INFO - inserted succesfully to apartment table 
2025-09-27 12:12:34,724 - INFO - Saved apartment: <Apartment id=79769, price=6300000000, room=دو, area=63.5, condition=بیش از ۲۰ سال ساخت, place=پونک, link=https://delta.ir/detail/79769>
2025-09-27 12:12:34,806 - INFO - inserted succesfully to apartment table 
2025-09-27 12:12:34,811 - INFO - Saved apartment: <Apartment id=79768, price=8000000000, room=دو, area=80, condition=14 ساله, place=بلوار فردوس, link=https://delta.ir/detail/79768>
2025-09-27 12:12:34,899 - INFO - inserted succesfully to apartment table 
2025-09-27 12:12:34,905 - INFO - Saved apartment: <Apartment id=79757, price=18800000000, room=دو, area=97, condition=17 ساله, place=قیطریه, link=https://delta.ir/detail/79757>
2025-09-27 12:12:34,984 - INFO - inserted succesfully to apartment table 
2025-09-27 12:12:34,990 - INFO - Saved apartment: <Apartment id=79756, price=18000000000, room=دو, area=100, condition=9 ساله, place=پاسداران - ض..., link=https://delta.ir/detail/79756>
2025-09-27 12:12:35,067 - INFO - inserted succesfully to apartment table 
2025-09-27 12:12:35,071 - INFO - Saved apartment: <Apartment id=79751, price=7100000000, room=یک, area=63, condition=11 ساله, place=پونک, link=https://delta.ir/detail/79751>
2025-09-27 12:12:35,160 - INFO - inserted succesfully to apartment table 
2025-09-27 12:12:35,165 - INFO - Saved apartment: <Apartment id=77146, price=6000000000, room=دو, area=105, condition=نوساز, place=چیتگر, link=https://delta.ir/detail/77146>
2025-09-27 12:12:35,209 - INFO - inserted succesfully to apartment table 
2025-09-27 12:21:52,086 - INFO - Saved apartment: <Apartment id=79852, price=37200000000, room=3, area=155, condition=10 ساله, place=سعادت آباد, link=https://delta.ir/detail/79852>
2025-09-27 12:21:52,138 - INFO - inserted succesfully to apartment table 
2025-09-27 12:21:52,142 - INFO - Saved apartment: <Apartment id=79848, price=70000000000, room=3, area=235, condition=نوساز, place=زعفرانیه, link=https://delta.ir/detail/79848>
2025-09-27 12:21:52,210 - INFO - inserted succesfully to apartment table 
2025-09-27 12:21:52,216 - INFO - Saved apartment: <Apartment id=79100, price=32000000000, room=3, area=160, condition=12 ساله, place=سعادت آباد, link=https://delta.ir/detail/79100>
2025-09-27 12:21:52,315 - INFO - inserted succesfully to apartment table 
2025-09-27 12:21:52,319 - INFO - Saved apartment: <Apartment id=79847, price=20500000000, room=2, area=102, condition=3 ساله, place=پاسداران, link=https://delta.ir/detail/79847>
2025-09-27 12:21:52,382 - INFO - inserted succesfully to apartment table 
2025-09-27 12:21:52,387 - INFO - Saved apartment: <Apartment id=78100, price=32500000000, room=2, area=95, condition=6 ساله, place=شهرک غرب, link=https://delta.ir/detail/78100>
2025-09-27 12:21:52,445 - INFO - inserted succesfully to apartment table 
2025-09-27 12:21:52,449 - INFO - Saved apartment: <Apartment id=78307, price=29900000000, room=2, area=107, condition=1 ساله, place=شهرک غرب, link=https://delta.ir/detail/78307>
2025-09-27 12:21:52,493 - INFO - inserted succesfully to apartment table 
2025-09-27 12:21:52,496 - INFO - Saved apartment: <Apartment id=79843, price=7500000000, room=1, area=66, condition=5 ساله, place=بلوار فردوس, link=https://delta.ir/detail/79843>
2025-09-27 12:21:52,557 - INFO - inserted succesfully to apartment table 
2025-09-27 12:21:52,561 - INFO - Saved apartment: <Apartment id=79842, price=18000000000, room=2, area=90, condition=3 ساله, place=دولت (کلاهدو..., link=https://delta.ir/detail/79842>
2025-09-27 12:21:52,612 - INFO - inserted succesfully to apartment table 
2025-09-27 12:21:52,617 - INFO - Saved apartment: <Apartment id=79841, price=21600000000, room=2, area=120, condition=13 ساله, place=شهرک غرب, link=https://delta.ir/detail/79841>
2025-09-27 12:21:52,671 - INFO - inserted succesfully to apartment table 
2025-09-27 12:21:52,675 - INFO - Saved apartment: <Apartment id=79839, price=43500000000, room=3, area=140, condition=1 ساله, place=شهرک غرب, link=https://delta.ir/detail/79839>
2025-09-27 12:21:52,713 - INFO - inserted succesfully to apartment table 
2025-09-27 12:21:56,160 - INFO - Clicked 'More' button
2025-09-27 12:21:56,407 - INFO - Saved apartment: <Apartment id=79083, price=150000000000, room=4, area=280, condition=نوساز, place=سعادت آباد, link=https://delta.ir/detail/79083>
2025-09-27 12:21:56,443 - INFO - inserted succesfully to apartment table 
2025-09-27 12:21:56,445 - INFO - Saved apartment: <Apartment id=79793, price=33799999999, room=3, area=150, condition=نوساز, place=الهیه, link=https://delta.ir/detail/79793>
2025-09-27 12:21:56,480 - INFO - inserted succesfully to apartment table 
2025-09-27 12:21:56,482 - INFO - Saved apartment: <Apartment id=71908, price=41500000000, room=3, area=150, condition=نوساز, place=شهرک غرب, link=https://delta.ir/detail/71908>
2025-09-27 12:21:56,517 - INFO - inserted succesfully to apartment table 
2025-09-27 12:21:56,519 - INFO - Saved apartment: <Apartment id=74129, price=52000000000, room=3, area=174, condition=نوساز, place=شهرک غرب, link=https://delta.ir/detail/74129>
2025-09-27 12:21:56,555 - INFO - inserted succesfully to apartment table 
2025-09-27 12:21:56,557 - INFO - Saved apartment: <Apartment id=79791, price=25600000000, room=2, area=114, condition=نوساز, place=الهیه, link=https://delta.ir/detail/79791>
2025-09-27 12:21:56,589 - INFO - inserted succesfully to apartment table 
2025-09-27 12:21:56,592 - INFO - Saved apartment: <Apartment id=79790, price=25000000000, room=2, area=125, condition=نوساز, place=میرداماد, link=https://delta.ir/detail/79790>
2025-09-27 12:21:56,624 - INFO - inserted succesfully to apartment table 
2025-09-27 12:21:56,626 - INFO - Saved apartment: <Apartment id=79138, price=13500000000, room=2, area=95, condition=20 ساله, place=میرداماد, link=https://delta.ir/detail/79138>
2025-09-27 12:21:56,665 - INFO - inserted succesfully to apartment table 
2025-09-27 12:21:56,668 - INFO - Saved apartment: <Apartment id=79143, price=32799999999, room=3, area=193, condition=1 ساله, place=ظفر, link=https://delta.ir/detail/79143>
2025-09-27 12:21:56,707 - INFO - inserted succesfully to apartment table 
2025-09-27 12:21:56,709 - INFO - Saved apartment: <Apartment id=79781, price=6700000000, room=1, area=69, condition=بیش از ۲۰ سال ساخت, place=توحید, link=https://delta.ir/detail/79781>
2025-09-27 12:21:56,748 - INFO - inserted succesfully to apartment table 
2025-09-27 12:21:56,752 - INFO - Saved apartment: <Apartment id=79776, price=18700000000, room=2, area=97, condition=15 ساله, place=قیطریه, link=https://delta.ir/detail/79776>
2025-09-27 12:21:56,800 - INFO - inserted succesfully to apartment table 
2025-09-27 12:21:56,803 - INFO - Saved apartment: <Apartment id=79775, price=21500000000, room=2, area=95, condition=2 ساله, place=فرمانیه, link=https://delta.ir/detail/79775>
2025-09-27 12:21:56,848 - INFO - inserted succesfully to apartment table 
2025-09-27 12:21:56,850 - INFO - Saved apartment: <Apartment id=79769, price=6300000000, room=2, area=63.5, condition=بیش از ۲۰ سال ساخت, place=پونک, link=https://delta.ir/detail/79769>
2025-09-27 12:21:56,887 - INFO - inserted succesfully to apartment table 
2025-09-27 12:21:56,889 - INFO - Saved apartment: <Apartment id=79768, price=8000000000, room=2, area=80, condition=14 ساله, place=بلوار فردوس, link=https://delta.ir/detail/79768>
2025-09-27 12:21:56,929 - INFO - inserted succesfully to apartment table 
2025-09-27 12:21:56,932 - INFO - Saved apartment: <Apartment id=79757, price=18800000000, room=2, area=97, condition=17 ساله, place=قیطریه, link=https://delta.ir/detail/79757>
2025-09-27 12:21:56,976 - INFO - inserted succesfully to apartment table 
2025-09-27 12:21:56,980 - INFO - Saved apartment: <Apartment id=79756, price=18000000000, room=2, area=100, condition=9 ساله, place=پاسداران - ض..., link=https://delta.ir/detail/79756>
2025-09-27 12:21:57,023 - INFO - inserted succesfully to apartment table 
2025-09-27 12:21:57,026 - INFO - Saved apartment: <Apartment id=79751, price=7100000000, room=1, area=63, condition=11 ساله, place=پونک, link=https://delta.ir/detail/79751>
2025-09-27 12:21:57,072 - INFO - inserted succesfully to apartment table 
2025-09-27 12:24:00,787 - INFO - Saved apartment: <Apartment id=79852, price=37200000000, room=3, area=155, condition=10 ساله, place=سعادت آباد, link=https://delta.ir/detail/79852>
2025-09-27 12:24:00,855 - INFO - inserted succesfully to apartment table 
2025-09-27 12:24:00,862 - INFO - Saved apartment: <Apartment id=79848, price=70000000000, room=3, area=235, condition=نوساز, place=زعفرانیه, link=https://delta.ir/detail/79848>
2025-09-27 12:24:00,922 - INFO - inserted succesfully to apartment table 
2025-09-27 12:24:00,924 - INFO - Saved apartment: <Apartment id=79100, price=32000000000, room=3, area=160, condition=12 ساله, place=سعادت آباد, link=https://delta.ir/detail/79100>
2025-09-27 12:24:00,972 - INFO - inserted succesfully to apartment table 
2025-09-27 12:24:00,975 - INFO - Saved apartment: <Apartment id=79847, price=20500000000, room=2, area=102, condition=3 ساله, place=پاسداران, link=https://delta.ir/detail/79847>
2025-09-27 12:24:01,027 - INFO - inserted succesfully to apartment table 
2025-09-27 12:24:01,031 - INFO - Saved apartment: <Apartment id=78100, price=32500000000, room=2, area=95, condition=6 ساله, place=شهرک غرب, link=https://delta.ir/detail/78100>
2025-09-27 12:24:01,086 - INFO - inserted succesfully to apartment table 
2025-09-27 12:24:01,089 - INFO - Saved apartment: <Apartment id=78307, price=29900000000, room=2, area=107, condition=1 ساله, place=شهرک غرب, link=https://delta.ir/detail/78307>
2025-09-27 12:24:01,148 - INFO - inserted succesfully to apartment table 
2025-09-27 12:24:01,155 - INFO - Saved apartment: <Apartment id=79843, price=7500000000, room=1, area=66, condition=5 ساله, place=بلوار فردوس, link=https://delta.ir/detail/79843>
2025-09-27 12:24:01,219 - INFO - inserted succesfully to apartment table 
2025-09-27 12:24:01,223 - INFO - Saved apartment: <Apartment id=79842, price=18000000000, room=2, area=90, condition=3 ساله, place=دولت (کلاهدو..., link=https://delta.ir/detail/79842>
2025-09-27 12:24:01,291 - INFO - inserted succesfully to apartment table 
2025-09-27 12:24:01,308 - INFO - Saved apartment: <Apartment id=79841, price=21600000000, room=2, area=120, condition=13 ساله, place=شهرک غرب, link=https://delta.ir/detail/79841>
2025-09-27 12:24:01,394 - INFO - inserted succesfully to apartment table 
2025-09-27 12:24:01,400 - INFO - Saved apartment: <Apartment id=79839, price=43500000000, room=3, area=140, condition=1 ساله, place=شهرک غرب, link=https://delta.ir/detail/79839>
2025-09-27 12:24:01,462 - INFO - inserted succesfully to apartment table 
2025-09-27 12:24:01,472 - INFO - Saved apartment: <Apartment id=72658, price=56000000000, room=3, area=220, condition=5 ساله, place=شهرک غرب, link=https://delta.ir/detail/72658>
2025-09-27 12:24:01,536 - INFO - inserted succesfully to apartment table 
2025-09-27 12:24:01,540 - INFO - Saved apartment: <Apartment id=72661, price=32000000000, room=3, area=147, condition=4 ساله, place=سعادت آباد, link=https://delta.ir/detail/72661>
2025-09-27 12:24:01,588 - INFO - inserted succesfully to apartment table 
2025-09-27 12:24:01,592 - INFO - Saved apartment: <Apartment id=79838, price=16800000000, room=2, area=90, condition=14 ساله, place=جردن, link=https://delta.ir/detail/79838>
2025-09-27 12:24:01,630 - INFO - inserted succesfully to apartment table 
2025-09-27 12:24:01,633 - INFO - Saved apartment: <Apartment id=79836, price=13800000000, room=2, area=76, condition=11 ساله, place=سعادت آباد, link=https://delta.ir/detail/79836>
2025-09-27 12:24:01,685 - INFO - inserted succesfully to apartment table 
2025-09-27 12:24:01,688 - INFO - Saved apartment: <Apartment id=79835, price=5500000000, room=2, area=83, condition=10 ساله, place=سنگلج, link=https://delta.ir/detail/79835>
2025-09-27 12:24:01,725 - INFO - inserted succesfully to apartment table 
2025-09-27 12:24:01,727 - INFO - Saved apartment: <Apartment id=79828, price=13200000000, room=2, area=110, condition=بیش از ۲۰ سال ساخت, place=ظفر, link=https://delta.ir/detail/79828>
2025-09-27 12:24:01,768 - INFO - inserted succesfully to apartment table 
2025-09-27 12:24:01,772 - INFO - Saved apartment: <Apartment id=79819, price=7100000000, room=2, area=70, condition=بیش از ۲۰ سال ساخت, place=شمس آباد (من..., link=https://delta.ir/detail/79819>
2025-09-27 12:24:01,811 - INFO - inserted succesfully to apartment table 
2025-09-27 12:24:01,814 - INFO - Saved apartment: <Apartment id=79815, price=7000000000, room=2, area=74, condition=10 ساله, place=نیروی هوایی, link=https://delta.ir/detail/79815>
2025-09-27 12:24:01,868 - INFO - inserted succesfully to apartment table 
2025-09-27 12:24:01,873 - INFO - Saved apartment: <Apartment id=79813, price=3700000000, room=1, area=70, condition=2 ساله, place=دولتخواه, link=https://delta.ir/detail/79813>
2025-09-27 12:24:01,930 - INFO - inserted succesfully to apartment table 
2025-09-27 12:24:01,934 - INFO - Saved apartment: <Apartment id=78627, price=72900000000, room=3, area=210, condition=7 ساله, place=فرمانیه, link=https://delta.ir/detail/78627>
2025-09-27 12:24:02,014 - INFO - inserted succesfully to apartment table 
2025-09-27 12:24:03,237 - INFO - No more button found. End of listings.
2025-09-27 12:24:04,710 - INFO - Scraping finished. Total 20 apartments collected.
2025-09-27 12:25:08,808 - INFO - database apartment created succesfully
2025-09-27 12:25:08,866 - INFO - created the TABLE seccefully
2025-09-27 12:25:25,215 - INFO - Saved apartment: <Apartment id=79852, price=37200000000, room=3, area=155, condition=10, place=سعادت آباد, link=https://delta.ir/detail/79852>
2025-09-27 12:25:25,301 - INFO - inserted succesfully to apartment table 
2025-09-27 12:25:25,305 - INFO - Saved apartment: <Apartment id=79848, price=70000000000, room=3, area=235, condition=نوساز, place=زعفرانیه, link=https://delta.ir/detail/79848>
2025-09-27 12:25:25,380 - INFO - inserted succesfully to apartment table 
2025-09-27 12:25:25,386 - INFO - Saved apartment: <Apartment id=79100, price=32000000000, room=3, area=160, condition=12, place=سعادت آباد, link=https://delta.ir/detail/79100>
2025-09-27 12:25:25,484 - INFO - inserted succesfully to apartment table 
2025-09-27 12:25:25,491 - INFO - Saved apartment: <Apartment id=79847, price=20500000000, room=2, area=102, condition=3, place=پاسداران, link=https://delta.ir/detail/79847>
2025-09-27 12:25:25,591 - INFO - inserted succesfully to apartment table 
2025-09-27 12:25:25,595 - INFO - Saved apartment: <Apartment id=78100, price=32500000000, room=2, area=95, condition=6, place=شهرک غرب, link=https://delta.ir/detail/78100>
2025-09-27 12:25:25,691 - INFO - inserted succesfully to apartment table 
2025-09-27 12:25:25,696 - INFO - Saved apartment: <Apartment id=78307, price=29900000000, room=2, area=107, condition=1, place=شهرک غرب, link=https://delta.ir/detail/78307>
2025-09-27 12:25:25,802 - INFO - inserted succesfully to apartment table 
2025-09-27 12:25:25,808 - INFO - Saved apartment: <Apartment id=79843, price=7500000000, room=1, area=66, condition=5, place=بلوار فردوس, link=https://delta.ir/detail/79843>
2025-09-27 12:25:25,881 - INFO - inserted succesfully to apartment table 
2025-09-27 12:25:25,889 - INFO - Saved apartment: <Apartment id=79842, price=18000000000, room=2, area=90, condition=3, place=دولت (کلاهدو..., link=https://delta.ir/detail/79842>
2025-09-27 12:25:25,969 - INFO - inserted succesfully to apartment table 
2025-09-27 12:25:25,977 - INFO - Saved apartment: <Apartment id=79841, price=21600000000, room=2, area=120, condition=13, place=شهرک غرب, link=https://delta.ir/detail/79841>
2025-09-27 12:25:26,027 - INFO - inserted succesfully to apartment table 
2025-09-27 12:25:26,031 - INFO - Saved apartment: <Apartment id=79839, price=43500000000, room=3, area=140, condition=1, place=شهرک غرب, link=https://delta.ir/detail/79839>
2025-09-27 12:25:26,070 - INFO - inserted succesfully to apartment table 
2025-09-27 12:25:29,545 - INFO - Clicked 'More' button
2025-09-27 12:25:29,872 - INFO - Saved apartment: <Apartment id=79083, price=150000000000, room=4, area=280, condition=نوساز, place=سعادت آباد, link=https://delta.ir/detail/79083>
2025-09-27 12:25:29,955 - INFO - inserted succesfully to apartment table 
2025-09-27 12:25:29,962 - INFO - Saved apartment: <Apartment id=79793, price=33799999999, room=3, area=150, condition=نوساز, place=الهیه, link=https://delta.ir/detail/79793>
2025-09-27 12:25:30,018 - INFO - inserted succesfully to apartment table 
2025-09-27 12:25:30,021 - INFO - Saved apartment: <Apartment id=71908, price=41500000000, room=3, area=150, condition=نوساز, place=شهرک غرب, link=https://delta.ir/detail/71908>
2025-09-27 12:25:30,064 - INFO - inserted succesfully to apartment table 
2025-09-27 12:25:30,069 - INFO - Saved apartment: <Apartment id=74129, price=52000000000, room=3, area=174, condition=نوساز, place=شهرک غرب, link=https://delta.ir/detail/74129>
2025-09-27 12:25:30,157 - INFO - inserted succesfully to apartment table 
2025-09-27 12:25:30,164 - INFO - Saved apartment: <Apartment id=79791, price=25600000000, room=2, area=114, condition=نوساز, place=الهیه, link=https://delta.ir/detail/79791>
2025-09-27 12:25:30,250 - INFO - inserted succesfully to apartment table 
2025-09-27 12:25:30,255 - INFO - Saved apartment: <Apartment id=79790, price=25000000000, room=2, area=125, condition=نوساز, place=میرداماد, link=https://delta.ir/detail/79790>
2025-09-27 12:25:30,355 - INFO - inserted succesfully to apartment table 
2025-09-27 12:25:30,363 - INFO - Saved apartment: <Apartment id=79138, price=13500000000, room=2, area=95, condition=20, place=میرداماد, link=https://delta.ir/detail/79138>
2025-09-27 12:25:30,471 - INFO - inserted succesfully to apartment table 
2025-09-27 12:25:30,479 - INFO - Saved apartment: <Apartment id=79143, price=32799999999, room=3, area=193, condition=1, place=ظفر, link=https://delta.ir/detail/79143>
2025-09-27 12:25:30,537 - INFO - inserted succesfully to apartment table 
2025-09-27 12:25:30,540 - INFO - Saved apartment: <Apartment id=79781, price=6700000000, room=1, area=69, condition=بیش از ۲۰ سال ساخت, place=توحید, link=https://delta.ir/detail/79781>
2025-09-27 12:25:30,594 - INFO - inserted succesfully to apartment table 
2025-09-27 12:25:30,598 - INFO - Saved apartment: <Apartment id=79776, price=18700000000, room=2, area=97, condition=15, place=قیطریه, link=https://delta.ir/detail/79776>
2025-09-27 12:25:30,643 - INFO - inserted succesfully to apartment table 
2025-09-27 12:25:30,645 - INFO - Saved apartment: <Apartment id=79775, price=21500000000, room=2, area=95, condition=2, place=فرمانیه, link=https://delta.ir/detail/79775>
2025-09-27 12:25:30,683 - INFO - inserted succesfully to apartment table 
2025-09-27 12:25:30,687 - INFO - Saved apartment: <Apartment id=79769, price=6300000000, room=2, area=63.5, condition=بیش از ۲۰ سال ساخت, place=پونک, link=https://delta.ir/detail/79769>
2025-09-27 12:25:30,727 - INFO - inserted succesfully to apartment table 
2025-09-27 12:25:30,730 - INFO - Saved apartment: <Apartment id=79768, price=8000000000, room=2, area=80, condition=14, place=بلوار فردوس, link=https://delta.ir/detail/79768>
2025-09-27 12:25:30,767 - INFO - inserted succesfully to apartment table 
2025-09-27 12:25:30,772 - INFO - Saved apartment: <Apartment id=79757, price=18800000000, room=2, area=97, condition=17, place=قیطریه, link=https://delta.ir/detail/79757>
2025-09-27 12:25:30,817 - INFO - inserted succesfully to apartment table 
2025-09-27 12:25:30,821 - INFO - Saved apartment: <Apartment id=79756, price=18000000000, room=2, area=100, condition=9, place=پاسداران - ض..., link=https://delta.ir/detail/79756>
2025-09-27 12:25:30,864 - INFO - inserted succesfully to apartment table 
2025-09-27 12:25:30,866 - INFO - Saved apartment: <Apartment id=79751, price=7100000000, room=1, area=63, condition=11, place=پونک, link=https://delta.ir/detail/79751>
2025-09-27 12:25:30,909 - INFO - inserted succesfully to apartment table 
2025-09-27 12:25:34,174 - INFO - Clicked 'More' button
2025-09-27 12:25:34,367 - INFO - Saved apartment: <Apartment id=79702, price=10000000000, room=1, area=90, condition=14, place=اختیاریه, link=https://delta.ir/detail/79702>
2025-09-27 12:25:34,493 - INFO - inserted succesfully to apartment table 
2025-09-27 12:25:34,498 - INFO - Saved apartment: <Apartment id=79697, price=26500000000, room=2, area=90, condition=نوساز, place=دولت (کلاهدو..., link=https://delta.ir/detail/79697>
2025-09-27 12:25:34,658 - INFO - inserted succesfully to apartment table 
2025-09-27 12:25:34,663 - INFO - Saved apartment: <Apartment id=79692, price=4500000000, room=1, area=49, condition=7, place=بهار, link=https://delta.ir/detail/79692>
2025-09-27 12:25:34,817 - INFO - inserted succesfully to apartment table 
2025-09-27 12:25:34,823 - INFO - Saved apartment: <Apartment id=79691, price=4800000000, room=2, area=95, condition=نوساز, place=هفده شهریور, link=https://delta.ir/detail/79691>
2025-09-27 12:25:34,965 - INFO - inserted succesfully to apartment table 
2025-09-27 12:25:34,970 - INFO - Saved apartment: <Apartment id=79686, price=5200000000, room=2, area=100, condition=بیش از ۲۰ سال ساخت, place=شهرری, link=https://delta.ir/detail/79686>
2025-09-27 12:25:35,112 - INFO - inserted succesfully to apartment table 
2025-09-27 12:25:35,119 - INFO - Saved apartment: <Apartment id=79679, price=19000000000, room=3, area=123, condition=14, place=پاسداران, link=https://delta.ir/detail/79679>
2025-09-27 12:25:35,702 - INFO - inserted succesfully to apartment table 
2025-09-27 12:25:35,705 - INFO - Saved apartment: <Apartment id=79677, price=17500000000, room=2, area=110, condition=20, place=قلهک, link=https://delta.ir/detail/79677>
2025-09-27 12:25:35,852 - INFO - inserted succesfully to apartment table 
2025-09-27 12:25:35,855 - INFO - Saved apartment: <Apartment id=79675, price=9000000000, room=2, area=65, condition=10, place=سید خندان, link=https://delta.ir/detail/79675>
2025-09-27 12:25:36,014 - INFO - inserted succesfully to apartment table 
2025-09-27 12:25:36,023 - INFO - Saved apartment: <Apartment id=79673, price=8000000000, room=2, area=75, condition=8, place=جنت آباد جنو..., link=https://delta.ir/detail/79673>
2025-09-27 12:25:36,214 - INFO - inserted succesfully to apartment table 
2025-09-27 12:25:36,222 - INFO - Saved apartment: <Apartment id=79665, price=16899999999, room=2, area=112, condition=19, place=اختیاریه, link=https://delta.ir/detail/79665>
2025-09-27 12:25:36,372 - INFO - inserted succesfully to apartment table 
2025-09-27 12:25:36,379 - INFO - Saved apartment: <Apartment id=79647, price=26300000000, room=2, area=118, condition=5, place=سعادت آباد, link=https://delta.ir/detail/79647>
2025-09-27 12:25:36,518 - INFO - inserted succesfully to apartment table 
2025-09-27 12:25:36,522 - INFO - Saved apartment: <Apartment id=79645, price=13400000000, room=2, area=99, condition=6, place=رودکی(سلسبیل..., link=https://delta.ir/detail/79645>
2025-09-27 12:25:36,697 - INFO - inserted succesfully to apartment table 
2025-09-27 12:25:36,709 - INFO - Saved apartment: <Apartment id=79636, price=20800000000, room=2, area=95, condition=1, place=دولت (کلاهدو..., link=https://delta.ir/detail/79636>
2025-09-27 12:25:37,218 - INFO - inserted succesfully to apartment table 
2025-09-27 12:25:37,220 - INFO - Saved apartment: <Apartment id=79634, price=8500000000, room=2, area=79, condition=1, place=جنت آباد مرک..., link=https://delta.ir/detail/79634>
2025-09-27 12:25:37,353 - INFO - inserted succesfully to apartment table 
2025-09-27 12:25:37,355 - INFO - Saved apartment: <Apartment id=79633, price=9500000000, room=1, area=50, condition=نوساز, place=میرداماد, link=https://delta.ir/detail/79633>
2025-09-27 12:25:37,493 - INFO - inserted succesfully to apartment table 
2025-09-27 12:25:37,495 - INFO - Saved apartment: <Apartment id=79631, price=2500000000, room=1, area=50, condition=14, place=قزوین, link=https://delta.ir/detail/79631>
2025-09-27 12:25:37,627 - INFO - inserted succesfully to apartment table 
2025-09-27 12:25:41,140 - INFO - Clicked 'More' button
2025-09-27 12:25:41,229 - INFO - Saved apartment: <Apartment id=79606, price=34000000000, room=3, area=168, condition=8, place=کوی فراز, link=https://delta.ir/detail/79606>
2025-09-27 12:25:41,271 - INFO - inserted succesfully to apartment table 
2025-09-27 12:25:41,272 - INFO - Saved apartment: <Apartment id=79603, price=19700000000, room=2, area=100, condition=13, place=ملاصدرا, link=https://delta.ir/detail/79603>
2025-09-27 12:25:41,307 - INFO - inserted succesfully to apartment table 
2025-09-27 12:25:41,309 - INFO - Saved apartment: <Apartment id=79600, price=8600000000, room=2, area=88, condition=15, place=کوی بیمه, link=https://delta.ir/detail/79600>
2025-09-27 12:25:41,349 - INFO - inserted succesfully to apartment table 
2025-09-27 12:25:41,351 - INFO - Saved apartment: <Apartment id=79599, price=22900000000, room=3, area=140, condition=14, place=شیخ بهایی, link=https://delta.ir/detail/79599>
2025-09-27 12:25:41,385 - INFO - inserted succesfully to apartment table 
2025-09-27 12:25:41,387 - INFO - Saved apartment: <Apartment id=79597, price=8600000000, room=2, area=88, condition=15, place=شهران شمالی, link=https://delta.ir/detail/79597>
2025-09-27 12:25:41,426 - INFO - inserted succesfully to apartment table 
2025-09-27 12:25:41,428 - INFO - Saved apartment: <Apartment id=79593, price=16700000000, room=2, area=90, condition=17, place=قبا, link=https://delta.ir/detail/79593>
2025-09-27 12:25:41,468 - INFO - inserted succesfully to apartment table 
2025-09-27 12:25:41,470 - INFO - Saved apartment: <Apartment id=79588, price=10900000000, room=2, area=85, condition=9, place=نیروی دریایی, link=https://delta.ir/detail/79588>
2025-09-27 12:25:41,505 - INFO - inserted succesfully to apartment table 
2025-09-27 12:25:41,508 - INFO - Saved apartment: <Apartment id=79586, price=32000000000, room=3, area=145, condition=4, place=جردن, link=https://delta.ir/detail/79586>
2025-09-27 12:25:41,545 - INFO - inserted succesfully to apartment table 
2025-09-27 12:25:41,547 - INFO - Saved apartment: <Apartment id=79585, price=21500000000, room=3, area=122, condition=نوساز, place=جنت آباد جنو..., link=https://delta.ir/detail/79585>
2025-09-27 12:25:41,580 - INFO - inserted succesfully to apartment table 
2025-09-27 12:25:41,582 - INFO - Saved apartment: <Apartment id=79583, price=15000000000, room=2, area=85, condition=نوساز, place=جنت آباد جنو..., link=https://delta.ir/detail/79583>
2025-09-27 12:25:41,616 - INFO - inserted succesfully to apartment table 
2025-09-27 12:25:41,618 - INFO - Saved apartment: <Apartment id=79575, price=62100000000, room=4, area=270, condition=نوساز, place=جردن, link=https://delta.ir/detail/79575>
2025-09-27 12:25:41,664 - INFO - inserted succesfully to apartment table 
2025-09-27 12:25:41,666 - INFO - Saved apartment: <Apartment id=79568, price=79000000000, room=4, area=266, condition=نوساز, place=نیاوران, link=https://delta.ir/detail/79568>
2025-09-27 12:25:41,708 - INFO - inserted succesfully to apartment table 
2025-09-27 12:25:41,711 - INFO - Saved apartment: <Apartment id=79558, price=19300000000, room=3, area=140, condition=10, place=ظفر, link=https://delta.ir/detail/79558>
2025-09-27 12:25:41,756 - INFO - inserted succesfully to apartment table 
2025-09-27 12:25:41,759 - INFO - Saved apartment: <Apartment id=79547, price=35000000000, room=3, area=153, condition=19, place=زعفرانیه, link=https://delta.ir/detail/79547>
2025-09-27 12:25:41,798 - INFO - inserted succesfully to apartment table 
2025-09-27 12:25:41,801 - INFO - Saved apartment: <Apartment id=79546, price=6500000000, room=2, area=72, condition=3, place=پیروزی, link=https://delta.ir/detail/79546>
2025-09-27 12:25:41,853 - INFO - inserted succesfully to apartment table 
2025-09-27 12:25:41,857 - INFO - Saved apartment: <Apartment id=79545, price=22000000000, room=2, area=110, condition=19, place=قیطریه, link=https://delta.ir/detail/79545>
2025-09-27 12:25:41,922 - INFO - inserted succesfully to apartment table 
2025-09-27 12:25:45,154 - INFO - Clicked 'More' button
2025-09-27 12:25:45,404 - INFO - Saved apartment: <Apartment id=79527, price=28000000000, room=3, area=220, condition=18, place=جردن, link=https://delta.ir/detail/79527>
2025-09-27 12:25:45,463 - INFO - inserted succesfully to apartment table 
2025-09-27 12:25:45,471 - INFO - Saved apartment: <Apartment id=68269, price=27000000000, room=3, area=170, condition=9, place=جردن, link=https://delta.ir/detail/68269>
2025-09-27 12:25:45,535 - INFO - inserted succesfully to apartment table 
2025-09-27 12:25:45,539 - INFO - Saved apartment: <Apartment id=70712, price=16300000000, room=2, area=110, condition=بیش از ۲۰ سال ساخت, place=جردن, link=https://delta.ir/detail/70712>
2025-09-27 12:25:45,604 - INFO - inserted succesfully to apartment table 
2025-09-27 12:25:45,609 - INFO - Saved apartment: <Apartment id=70869, price=18800000000, room=2, area=130, condition=19, place=جردن, link=https://delta.ir/detail/70869>
2025-09-27 12:25:45,728 - INFO - inserted succesfully to apartment table 
2025-09-27 12:25:45,741 - INFO - Saved apartment: <Apartment id=73788, price=16899999999, room=2, area=90, condition=4, place=جردن, link=https://delta.ir/detail/73788>
2025-09-27 12:25:45,838 - INFO - inserted succesfully to apartment table 
2025-09-27 12:25:45,843 - INFO - Saved apartment: <Apartment id=79526, price=16500000000, room=1, area=115, condition=20, place=پاسداران, link=https://delta.ir/detail/79526>
2025-09-27 12:25:45,900 - INFO - inserted succesfully to apartment table 
2025-09-27 12:25:45,904 - INFO - Saved apartment: <Apartment id=79524, price=37900000000, room=3, area=190, condition=7, place=اقدسیه (منطق..., link=https://delta.ir/detail/79524>
2025-09-27 12:25:45,974 - INFO - inserted succesfully to apartment table 
2025-09-27 12:25:45,981 - INFO - Saved apartment: <Apartment id=79518, price=35000000000, room=2, area=160, condition=نوساز, place=دولت (کلاهدو..., link=https://delta.ir/detail/79518>
2025-09-27 12:25:46,101 - INFO - inserted succesfully to apartment table 
2025-09-27 12:25:46,105 - INFO - Saved apartment: <Apartment id=79514, price=30000000000, room=2, area=120, condition=14, place=نیاوران, link=https://delta.ir/detail/79514>
2025-09-27 12:25:46,155 - INFO - inserted succesfully to apartment table 
2025-09-27 12:25:46,158 - INFO - Saved apartment: <Apartment id=79513, price=33000000000, room=2, area=120, condition=1, place=زعفرانیه, link=https://delta.ir/detail/79513>
2025-09-27 12:25:46,192 - INFO - inserted succesfully to apartment table 
2025-09-27 12:25:46,196 - INFO - Saved apartment: <Apartment id=73150, price=33500000000, room=3, area=140, condition=14, place=زعفرانیه, link=https://delta.ir/detail/73150>
2025-09-27 12:25:46,272 - INFO - inserted succesfully to apartment table 
2025-09-27 12:25:46,277 - INFO - Saved apartment: <Apartment id=77039, price=20000000000, room=2, area=90, condition=12, place=زعفرانیه, link=https://delta.ir/detail/77039>
2025-09-27 12:25:46,341 - INFO - inserted succesfully to apartment table 
2025-09-27 12:25:46,347 - INFO - Saved apartment: <Apartment id=77046, price=53600000000, room=3, area=160, condition=نوساز, place=محمودیه, link=https://delta.ir/detail/77046>
2025-09-27 12:25:46,450 - INFO - inserted succesfully to apartment table 
2025-09-27 12:25:46,461 - INFO - Saved apartment: <Apartment id=79502, price=6800000000, room=1, area=57, condition=1, place=جواديه تهران..., link=https://delta.ir/detail/79502>
2025-09-27 12:25:46,585 - INFO - inserted succesfully to apartment table 
2025-09-27 12:25:46,590 - INFO - Saved apartment: <Apartment id=79497, price=16500000000, room=2, area=105, condition=نوساز, place=دیباجی جنوبی, link=https://delta.ir/detail/79497>
2025-09-27 12:25:46,658 - INFO - inserted succesfully to apartment table 
2025-09-27 12:25:46,663 - INFO - Saved apartment: <Apartment id=79494, price=6500000000, room=2, area=65, condition=18, place=کوی بیمه, link=https://delta.ir/detail/79494>
2025-09-27 12:25:46,731 - INFO - inserted succesfully to apartment table 
2025-09-27 12:25:47,936 - INFO - No more button found. End of listings.
2025-09-27 12:25:49,319 - INFO - Scraping finished. Total 74 apartments collected.
2025-09-27 12:31:17,007 - INFO - No more button found. End of listings.
2025-09-27 12:31:18,334 - INFO - Scraping finished. Total 0 apartments collected.
2025-09-27 12:31:30,825 - INFO - database apartment created succesfully
2025-09-27 12:31:30,887 - INFO - created the TABLE seccefully
2025-09-27 12:34:07,315 - INFO - Saved apartment: <Apartment id=79852, price=37200000000, room=3, area=155, condition=10, place=آباد, link=https://delta.ir/detail/79852>
2025-09-27 12:34:07,364 - INFO - inserted succesfully to apartment table 
2025-09-27 12:34:07,367 - INFO - Saved apartment: <Apartment id=79848, price=70000000000, room=3, area=235, condition=نوساز, place=زعفرانیه, link=https://delta.ir/detail/79848>
2025-09-27 12:34:07,409 - INFO - inserted succesfully to apartment table 
2025-09-27 12:34:07,412 - INFO - Saved apartment: <Apartment id=79100, price=32000000000, room=3, area=160, condition=12, place=آباد, link=https://delta.ir/detail/79100>
2025-09-27 12:34:07,453 - INFO - inserted succesfully to apartment table 
2025-09-27 12:34:07,455 - INFO - Saved apartment: <Apartment id=79847, price=20500000000, room=2, area=102, condition=3, place=پاسداران, link=https://delta.ir/detail/79847>
2025-09-27 12:34:07,527 - INFO - inserted succesfully to apartment table 
2025-09-27 12:34:07,534 - INFO - Saved apartment: <Apartment id=78100, price=32500000000, room=2, area=95, condition=6, place=غرب, link=https://delta.ir/detail/78100>
2025-09-27 12:34:07,634 - INFO - inserted succesfully to apartment table 
2025-09-27 12:34:07,645 - INFO - Saved apartment: <Apartment id=78307, price=29900000000, room=2, area=107, condition=1, place=غرب, link=https://delta.ir/detail/78307>
2025-09-27 12:34:07,718 - INFO - inserted succesfully to apartment table 
2025-09-27 12:34:07,722 - INFO - Saved apartment: <Apartment id=79843, price=7500000000, room=1, area=66, condition=5, place=فردوس, link=https://delta.ir/detail/79843>
2025-09-27 12:34:07,777 - INFO - inserted succesfully to apartment table 
2025-09-27 12:34:07,780 - INFO - Saved apartment: <Apartment id=79842, price=18000000000, room=2, area=90, condition=3, place=(کلاهدو..., link=https://delta.ir/detail/79842>
2025-09-27 12:34:07,824 - INFO - inserted succesfully to apartment table 
2025-09-27 12:34:07,827 - INFO - Saved apartment: <Apartment id=79841, price=21600000000, room=2, area=120, condition=13, place=غرب, link=https://delta.ir/detail/79841>
2025-09-27 12:34:07,873 - INFO - inserted succesfully to apartment table 
2025-09-27 12:34:07,876 - INFO - Saved apartment: <Apartment id=79839, price=43500000000, room=3, area=140, condition=1, place=غرب, link=https://delta.ir/detail/79839>
2025-09-27 12:34:07,921 - INFO - inserted succesfully to apartment table 
2025-09-27 12:34:07,923 - INFO - Saved apartment: <Apartment id=72658, price=56000000000, room=3, area=220, condition=5, place=غرب, link=https://delta.ir/detail/72658>
2025-09-27 12:34:07,963 - INFO - inserted succesfully to apartment table 
2025-09-27 12:34:07,966 - INFO - Saved apartment: <Apartment id=72661, price=32000000000, room=3, area=147, condition=4, place=آباد, link=https://delta.ir/detail/72661>
2025-09-27 12:34:08,009 - INFO - inserted succesfully to apartment table 
2025-09-27 12:34:08,012 - INFO - Saved apartment: <Apartment id=79838, price=16800000000, room=2, area=90, condition=14, place=جردن, link=https://delta.ir/detail/79838>
2025-09-27 12:34:08,046 - INFO - inserted succesfully to apartment table 
2025-09-27 12:34:08,048 - INFO - Saved apartment: <Apartment id=79836, price=13800000000, room=2, area=76, condition=11, place=آباد, link=https://delta.ir/detail/79836>
2025-09-27 12:34:08,095 - INFO - inserted succesfully to apartment table 
2025-09-27 12:34:08,098 - INFO - Saved apartment: <Apartment id=79835, price=5500000000, room=2, area=83, condition=10, place=سنگلج, link=https://delta.ir/detail/79835>
2025-09-27 12:34:08,170 - INFO - inserted succesfully to apartment table 
2025-09-27 12:34:08,173 - INFO - Saved apartment: <Apartment id=79828, price=13200000000, room=2, area=110, condition=بیش از ۲۰ سال ساخت, place=ظفر, link=https://delta.ir/detail/79828>
2025-09-27 12:34:08,236 - INFO - inserted succesfully to apartment table 
2025-09-27 12:34:08,242 - INFO - Saved apartment: <Apartment id=79819, price=7100000000, room=2, area=70, condition=بیش از ۲۰ سال ساخت, place=(من..., link=https://delta.ir/detail/79819>
2025-09-27 12:34:08,320 - INFO - inserted succesfully to apartment table 
2025-09-27 12:34:08,326 - INFO - Saved apartment: <Apartment id=79815, price=7000000000, room=2, area=74, condition=10, place=هوایی, link=https://delta.ir/detail/79815>
2025-09-27 12:34:08,396 - INFO - inserted succesfully to apartment table 
2025-09-27 12:34:08,399 - INFO - Saved apartment: <Apartment id=79813, price=3700000000, room=1, area=70, condition=2, place=دولتخواه, link=https://delta.ir/detail/79813>
2025-09-27 12:34:08,467 - INFO - inserted succesfully to apartment table 
2025-09-27 12:34:08,473 - INFO - Saved apartment: <Apartment id=78627, price=72900000000, room=3, area=210, condition=7, place=فرمانیه, link=https://delta.ir/detail/78627>
2025-09-27 12:34:08,547 - INFO - inserted succesfully to apartment table 
2025-09-27 12:34:12,023 - INFO - Clicked 'More' button
2025-09-27 12:34:12,333 - INFO - Saved apartment: <Apartment id=79799, price=36000000000, room=3, area=208, condition=20, place=نیاوران, link=https://delta.ir/detail/79799>
2025-09-27 12:34:12,391 - INFO - inserted succesfully to apartment table 
2025-09-27 12:34:12,395 - INFO - Saved apartment: <Apartment id=79797, price=36900000000, room=3, area=210, condition=19, place=آباد, link=https://delta.ir/detail/79797>
2025-09-27 12:34:12,457 - INFO - inserted succesfully to apartment table 
2025-09-27 12:34:12,463 - INFO - Saved apartment: <Apartment id=79794, price=2600000000, room=1, area=48, condition=5, place=خاوران, link=https://delta.ir/detail/79794>
2025-09-27 12:34:12,526 - INFO - inserted succesfully to apartment table 
2025-09-27 12:34:12,535 - INFO - Saved apartment: <Apartment id=78874, price=19500000000, room=3, area=132, condition=13, place=آباد, link=https://delta.ir/detail/78874>
2025-09-27 12:34:12,649 - INFO - inserted succesfully to apartment table 
2025-09-27 12:34:12,659 - INFO - Saved apartment: <Apartment id=79076, price=19500000000, room=3, area=131, condition=14, place=آباد, link=https://delta.ir/detail/79076>
2025-09-27 12:34:12,738 - INFO - inserted succesfully to apartment table 
2025-09-27 12:34:12,744 - INFO - Saved apartment: <Apartment id=79081, price=20800000000, room=3, area=141, condition=3, place=آباد, link=https://delta.ir/detail/79081>
2025-09-27 12:34:12,831 - INFO - inserted succesfully to apartment table 
2025-09-27 12:34:12,838 - INFO - Saved apartment: <Apartment id=79083, price=150000000000, room=4, area=280, condition=نوساز, place=آباد, link=https://delta.ir/detail/79083>
2025-09-27 12:34:12,942 - INFO - inserted succesfully to apartment table 
2025-09-27 12:34:12,950 - INFO - Saved apartment: <Apartment id=79793, price=33799999999, room=3, area=150, condition=نوساز, place=الهیه, link=https://delta.ir/detail/79793>
2025-09-27 12:34:13,047 - INFO - inserted succesfully to apartment table 
2025-09-27 12:34:13,051 - INFO - Saved apartment: <Apartment id=71908, price=41500000000, room=3, area=150, condition=نوساز, place=غرب, link=https://delta.ir/detail/71908>
2025-09-27 12:34:13,101 - INFO - inserted succesfully to apartment table 
2025-09-27 12:34:13,108 - INFO - Saved apartment: <Apartment id=74129, price=52000000000, room=3, area=174, condition=نوساز, place=غرب, link=https://delta.ir/detail/74129>
2025-09-27 12:34:13,187 - INFO - inserted succesfully to apartment table 
2025-09-27 12:34:13,194 - INFO - Saved apartment: <Apartment id=79791, price=25600000000, room=2, area=114, condition=نوساز, place=الهیه, link=https://delta.ir/detail/79791>
2025-09-27 12:34:13,287 - INFO - inserted succesfully to apartment table 
2025-09-27 12:34:13,296 - INFO - Saved apartment: <Apartment id=79790, price=25000000000, room=2, area=125, condition=نوساز, place=میرداماد, link=https://delta.ir/detail/79790>
2025-09-27 12:34:13,427 - INFO - inserted succesfully to apartment table 
2025-09-27 12:36:28,333 - INFO - No more button found. End of listings.
2025-09-27 12:36:29,732 - INFO - Scraping finished. Total 0 apartments collected.
2025-09-27 12:36:43,951 - INFO - database apartment created succesfully
2025-09-27 12:36:44,024 - INFO - created the TABLE seccefully
2025-09-27 12:36:57,926 - INFO - No more button found. End of listings.
2025-09-27 12:36:59,159 - INFO - Scraping finished. Total 0 apartments collected.
2025-09-27 12:37:49,839 - INFO - No more button found. End of listings.
2025-09-27 12:37:51,128 - INFO - Scraping finished. Total 0 apartments collected.
2025-09-27 12:38:17,079 - INFO - database apartment created succesfully
2025-09-27 12:38:17,141 - INFO - created the TABLE seccefully
2025-09-27 12:38:36,225 - INFO - No more button found. End of listings.
2025-09-27 12:38:37,721 - INFO - Scraping finished. Total 0 apartments collected.
2025-09-27 12:39:17,186 - INFO - No more button found. End of listings.
2025-09-27 12:39:18,491 - INFO - Scraping finished. Total 0 apartments collected.
2025-09-27 12:39:41,458 - INFO - database apartment created succesfully
2025-09-27 12:39:41,531 - INFO - created the TABLE seccefully
2025-09-27 12:39:56,793 - INFO - Saved apartment: <Apartment id=79852, price=37200000000, room=3, area=155, condition=10, place=سعادت آباد, link=https://delta.ir/detail/79852>
2025-09-27 12:39:56,876 - INFO - inserted succesfully to apartment table 
2025-09-27 12:39:56,883 - INFO - Saved apartment: <Apartment id=79848, price=70000000000, room=3, area=235, condition=نوساز, place=زعفرانیه, link=https://delta.ir/detail/79848>
2025-09-27 12:39:56,991 - INFO - inserted succesfully to apartment table 
2025-09-27 12:39:56,998 - INFO - Saved apartment: <Apartment id=79100, price=32000000000, room=3, area=160, condition=12, place=سعادت آباد, link=https://delta.ir/detail/79100>
2025-09-27 12:39:57,082 - INFO - inserted succesfully to apartment table 
2025-09-27 12:39:57,085 - INFO - Saved apartment: <Apartment id=79847, price=20500000000, room=2, area=102, condition=3, place=پاسداران, link=https://delta.ir/detail/79847>
2025-09-27 12:39:57,124 - INFO - inserted succesfully to apartment table 
2025-09-27 12:39:57,128 - INFO - Saved apartment: <Apartment id=78100, price=32500000000, room=2, area=95, condition=6, place=شهرک غرب, link=https://delta.ir/detail/78100>
2025-09-27 12:39:57,173 - INFO - inserted succesfully to apartment table 
2025-09-27 12:39:57,175 - INFO - Saved apartment: <Apartment id=78307, price=29900000000, room=2, area=107, condition=1, place=شهرک غرب, link=https://delta.ir/detail/78307>
2025-09-27 12:39:57,216 - INFO - inserted succesfully to apartment table 
2025-09-27 12:39:57,218 - INFO - Saved apartment: <Apartment id=79843, price=7500000000, room=1, area=66, condition=5, place=بلوار فردوس, link=https://delta.ir/detail/79843>
2025-09-27 12:39:57,252 - INFO - inserted succesfully to apartment table 
2025-09-27 12:39:57,255 - INFO - Saved apartment: <Apartment id=79842, price=18000000000, room=2, area=90, condition=3, place=دولت (کلاهدو..., link=https://delta.ir/detail/79842>
2025-09-27 12:39:57,317 - INFO - inserted succesfully to apartment table 
2025-09-27 12:39:57,320 - INFO - Saved apartment: <Apartment id=79841, price=21600000000, room=2, area=120, condition=13, place=شهرک غرب, link=https://delta.ir/detail/79841>
2025-09-27 12:39:57,392 - INFO - inserted succesfully to apartment table 
2025-09-27 12:39:57,397 - INFO - Saved apartment: <Apartment id=79839, price=43500000000, room=3, area=140, condition=1, place=شهرک غرب, link=https://delta.ir/detail/79839>
2025-09-27 12:39:57,500 - INFO - inserted succesfully to apartment table 
2025-09-27 12:40:00,974 - INFO - Clicked 'More' button
2025-09-27 12:40:01,149 - INFO - Saved apartment: <Apartment id=79083, price=150000000000, room=4, area=280, condition=نوساز, place=سعادت آباد, link=https://delta.ir/detail/79083>
2025-09-27 12:40:01,184 - INFO - inserted succesfully to apartment table 
2025-09-27 12:40:01,188 - INFO - Saved apartment: <Apartment id=79793, price=33799999999, room=3, area=150, condition=نوساز, place=الهیه, link=https://delta.ir/detail/79793>
2025-09-27 12:40:01,268 - INFO - inserted succesfully to apartment table 
2025-09-27 12:40:01,273 - INFO - Saved apartment: <Apartment id=71908, price=41500000000, room=3, area=150, condition=نوساز, place=شهرک غرب, link=https://delta.ir/detail/71908>
2025-09-27 12:40:01,344 - INFO - inserted succesfully to apartment table 
2025-09-27 12:40:01,348 - INFO - Saved apartment: <Apartment id=74129, price=52000000000, room=3, area=174, condition=نوساز, place=شهرک غرب, link=https://delta.ir/detail/74129>
2025-09-27 12:40:01,417 - INFO - inserted succesfully to apartment table 
2025-09-27 12:40:01,424 - INFO - Saved apartment: <Apartment id=79791, price=25600000000, room=2, area=114, condition=نوساز, place=الهیه, link=https://delta.ir/detail/79791>
2025-09-27 12:40:01,503 - INFO - inserted succesfully to apartment table 
2025-09-27 12:40:01,511 - INFO - Saved apartment: <Apartment id=79790, price=25000000000, room=2, area=125, condition=نوساز, place=میرداماد, link=https://delta.ir/detail/79790>
2025-09-27 12:40:01,617 - INFO - inserted succesfully to apartment table 
2025-09-27 12:40:01,640 - INFO - Saved apartment: <Apartment id=79138, price=13500000000, room=2, area=95, condition=20, place=میرداماد, link=https://delta.ir/detail/79138>
2025-09-27 12:40:01,743 - INFO - inserted succesfully to apartment table 
2025-09-27 12:40:01,754 - INFO - Saved apartment: <Apartment id=79143, price=32799999999, room=3, area=193, condition=1, place=ظفر, link=https://delta.ir/detail/79143>
2025-09-27 12:40:01,841 - INFO - inserted succesfully to apartment table 
2025-09-27 12:40:01,852 - INFO - Saved apartment: <Apartment id=79781, price=6700000000, room=1, area=69, condition=بیش از ۲۰ سال ساخت, place=توحید, link=https://delta.ir/detail/79781>
2025-09-27 12:40:01,914 - INFO - inserted succesfully to apartment table 
2025-09-27 12:40:01,919 - INFO - Saved apartment: <Apartment id=79776, price=18700000000, room=2, area=97, condition=15, place=قیطریه, link=https://delta.ir/detail/79776>
2025-09-27 12:40:01,969 - INFO - inserted succesfully to apartment table 
2025-09-27 12:40:01,972 - INFO - Saved apartment: <Apartment id=79775, price=21500000000, room=2, area=95, condition=2, place=فرمانیه, link=https://delta.ir/detail/79775>
2025-09-27 12:40:02,023 - INFO - inserted succesfully to apartment table 
2025-09-27 12:40:02,027 - INFO - Saved apartment: <Apartment id=79769, price=6300000000, room=2, area=63.5, condition=بیش از ۲۰ سال ساخت, place=پونک, link=https://delta.ir/detail/79769>
2025-09-27 12:40:02,082 - INFO - inserted succesfully to apartment table 
2025-09-27 12:40:02,085 - INFO - Saved apartment: <Apartment id=79768, price=8000000000, room=2, area=80, condition=14, place=بلوار فردوس, link=https://delta.ir/detail/79768>
2025-09-27 12:40:02,136 - INFO - inserted succesfully to apartment table 
2025-09-27 12:40:02,140 - INFO - Saved apartment: <Apartment id=79757, price=18800000000, room=2, area=97, condition=17, place=قیطریه, link=https://delta.ir/detail/79757>
2025-09-27 12:40:02,206 - INFO - inserted succesfully to apartment table 
2025-09-27 12:40:46,175 - INFO - No more button found. End of listings.
2025-09-27 12:40:47,719 - INFO - Scraping finished. Total 0 apartments collected.
2025-09-27 12:41:54,485 - INFO - No more button found. End of listings.
2025-09-27 12:41:55,962 - INFO - Scraping finished. Total 0 apartments collected.
2025-09-27 12:42:12,079 - INFO - No more button found. End of listings.
2025-09-27 12:42:13,430 - INFO - Scraping finished. Total 0 apartments collected.
2025-09-27 12:42:29,847 - INFO - database apartment created succesfully
2025-09-27 12:42:29,923 - INFO - created the TABLE seccefully
2025-09-27 12:43:01,319 - INFO - Saved apartment: <Apartment id=77679, price=20800000000, room=3, area=142, condition=بیش از ۲۰ سال ساخت, place=سعادت آباد, link=https://delta.ir/detail/77679>
2025-09-27 12:43:01,398 - INFO - inserted succesfully to apartment table 
2025-09-27 12:43:01,404 - INFO - Saved apartment: <Apartment id=77680, price=20200000000, room=3, area=130, condition=بیش از ۲۰ سال ساخت, place=سعادت آباد, link=https://delta.ir/detail/77680>
2025-09-27 12:43:01,486 - INFO - inserted succesfully to apartment table 
2025-09-27 12:43:01,502 - INFO - Saved apartment: <Apartment id=79076, price=19500000000, room=3, area=131, condition=14, place=سعادت آباد, link=https://delta.ir/detail/79076>
2025-09-27 12:43:01,630 - INFO - inserted succesfully to apartment table 
2025-09-27 12:43:01,634 - INFO - Saved apartment: <Apartment id=79081, price=20800000000, room=3, area=141, condition=3, place=سعادت آباد, link=https://delta.ir/detail/79081>
2025-09-27 12:43:01,704 - INFO - inserted succesfully to apartment table 
2025-09-27 12:43:01,709 - INFO - Saved apartment: <Apartment id=79852, price=37200000000, room=3, area=155, condition=10, place=سعادت آباد, link=https://delta.ir/detail/79852>
2025-09-27 12:43:01,765 - INFO - inserted succesfully to apartment table 
2025-09-27 12:43:01,775 - INFO - Saved apartment: <Apartment id=79848, price=70000000000, room=3, area=235, condition=نوساز, place=زعفرانیه, link=https://delta.ir/detail/79848>
2025-09-27 12:43:01,824 - INFO - inserted succesfully to apartment table 
2025-09-27 12:43:01,829 - INFO - Saved apartment: <Apartment id=79100, price=32000000000, room=3, area=160, condition=12, place=سعادت آباد, link=https://delta.ir/detail/79100>
2025-09-27 12:43:01,872 - INFO - inserted succesfully to apartment table 
2025-09-27 12:43:01,875 - INFO - Saved apartment: <Apartment id=79847, price=20500000000, room=2, area=102, condition=3, place=پاسداران, link=https://delta.ir/detail/79847>
2025-09-27 12:43:01,917 - INFO - inserted succesfully to apartment table 
2025-09-27 12:43:01,920 - INFO - Saved apartment: <Apartment id=78100, price=32500000000, room=2, area=95, condition=6, place=شهرک غرب, link=https://delta.ir/detail/78100>
2025-09-27 12:43:01,950 - INFO - inserted succesfully to apartment table 
2025-09-27 12:43:01,953 - INFO - Saved apartment: <Apartment id=78307, price=29900000000, room=2, area=107, condition=1, place=شهرک غرب, link=https://delta.ir/detail/78307>
2025-09-27 12:43:01,990 - INFO - inserted succesfully to apartment table 
2025-09-27 12:43:05,433 - INFO - Clicked 'More' button
2025-09-27 12:43:05,629 - INFO - Saved apartment: <Apartment id=79794, price=2600000000, room=1, area=48, condition=5, place=خاوران, link=https://delta.ir/detail/79794>
2025-09-27 12:43:05,664 - INFO - inserted succesfully to apartment table 
2025-09-27 12:43:05,667 - INFO - Saved apartment: <Apartment id=78874, price=19500000000, room=3, area=132, condition=13, place=سعادت آباد, link=https://delta.ir/detail/78874>
2025-09-27 12:43:05,704 - INFO - inserted succesfully to apartment table 
2025-09-27 12:43:05,706 - INFO - Saved apartment: <Apartment id=79083, price=150000000000, room=4, area=280, condition=نوساز, place=سعادت آباد, link=https://delta.ir/detail/79083>
2025-09-27 12:43:05,744 - INFO - inserted succesfully to apartment table 
2025-09-27 12:43:05,746 - INFO - Saved apartment: <Apartment id=79793, price=33799999999, room=3, area=150, condition=نوساز, place=الهیه, link=https://delta.ir/detail/79793>
2025-09-27 12:43:05,781 - INFO - inserted succesfully to apartment table 
2025-09-27 12:43:05,784 - INFO - Saved apartment: <Apartment id=71908, price=41500000000, room=3, area=150, condition=نوساز, place=شهرک غرب, link=https://delta.ir/detail/71908>
2025-09-27 12:43:05,820 - INFO - inserted succesfully to apartment table 
2025-09-27 12:43:05,822 - INFO - Saved apartment: <Apartment id=74129, price=52000000000, room=3, area=174, condition=نوساز, place=شهرک غرب, link=https://delta.ir/detail/74129>
2025-09-27 12:43:05,874 - INFO - inserted succesfully to apartment table 
2025-09-27 12:43:05,877 - INFO - Saved apartment: <Apartment id=79791, price=25600000000, room=2, area=114, condition=نوساز, place=الهیه, link=https://delta.ir/detail/79791>
2025-09-27 12:43:05,927 - INFO - inserted succesfully to apartment table 
2025-09-27 12:43:05,930 - INFO - Saved apartment: <Apartment id=79790, price=25000000000, room=2, area=125, condition=نوساز, place=میرداماد, link=https://delta.ir/detail/79790>
2025-09-27 12:43:05,985 - INFO - inserted succesfully to apartment table 
2025-09-27 12:43:05,987 - INFO - Saved apartment: <Apartment id=79138, price=13500000000, room=2, area=95, condition=20, place=میرداماد, link=https://delta.ir/detail/79138>
2025-09-27 12:43:06,026 - INFO - inserted succesfully to apartment table 
2025-09-27 12:43:06,029 - INFO - Saved apartment: <Apartment id=79143, price=32799999999, room=3, area=193, condition=1, place=ظفر, link=https://delta.ir/detail/79143>
2025-09-27 12:43:06,073 - INFO - inserted succesfully to apartment table 
2025-09-27 12:43:06,076 - INFO - Saved apartment: <Apartment id=79781, price=6700000000, room=1, area=69, condition=بیش از ۲۰ سال ساخت, place=توحید, link=https://delta.ir/detail/79781>
2025-09-27 12:43:06,121 - INFO - inserted succesfully to apartment table 
2025-09-27 12:43:06,124 - INFO - Saved apartment: <Apartment id=79776, price=18700000000, room=2, area=97, condition=15, place=قیطریه, link=https://delta.ir/detail/79776>
2025-09-27 12:43:06,168 - INFO - inserted succesfully to apartment table 
2025-09-27 12:43:06,170 - INFO - Saved apartment: <Apartment id=79775, price=21500000000, room=2, area=95, condition=2, place=فرمانیه, link=https://delta.ir/detail/79775>
2025-09-27 12:43:06,214 - INFO - inserted succesfully to apartment table 
2025-09-27 12:43:06,217 - INFO - Saved apartment: <Apartment id=79769, price=6300000000, room=2, area=63.5, condition=بیش از ۲۰ سال ساخت, place=پونک, link=https://delta.ir/detail/79769>
2025-09-27 12:43:06,264 - INFO - inserted succesfully to apartment table 
2025-09-27 12:43:06,267 - INFO - Saved apartment: <Apartment id=79768, price=8000000000, room=2, area=80, condition=14, place=بلوار فردوس, link=https://delta.ir/detail/79768>
2025-09-27 12:43:06,332 - INFO - inserted succesfully to apartment table 
2025-09-27 12:43:06,338 - INFO - Saved apartment: <Apartment id=79757, price=18800000000, room=2, area=97, condition=17, place=قیطریه, link=https://delta.ir/detail/79757>
2025-09-27 12:43:06,405 - INFO - inserted succesfully to apartment table 
2025-09-27 12:43:09,719 - INFO - Clicked 'More' button
2025-09-27 12:43:57,153 - INFO - No more button found. End of listings.
2025-09-27 12:43:58,507 - INFO - Scraping finished. Total 0 apartments collected.
2025-09-27 12:44:22,823 - INFO - No more button found. End of listings.
2025-09-27 12:44:24,077 - INFO - Scraping finished. Total 0 apartments collected.
2025-09-27 12:44:46,333 - INFO - database apartment created succesfully
2025-09-27 12:44:46,488 - INFO - created the TABLE seccefully
2025-09-27 12:45:02,475 - INFO - Saved apartment: <Apartment id=77679, price=20800000000, room=3, area=142, condition=بیش از ۲۰ سال ساخت, place=سعادت آباد, link=https://delta.ir/detail/77679>
2025-09-27 12:45:02,592 - INFO - inserted succesfully to apartment table 
2025-09-27 12:45:02,602 - INFO - Saved apartment: <Apartment id=77680, price=20200000000, room=3, area=130, condition=بیش از ۲۰ سال ساخت, place=سعادت آباد, link=https://delta.ir/detail/77680>
2025-09-27 12:45:02,682 - INFO - inserted succesfully to apartment table 
2025-09-27 12:45:02,691 - INFO - Saved apartment: <Apartment id=79076, price=19500000000, room=3, area=131, condition=14, place=سعادت آباد, link=https://delta.ir/detail/79076>
2025-09-27 12:45:02,752 - INFO - inserted succesfully to apartment table 
2025-09-27 12:45:02,759 - INFO - Saved apartment: <Apartment id=79081, price=20800000000, room=3, area=141, condition=3, place=سعادت آباد, link=https://delta.ir/detail/79081>
2025-09-27 12:45:02,806 - INFO - inserted succesfully to apartment table 
2025-09-27 12:45:02,809 - INFO - Saved apartment: <Apartment id=79852, price=37200000000, room=3, area=155, condition=10, place=سعادت آباد, link=https://delta.ir/detail/79852>
2025-09-27 12:45:02,852 - INFO - inserted succesfully to apartment table 
2025-09-27 12:45:02,854 - INFO - Saved apartment: <Apartment id=79848, price=70000000000, room=3, area=235, condition=نوساز, place=زعفرانیه, link=https://delta.ir/detail/79848>
2025-09-27 12:45:02,885 - INFO - inserted succesfully to apartment table 
2025-09-27 12:45:02,887 - INFO - Saved apartment: <Apartment id=79100, price=32000000000, room=3, area=160, condition=12, place=سعادت آباد, link=https://delta.ir/detail/79100>
2025-09-27 12:45:02,921 - INFO - inserted succesfully to apartment table 
2025-09-27 12:45:02,924 - INFO - Saved apartment: <Apartment id=79847, price=20500000000, room=2, area=102, condition=3, place=پاسداران, link=https://delta.ir/detail/79847>
2025-09-27 12:45:02,961 - INFO - inserted succesfully to apartment table 
2025-09-27 12:45:02,964 - INFO - Saved apartment: <Apartment id=78100, price=32500000000, room=2, area=95, condition=6, place=شهرک غرب, link=https://delta.ir/detail/78100>
2025-09-27 12:45:03,037 - INFO - inserted succesfully to apartment table 
2025-09-27 12:45:03,040 - INFO - Saved apartment: <Apartment id=78307, price=29900000000, room=2, area=107, condition=1, place=شهرک غرب, link=https://delta.ir/detail/78307>
2025-09-27 12:45:03,117 - INFO - inserted succesfully to apartment table 
2025-09-27 12:45:06,591 - INFO - Clicked 'More' button
2025-09-27 12:45:06,864 - INFO - Saved apartment: <Apartment id=79794, price=2600000000, room=1, area=48, condition=5, place=خاوران, link=https://delta.ir/detail/79794>
2025-09-27 12:45:06,936 - INFO - inserted succesfully to apartment table 
2025-09-27 12:45:06,942 - INFO - Saved apartment: <Apartment id=78874, price=19500000000, room=3, area=132, condition=13, place=سعادت آباد, link=https://delta.ir/detail/78874>
2025-09-27 12:45:07,019 - INFO - inserted succesfully to apartment table 
2025-09-27 12:45:07,026 - INFO - Saved apartment: <Apartment id=79083, price=150000000000, room=4, area=280, condition=نوساز, place=سعادت آباد, link=https://delta.ir/detail/79083>
2025-09-27 12:45:07,110 - INFO - inserted succesfully to apartment table 
2025-09-27 12:45:07,116 - INFO - Saved apartment: <Apartment id=79793, price=33799999999, room=3, area=150, condition=نوساز, place=الهیه, link=https://delta.ir/detail/79793>
2025-09-27 12:45:07,229 - INFO - inserted succesfully to apartment table 
2025-09-27 12:45:07,239 - INFO - Saved apartment: <Apartment id=71908, price=41500000000, room=3, area=150, condition=نوساز, place=شهرک غرب, link=https://delta.ir/detail/71908>
2025-09-27 12:45:07,346 - INFO - inserted succesfully to apartment table 
2025-09-27 12:45:07,353 - INFO - Saved apartment: <Apartment id=74129, price=52000000000, room=3, area=174, condition=نوساز, place=شهرک غرب, link=https://delta.ir/detail/74129>
2025-09-27 12:45:07,423 - INFO - inserted succesfully to apartment table 
2025-09-27 12:45:07,429 - INFO - Saved apartment: <Apartment id=79791, price=25600000000, room=2, area=114, condition=نوساز, place=الهیه, link=https://delta.ir/detail/79791>
2025-09-27 12:45:07,478 - INFO - inserted succesfully to apartment table 
2025-09-27 12:45:07,480 - INFO - Saved apartment: <Apartment id=79790, price=25000000000, room=2, area=125, condition=نوساز, place=میرداماد, link=https://delta.ir/detail/79790>
2025-09-27 12:45:07,513 - INFO - inserted succesfully to apartment table 
2025-09-27 12:45:07,516 - INFO - Saved apartment: <Apartment id=79138, price=13500000000, room=2, area=95, condition=20, place=میرداماد, link=https://delta.ir/detail/79138>
2025-09-27 12:45:07,553 - INFO - inserted succesfully to apartment table 
2025-09-27 12:45:07,556 - INFO - Saved apartment: <Apartment id=79143, price=32799999999, room=3, area=193, condition=1, place=ظفر, link=https://delta.ir/detail/79143>
2025-09-27 12:45:07,625 - INFO - inserted succesfully to apartment table 
2025-09-27 12:45:07,630 - INFO - Saved apartment: <Apartment id=79781, price=6700000000, room=1, area=69, condition=بیش از ۲۰ سال ساخت, place=توحید, link=https://delta.ir/detail/79781>
2025-09-27 12:45:07,698 - INFO - inserted succesfully to apartment table 
2025-09-27 12:45:07,705 - INFO - Saved apartment: <Apartment id=79776, price=18700000000, room=2, area=97, condition=15, place=قیطریه, link=https://delta.ir/detail/79776>
2025-09-27 12:45:07,791 - INFO - inserted succesfully to apartment table 
2025-09-27 12:45:07,795 - INFO - Saved apartment: <Apartment id=79775, price=21500000000, room=2, area=95, condition=2, place=فرمانیه, link=https://delta.ir/detail/79775>
2025-09-27 12:45:07,865 - INFO - inserted succesfully to apartment table 
2025-09-27 12:45:07,872 - INFO - Saved apartment: <Apartment id=79769, price=6300000000, room=2, area=63.5, condition=بیش از ۲۰ سال ساخت, place=پونک, link=https://delta.ir/detail/79769>
2025-09-27 12:45:07,953 - INFO - inserted succesfully to apartment table 
2025-09-27 12:45:07,957 - INFO - Saved apartment: <Apartment id=79768, price=8000000000, room=2, area=80, condition=14, place=بلوار فردوس, link=https://delta.ir/detail/79768>
2025-09-27 12:45:08,032 - INFO - inserted succesfully to apartment table 
2025-09-27 12:45:08,036 - INFO - Saved apartment: <Apartment id=79757, price=18800000000, room=2, area=97, condition=17, place=قیطریه, link=https://delta.ir/detail/79757>
2025-09-27 12:45:08,106 - INFO - inserted succesfully to apartment table 
2025-09-27 12:45:11,464 - INFO - Clicked 'More' button
2025-09-27 12:45:11,641 - INFO - Saved apartment: <Apartment id=79711, price=19000000000, room=3, area=140, condition=17, place=ظفر, link=https://delta.ir/detail/79711>
2025-09-27 12:45:11,675 - INFO - inserted succesfully to apartment table 
2025-09-27 12:45:11,677 - INFO - Saved apartment: <Apartment id=79082, price=15700000000, room=2, area=90, condition=16, place=سعادت آباد, link=https://delta.ir/detail/79082>
2025-09-27 12:45:11,713 - INFO - inserted succesfully to apartment table 
2025-09-27 12:45:11,716 - INFO - Saved apartment: <Apartment id=79702, price=10000000000, room=1, area=90, condition=14, place=اختیاریه, link=https://delta.ir/detail/79702>
2025-09-27 12:45:11,758 - INFO - inserted succesfully to apartment table 
2025-09-27 12:45:11,760 - INFO - Saved apartment: <Apartment id=79697, price=26500000000, room=2, area=90, condition=نوساز, place=دولت (کلاهدو..., link=https://delta.ir/detail/79697>
2025-09-27 12:45:11,792 - INFO - inserted succesfully to apartment table 
2025-09-27 12:45:11,795 - INFO - Saved apartment: <Apartment id=79692, price=4500000000, room=1, area=49, condition=7, place=بهار, link=https://delta.ir/detail/79692>
2025-09-27 12:45:11,828 - INFO - inserted succesfully to apartment table 
2025-09-27 12:45:11,831 - INFO - Saved apartment: <Apartment id=79691, price=4800000000, room=2, area=95, condition=نوساز, place=هفده شهریور, link=https://delta.ir/detail/79691>
2025-09-27 12:45:11,868 - INFO - inserted succesfully to apartment table 
2025-09-27 12:45:11,870 - INFO - Saved apartment: <Apartment id=79686, price=5200000000, room=2, area=100, condition=بیش از ۲۰ سال ساخت, place=شهرری, link=https://delta.ir/detail/79686>
2025-09-27 12:45:11,905 - INFO - inserted succesfully to apartment table 
2025-09-27 12:45:11,908 - INFO - Saved apartment: <Apartment id=79679, price=19000000000, room=3, area=123, condition=14, place=پاسداران, link=https://delta.ir/detail/79679>
2025-09-27 12:45:11,941 - INFO - inserted succesfully to apartment table 
2025-09-27 12:45:11,943 - INFO - Saved apartment: <Apartment id=79677, price=17500000000, room=2, area=110, condition=20, place=قلهک, link=https://delta.ir/detail/79677>
2025-09-27 12:45:11,977 - INFO - inserted succesfully to apartment table 
2025-09-27 12:45:11,980 - INFO - Saved apartment: <Apartment id=79675, price=9000000000, room=2, area=65, condition=10, place=سید خندان, link=https://delta.ir/detail/79675>
2025-09-27 12:45:12,019 - INFO - inserted succesfully to apartment table 
2025-09-27 12:45:12,021 - INFO - Saved apartment: <Apartment id=79673, price=8000000000, room=2, area=75, condition=8, place=جنت آباد جنو..., link=https://delta.ir/detail/79673>
2025-09-27 12:45:12,058 - INFO - inserted succesfully to apartment table 
2025-09-27 12:45:12,061 - INFO - Saved apartment: <Apartment id=79665, price=16899999999, room=2, area=112, condition=19, place=اختیاریه, link=https://delta.ir/detail/79665>
2025-09-27 12:45:12,098 - INFO - inserted succesfully to apartment table 
2025-09-27 12:45:12,102 - INFO - Saved apartment: <Apartment id=79647, price=26300000000, room=2, area=118, condition=5, place=سعادت آباد, link=https://delta.ir/detail/79647>
2025-09-27 12:45:12,157 - INFO - inserted succesfully to apartment table 
2025-09-27 12:45:12,161 - INFO - Saved apartment: <Apartment id=79645, price=13400000000, room=2, area=99, condition=6, place=رودکی(سلسبیل..., link=https://delta.ir/detail/79645>
2025-09-27 12:45:12,214 - INFO - inserted succesfully to apartment table 
2025-09-27 12:45:12,217 - INFO - Saved apartment: <Apartment id=79636, price=20800000000, room=2, area=95, condition=1, place=دولت (کلاهدو..., link=https://delta.ir/detail/79636>
2025-09-27 12:45:12,269 - INFO - inserted succesfully to apartment table 
2025-09-27 12:45:12,272 - INFO - Saved apartment: <Apartment id=79634, price=8500000000, room=2, area=79, condition=1, place=جنت آباد مرک..., link=https://delta.ir/detail/79634>
2025-09-27 12:45:12,324 - INFO - inserted succesfully to apartment table 
2025-09-27 12:46:04,829 - INFO - Saved apartment: <Apartment id=77679, price=20800000000, room=3, area=142, condition=بیش از ۲۰ سال ساخت, place=سعادت آباد, link=https://delta.ir/detail/77679>
2025-09-27 12:46:04,867 - INFO - inserted succesfully to apartment table 
2025-09-27 12:46:04,869 - INFO - Saved apartment: <Apartment id=77680, price=20200000000, room=3, area=130, condition=بیش از ۲۰ سال ساخت, place=سعادت آباد, link=https://delta.ir/detail/77680>
2025-09-27 12:46:04,913 - INFO - inserted succesfully to apartment table 
2025-09-27 12:46:04,916 - INFO - Saved apartment: <Apartment id=79076, price=19500000000, room=3, area=131, condition=14, place=سعادت آباد, link=https://delta.ir/detail/79076>
2025-09-27 12:46:04,958 - INFO - inserted succesfully to apartment table 
2025-09-27 12:46:04,961 - INFO - Saved apartment: <Apartment id=79081, price=20800000000, room=3, area=141, condition=3, place=سعادت آباد, link=https://delta.ir/detail/79081>
2025-09-27 12:46:05,000 - INFO - inserted succesfully to apartment table 
2025-09-27 12:46:05,002 - INFO - Saved apartment: <Apartment id=79852, price=37200000000, room=3, area=155, condition=10, place=سعادت آباد, link=https://delta.ir/detail/79852>
2025-09-27 12:46:05,039 - INFO - inserted succesfully to apartment table 
2025-09-27 12:46:05,040 - INFO - Saved apartment: <Apartment id=79848, price=70000000000, room=3, area=235, condition=نوساز, place=زعفرانیه, link=https://delta.ir/detail/79848>
2025-09-27 12:46:05,080 - INFO - inserted succesfully to apartment table 
2025-09-27 12:46:05,083 - INFO - Saved apartment: <Apartment id=79100, price=32000000000, room=3, area=160, condition=12, place=سعادت آباد, link=https://delta.ir/detail/79100>
2025-09-27 12:46:05,116 - INFO - inserted succesfully to apartment table 
2025-09-27 12:46:05,118 - INFO - Saved apartment: <Apartment id=79847, price=20500000000, room=2, area=102, condition=3, place=پاسداران, link=https://delta.ir/detail/79847>
2025-09-27 12:46:05,151 - INFO - inserted succesfully to apartment table 
2025-09-27 12:46:05,152 - INFO - Saved apartment: <Apartment id=78100, price=32500000000, room=2, area=95, condition=6, place=شهرک غرب, link=https://delta.ir/detail/78100>
2025-09-27 12:46:05,208 - INFO - inserted succesfully to apartment table 
2025-09-27 12:46:05,212 - INFO - Saved apartment: <Apartment id=78307, price=29900000000, room=2, area=107, condition=1, place=شهرک غرب, link=https://delta.ir/detail/78307>
2025-09-27 12:46:05,276 - INFO - inserted succesfully to apartment table 
2025-09-27 12:46:05,281 - INFO - Saved apartment: <Apartment id=79843, price=7500000000, room=1, area=66, condition=5, place=بلوار فردوس, link=https://delta.ir/detail/79843>
2025-09-27 12:46:05,363 - INFO - inserted succesfully to apartment table 
2025-09-27 12:46:05,367 - INFO - Saved apartment: <Apartment id=79842, price=18000000000, room=2, area=90, condition=3, place=دولت (کلاهدو..., link=https://delta.ir/detail/79842>
2025-09-27 12:46:05,460 - INFO - inserted succesfully to apartment table 
2025-09-27 12:46:05,466 - INFO - Saved apartment: <Apartment id=79841, price=21600000000, room=2, area=120, condition=13, place=شهرک غرب, link=https://delta.ir/detail/79841>
2025-09-27 12:46:05,558 - INFO - inserted succesfully to apartment table 
2025-09-27 12:46:05,562 - INFO - Saved apartment: <Apartment id=79839, price=43500000000, room=3, area=140, condition=1, place=شهرک غرب, link=https://delta.ir/detail/79839>
2025-09-27 12:46:05,614 - INFO - inserted succesfully to apartment table 
2025-09-27 12:46:05,618 - INFO - Saved apartment: <Apartment id=72658, price=56000000000, room=3, area=220, condition=5, place=شهرک غرب, link=https://delta.ir/detail/72658>
2025-09-27 12:46:05,658 - INFO - inserted succesfully to apartment table 
2025-09-27 12:46:05,662 - INFO - Saved apartment: <Apartment id=72661, price=32000000000, room=3, area=147, condition=4, place=سعادت آباد, link=https://delta.ir/detail/72661>
2025-09-27 12:46:05,694 - INFO - inserted succesfully to apartment table 
2025-09-27 12:46:05,697 - INFO - Saved apartment: <Apartment id=79838, price=16800000000, room=2, area=90, condition=14, place=جردن, link=https://delta.ir/detail/79838>
2025-09-27 12:46:05,737 - INFO - inserted succesfully to apartment table 
2025-09-27 12:46:05,740 - INFO - Saved apartment: <Apartment id=79836, price=13800000000, room=2, area=76, condition=11, place=سعادت آباد, link=https://delta.ir/detail/79836>
2025-09-27 12:46:05,810 - INFO - inserted succesfully to apartment table 
2025-09-27 12:46:05,814 - INFO - Saved apartment: <Apartment id=79835, price=5500000000, room=2, area=83, condition=10, place=سنگلج, link=https://delta.ir/detail/79835>
2025-09-27 12:46:05,880 - INFO - inserted succesfully to apartment table 
2025-09-27 12:46:05,884 - INFO - Saved apartment: <Apartment id=79828, price=13200000000, room=2, area=110, condition=بیش از ۲۰ سال ساخت, place=ظفر, link=https://delta.ir/detail/79828>
2025-09-27 12:46:05,959 - INFO - inserted succesfully to apartment table 
2025-09-27 12:46:09,382 - INFO - Clicked 'More' button
2025-09-27 12:46:09,758 - INFO - Saved apartment: <Apartment id=79819, price=7100000000, room=2, area=70, condition=بیش از ۲۰ سال ساخت, place=شمس آباد (من..., link=https://delta.ir/detail/79819>
2025-09-27 12:46:09,813 - INFO - inserted succesfully to apartment table 
2025-09-27 12:46:09,816 - INFO - Saved apartment: <Apartment id=79815, price=7000000000, room=2, area=74, condition=10, place=نیروی هوایی, link=https://delta.ir/detail/79815>
2025-09-27 12:46:09,876 - INFO - inserted succesfully to apartment table 
2025-09-27 12:46:09,880 - INFO - Saved apartment: <Apartment id=79813, price=3700000000, room=1, area=70, condition=2, place=دولتخواه, link=https://delta.ir/detail/79813>
2025-09-27 12:46:09,937 - INFO - inserted succesfully to apartment table 
2025-09-27 12:46:09,942 - INFO - Saved apartment: <Apartment id=78627, price=72900000000, room=3, area=210, condition=7, place=فرمانیه, link=https://delta.ir/detail/78627>
2025-09-27 12:46:10,015 - INFO - inserted succesfully to apartment table 
2025-09-27 12:46:10,018 - INFO - Saved apartment: <Apartment id=79799, price=36000000000, room=3, area=208, condition=20, place=نیاوران, link=https://delta.ir/detail/79799>
2025-09-27 12:46:10,073 - INFO - inserted succesfully to apartment table 
2025-09-27 12:46:10,076 - INFO - Saved apartment: <Apartment id=79797, price=36900000000, room=3, area=210, condition=19, place=سعادت آباد, link=https://delta.ir/detail/79797>
2025-09-27 12:46:10,122 - INFO - inserted succesfully to apartment table 
2025-09-27 12:46:10,128 - INFO - Saved apartment: <Apartment id=79794, price=2600000000, room=1, area=48, condition=5, place=خاوران, link=https://delta.ir/detail/79794>
2025-09-27 12:46:10,207 - INFO - inserted succesfully to apartment table 
2025-09-27 12:46:10,213 - INFO - Saved apartment: <Apartment id=78874, price=19500000000, room=3, area=132, condition=13, place=سعادت آباد, link=https://delta.ir/detail/78874>
2025-09-27 12:46:10,284 - INFO - inserted succesfully to apartment table 
2025-09-27 12:46:10,288 - INFO - Saved apartment: <Apartment id=79083, price=150000000000, room=4, area=280, condition=نوساز, place=سعادت آباد, link=https://delta.ir/detail/79083>
2025-09-27 12:46:10,368 - INFO - inserted succesfully to apartment table 
2025-09-27 12:46:10,375 - INFO - Saved apartment: <Apartment id=79793, price=33799999999, room=3, area=150, condition=نوساز, place=الهیه, link=https://delta.ir/detail/79793>
2025-09-27 12:46:10,460 - INFO - inserted succesfully to apartment table 
2025-09-27 12:46:10,465 - INFO - Saved apartment: <Apartment id=71908, price=41500000000, room=3, area=150, condition=نوساز, place=شهرک غرب, link=https://delta.ir/detail/71908>
2025-09-27 12:46:10,562 - INFO - inserted succesfully to apartment table 
2025-09-27 12:46:10,571 - INFO - Saved apartment: <Apartment id=74129, price=52000000000, room=3, area=174, condition=نوساز, place=شهرک غرب, link=https://delta.ir/detail/74129>
2025-09-27 12:46:10,670 - INFO - inserted succesfully to apartment table 
2025-09-27 12:46:10,675 - INFO - Saved apartment: <Apartment id=79791, price=25600000000, room=2, area=114, condition=نوساز, place=الهیه, link=https://delta.ir/detail/79791>
2025-09-27 12:46:10,725 - INFO - inserted succesfully to apartment table 
2025-09-27 12:46:10,727 - INFO - Saved apartment: <Apartment id=79790, price=25000000000, room=2, area=125, condition=نوساز, place=میرداماد, link=https://delta.ir/detail/79790>
2025-09-27 12:46:10,768 - INFO - inserted succesfully to apartment table 
2025-09-27 12:46:10,771 - INFO - Saved apartment: <Apartment id=79138, price=13500000000, room=2, area=95, condition=20, place=میرداماد, link=https://delta.ir/detail/79138>
2025-09-27 12:46:10,806 - INFO - inserted succesfully to apartment table 
2025-09-27 12:46:10,810 - INFO - Saved apartment: <Apartment id=79143, price=32799999999, room=3, area=193, condition=1, place=ظفر, link=https://delta.ir/detail/79143>
2025-09-27 12:46:10,846 - INFO - inserted succesfully to apartment table 
2025-09-27 12:46:10,848 - INFO - Saved apartment: <Apartment id=79781, price=6700000000, room=1, area=69, condition=بیش از ۲۰ سال ساخت, place=توحید, link=https://delta.ir/detail/79781>
2025-09-27 12:46:10,880 - INFO - inserted succesfully to apartment table 
2025-09-27 12:46:10,882 - INFO - Saved apartment: <Apartment id=79776, price=18700000000, room=2, area=97, condition=15, place=قیطریه, link=https://delta.ir/detail/79776>
2025-09-27 12:46:10,920 - INFO - inserted succesfully to apartment table 
2025-09-27 12:46:10,925 - INFO - Saved apartment: <Apartment id=79775, price=21500000000, room=2, area=95, condition=2, place=فرمانیه, link=https://delta.ir/detail/79775>
2025-09-27 12:46:11,017 - INFO - inserted succesfully to apartment table 
2025-09-27 12:46:11,021 - INFO - Saved apartment: <Apartment id=79769, price=6300000000, room=2, area=63.5, condition=بیش از ۲۰ سال ساخت, place=پونک, link=https://delta.ir/detail/79769>
2025-09-27 12:46:11,094 - INFO - inserted succesfully to apartment table 
2025-09-27 12:46:11,099 - INFO - Saved apartment: <Apartment id=79768, price=8000000000, room=2, area=80, condition=14, place=بلوار فردوس, link=https://delta.ir/detail/79768>
2025-09-27 12:46:11,171 - INFO - inserted succesfully to apartment table 
2025-09-27 12:46:11,175 - INFO - Saved apartment: <Apartment id=79757, price=18800000000, room=2, area=97, condition=17, place=قیطریه, link=https://delta.ir/detail/79757>
2025-09-27 12:46:11,211 - INFO - inserted succesfully to apartment table 
2025-09-27 12:46:11,214 - INFO - Saved apartment: <Apartment id=79756, price=18000000000, room=2, area=100, condition=9, place=پاسداران - ض..., link=https://delta.ir/detail/79756>
2025-09-27 12:46:11,264 - INFO - inserted succesfully to apartment table 
2025-09-27 12:46:11,267 - INFO - Saved apartment: <Apartment id=79751, price=7100000000, room=1, area=63, condition=11, place=پونک, link=https://delta.ir/detail/79751>
2025-09-27 12:46:11,305 - INFO - inserted succesfully to apartment table 
2025-09-27 12:46:11,307 - INFO - Saved apartment: <Apartment id=77146, price=6000000000, room=2, area=105, condition=نوساز, place=چیتگر, link=https://delta.ir/detail/77146>
2025-09-27 12:46:11,348 - INFO - inserted succesfully to apartment table 
2025-09-27 12:46:11,351 - INFO - Saved apartment: <Apartment id=79741, price=1800000000, room=2, area=75, condition=نوساز, place=چیتگر, link=https://delta.ir/detail/79741>
2025-09-27 12:46:11,401 - INFO - inserted succesfully to apartment table 
2025-09-27 12:46:11,404 - INFO - Saved apartment: <Apartment id=79738, price=80000000000, room=3, area=235, condition=نوساز, place=فرمانیه, link=https://delta.ir/detail/79738>
2025-09-27 12:46:11,445 - INFO - inserted succesfully to apartment table 
2025-09-27 12:46:11,447 - INFO - Saved apartment: <Apartment id=79737, price=63000000000, room=3, area=212, condition=14, place=کامرانیه, link=https://delta.ir/detail/79737>
2025-09-27 12:46:11,486 - INFO - inserted succesfully to apartment table 
2025-09-27 12:46:11,489 - INFO - Saved apartment: <Apartment id=78554, price=27400000000, room=3, area=135, condition=7, place=شهرک غرب, link=https://delta.ir/detail/78554>
2025-09-27 12:46:11,539 - INFO - inserted succesfully to apartment table 
2025-09-27 12:46:11,542 - INFO - Saved apartment: <Apartment id=79734, price=9900000000, room=2, area=65, condition=بیش از ۲۰ سال ساخت, place=شهید عراقی, link=https://delta.ir/detail/79734>
2025-09-27 12:46:11,576 - INFO - inserted succesfully to apartment table 
2025-09-27 12:46:14,880 - INFO - Clicked 'More' button
2025-09-27 12:46:15,101 - INFO - Saved apartment: <Apartment id=79731, price=7800000000, room=2, area=75, condition=بیش از ۲۰ سال ساخت, place=جمالزاده شما..., link=https://delta.ir/detail/79731>
2025-09-27 12:46:15,125 - INFO - inserted succesfully to apartment table 
2025-09-27 12:46:15,130 - INFO - Saved apartment: <Apartment id=79730, price=10800000000, room=2, area=86, condition=8, place=نیروی دریایی, link=https://delta.ir/detail/79730>
2025-09-27 12:46:15,168 - INFO - inserted succesfully to apartment table 
2025-09-27 12:46:15,170 - INFO - Saved apartment: <Apartment id=70327, price=25000000000, room=3, area=154, condition=18, place=سعادت آباد, link=https://delta.ir/detail/70327>
2025-09-27 12:46:15,204 - INFO - inserted succesfully to apartment table 
2025-09-27 12:46:15,207 - INFO - Saved apartment: <Apartment id=79719, price=15300000000, room=2, area=100, condition=8, place=ده ونک, link=https://delta.ir/detail/79719>
2025-09-27 12:46:15,239 - INFO - inserted succesfully to apartment table 
2025-09-27 12:46:15,242 - INFO - Saved apartment: <Apartment id=79715, price=66000000000, room=3, area=210, condition=نوساز, place=فرمانیه, link=https://delta.ir/detail/79715>
2025-09-27 12:46:15,273 - INFO - inserted succesfully to apartment table 
2025-09-27 12:46:15,276 - INFO - Saved apartment: <Apartment id=79712, price=20500000000, room=2, area=99, condition=نوساز, place=قیطریه, link=https://delta.ir/detail/79712>
2025-09-27 12:46:15,314 - INFO - inserted succesfully to apartment table 
2025-09-27 12:46:15,317 - INFO - Saved apartment: <Apartment id=79711, price=19000000000, room=3, area=140, condition=17, place=ظفر, link=https://delta.ir/detail/79711>
2025-09-27 12:46:15,352 - INFO - inserted succesfully to apartment table 
2025-09-27 12:46:15,355 - INFO - Saved apartment: <Apartment id=79082, price=15700000000, room=2, area=90, condition=16, place=سعادت آباد, link=https://delta.ir/detail/79082>
2025-09-27 12:46:15,403 - INFO - inserted succesfully to apartment table 
2025-09-27 12:46:15,406 - INFO - Saved apartment: <Apartment id=79702, price=10000000000, room=1, area=90, condition=14, place=اختیاریه, link=https://delta.ir/detail/79702>
2025-09-27 12:46:15,456 - INFO - inserted succesfully to apartment table 
2025-09-27 12:46:15,461 - INFO - Saved apartment: <Apartment id=79697, price=26500000000, room=2, area=90, condition=نوساز, place=دولت (کلاهدو..., link=https://delta.ir/detail/79697>
2025-09-27 12:46:15,509 - INFO - inserted succesfully to apartment table 
2025-09-27 12:46:15,512 - INFO - Saved apartment: <Apartment id=79692, price=4500000000, room=1, area=49, condition=7, place=بهار, link=https://delta.ir/detail/79692>
2025-09-27 12:46:15,559 - INFO - inserted succesfully to apartment table 
2025-09-27 12:46:15,562 - INFO - Saved apartment: <Apartment id=79691, price=4800000000, room=2, area=95, condition=نوساز, place=هفده شهریور, link=https://delta.ir/detail/79691>
2025-09-27 12:46:15,605 - INFO - inserted succesfully to apartment table 
2025-09-27 12:46:15,608 - INFO - Saved apartment: <Apartment id=79686, price=5200000000, room=2, area=100, condition=بیش از ۲۰ سال ساخت, place=شهرری, link=https://delta.ir/detail/79686>
2025-09-27 12:46:15,654 - INFO - inserted succesfully to apartment table 
2025-09-27 12:46:15,658 - INFO - Saved apartment: <Apartment id=79679, price=19000000000, room=3, area=123, condition=14, place=پاسداران, link=https://delta.ir/detail/79679>
2025-09-27 12:46:15,703 - INFO - inserted succesfully to apartment table 
2025-09-27 12:46:15,706 - INFO - Saved apartment: <Apartment id=79677, price=17500000000, room=2, area=110, condition=20, place=قلهک, link=https://delta.ir/detail/79677>
2025-09-27 12:46:15,761 - INFO - inserted succesfully to apartment table 
2025-09-27 12:46:15,765 - INFO - Saved apartment: <Apartment id=79675, price=9000000000, room=2, area=65, condition=10, place=سید خندان, link=https://delta.ir/detail/79675>
2025-09-27 12:46:15,816 - INFO - inserted succesfully to apartment table 
2025-09-27 12:46:15,820 - INFO - Saved apartment: <Apartment id=79673, price=8000000000, room=2, area=75, condition=8, place=جنت آباد جنو..., link=https://delta.ir/detail/79673>
2025-09-27 12:46:15,874 - INFO - inserted succesfully to apartment table 
2025-09-27 12:46:15,877 - INFO - Saved apartment: <Apartment id=79665, price=16899999999, room=2, area=112, condition=19, place=اختیاریه, link=https://delta.ir/detail/79665>
2025-09-27 12:46:15,928 - INFO - inserted succesfully to apartment table 
2025-09-27 12:46:15,933 - INFO - Saved apartment: <Apartment id=79647, price=26300000000, room=2, area=118, condition=5, place=سعادت آباد, link=https://delta.ir/detail/79647>
2025-09-27 12:46:15,988 - INFO - inserted succesfully to apartment table 
2025-09-27 12:46:15,993 - INFO - Saved apartment: <Apartment id=79645, price=13400000000, room=2, area=99, condition=6, place=رودکی(سلسبیل..., link=https://delta.ir/detail/79645>
2025-09-27 12:46:16,049 - INFO - inserted succesfully to apartment table 
2025-09-27 12:46:16,053 - INFO - Saved apartment: <Apartment id=79636, price=20800000000, room=2, area=95, condition=1, place=دولت (کلاهدو..., link=https://delta.ir/detail/79636>
2025-09-27 12:46:16,135 - INFO - inserted succesfully to apartment table 
2025-09-27 12:46:16,141 - INFO - Saved apartment: <Apartment id=79634, price=8500000000, room=2, area=79, condition=1, place=جنت آباد مرک..., link=https://delta.ir/detail/79634>
2025-09-27 12:46:16,220 - INFO - inserted succesfully to apartment table 
2025-09-27 12:46:16,225 - INFO - Saved apartment: <Apartment id=79633, price=9500000000, room=1, area=50, condition=نوساز, place=میرداماد, link=https://delta.ir/detail/79633>
2025-09-27 12:46:16,294 - INFO - inserted succesfully to apartment table 
2025-09-27 12:46:16,297 - INFO - Saved apartment: <Apartment id=79631, price=2500000000, room=1, area=50, condition=14, place=قزوین, link=https://delta.ir/detail/79631>
2025-09-27 12:46:16,343 - INFO - inserted succesfully to apartment table 
2025-09-27 12:46:16,346 - INFO - Saved apartment: <Apartment id=79629, price=18000000000, room=1, area=84, condition=2, place=دولت (کلاهدو..., link=https://delta.ir/detail/79629>
2025-09-27 12:46:16,384 - INFO - inserted succesfully to apartment table 
2025-09-27 12:46:16,386 - INFO - Saved apartment: <Apartment id=79628, price=19800000000, room=3, area=135, condition=19, place=ظفر, link=https://delta.ir/detail/79628>
2025-09-27 12:46:16,424 - INFO - inserted succesfully to apartment table 
2025-09-27 12:46:16,426 - INFO - Saved apartment: <Apartment id=79627, price=59000000000, room=3, area=200, condition=نوساز, place=فرمانیه, link=https://delta.ir/detail/79627>
2025-09-27 12:46:16,486 - INFO - inserted succesfully to apartment table 
2025-09-27 12:46:16,490 - INFO - Saved apartment: <Apartment id=79626, price=7500000000, room=2, area=72, condition=18, place=پیچ شمیران, link=https://delta.ir/detail/79626>
2025-09-27 12:46:16,559 - INFO - inserted succesfully to apartment table 
2025-09-27 12:46:16,564 - INFO - Saved apartment: <Apartment id=79624, price=30000000000, room=2, area=120, condition=1, place=سعادت آباد, link=https://delta.ir/detail/79624>
2025-09-27 12:46:16,651 - INFO - inserted succesfully to apartment table 
2025-09-27 12:46:16,656 - INFO - Saved apartment: <Apartment id=79622, price=14600000000, room=2, area=75, condition=19, place=سعادت آباد, link=https://delta.ir/detail/79622>
2025-09-27 12:46:16,734 - INFO - inserted succesfully to apartment table 
2025-09-27 12:46:20,151 - INFO - Clicked 'More' button
2025-09-27 12:46:20,351 - INFO - Saved apartment: <Apartment id=79259, price=20500000000, room=2, area=120, condition=16, place=دولت (کلاهدو..., link=https://delta.ir/detail/79259>
2025-09-27 12:46:20,383 - INFO - inserted succesfully to apartment table 
2025-09-27 12:46:20,385 - INFO - Saved apartment: <Apartment id=79616, price=29000000000, room=2, area=115, condition=3, place=شهرک غرب, link=https://delta.ir/detail/79616>
2025-09-27 12:46:20,418 - INFO - inserted succesfully to apartment table 
2025-09-27 12:46:20,420 - INFO - Saved apartment: <Apartment id=79613, price=16000000000, room=2, area=85, condition=9, place=دولت (کلاهدو..., link=https://delta.ir/detail/79613>
2025-09-27 12:46:20,482 - INFO - inserted succesfully to apartment table 
2025-09-27 12:46:20,486 - INFO - Saved apartment: <Apartment id=79611, price=27000000000, room=3, area=130, condition=10, place=نیاوران, link=https://delta.ir/detail/79611>
2025-09-27 12:46:20,561 - INFO - inserted succesfully to apartment table 
2025-09-27 12:46:20,565 - INFO - Saved apartment: <Apartment id=75438, price=3500000000, room=2, area=80, condition=نوساز, place=کوهک, link=https://delta.ir/detail/75438>
2025-09-27 12:46:20,632 - INFO - inserted succesfully to apartment table 
2025-09-27 12:46:20,637 - INFO - Saved apartment: <Apartment id=77332, price=5600000000, room=2, area=80, condition=نوساز, place=تهرانسر, link=https://delta.ir/detail/77332>
2025-09-27 12:46:20,700 - INFO - inserted succesfully to apartment table 
2025-09-27 12:46:20,704 - INFO - Saved apartment: <Apartment id=79608, price=4500000000, room=1, area=53, condition=بیش از ۲۰ سال ساخت, place=فرجام, link=https://delta.ir/detail/79608>
2025-09-27 12:46:54,656 - INFO - No more button found. End of listings.
2025-09-27 12:46:56,089 - INFO - Scraping finished. Total 0 apartments collected.
2025-09-27 12:47:11,577 - INFO - database apartment created succesfully
2025-09-27 12:47:11,644 - INFO - created the TABLE seccefully
2025-09-27 12:47:29,037 - INFO - Saved apartment: <Apartment id=77679, price=20800000000, room=3, area=142, condition=بیش از ۲۰ سال ساخت, place=سعادت آباد, link=https://delta.ir/detail/77679>
2025-09-27 12:47:29,142 - INFO - inserted succesfully to apartment table 
2025-09-27 12:47:29,147 - INFO - Saved apartment: <Apartment id=77680, price=20200000000, room=3, area=130, condition=بیش از ۲۰ سال ساخت, place=سعادت آباد, link=https://delta.ir/detail/77680>
2025-09-27 12:47:29,222 - INFO - inserted succesfully to apartment table 
2025-09-27 12:47:29,227 - INFO - Saved apartment: <Apartment id=79076, price=19500000000, room=3, area=131, condition=14, place=سعادت آباد, link=https://delta.ir/detail/79076>
2025-09-27 12:47:29,305 - INFO - inserted succesfully to apartment table 
2025-09-27 12:47:29,312 - INFO - Saved apartment: <Apartment id=79081, price=20800000000, room=3, area=141, condition=3, place=سعادت آباد, link=https://delta.ir/detail/79081>
2025-09-27 12:47:29,416 - INFO - inserted succesfully to apartment table 
2025-09-27 12:47:29,424 - INFO - Saved apartment: <Apartment id=79852, price=37200000000, room=3, area=155, condition=10, place=سعادت آباد, link=https://delta.ir/detail/79852>
2025-09-27 12:47:29,534 - INFO - inserted succesfully to apartment table 
2025-09-27 12:47:29,539 - INFO - Saved apartment: <Apartment id=79848, price=70000000000, room=3, area=235, condition=نوساز, place=زعفرانیه, link=https://delta.ir/detail/79848>
2025-09-27 12:47:29,600 - INFO - inserted succesfully to apartment table 
2025-09-27 12:47:29,608 - INFO - Saved apartment: <Apartment id=79100, price=32000000000, room=3, area=160, condition=12, place=سعادت آباد, link=https://delta.ir/detail/79100>
2025-09-27 12:47:29,667 - INFO - inserted succesfully to apartment table 
2025-09-27 12:47:29,669 - INFO - Saved apartment: <Apartment id=79847, price=20500000000, room=2, area=102, condition=3, place=پاسداران, link=https://delta.ir/detail/79847>
2025-09-27 12:47:29,729 - INFO - inserted succesfully to apartment table 
2025-09-27 12:47:29,732 - INFO - Saved apartment: <Apartment id=78100, price=32500000000, room=2, area=95, condition=6, place=شهرک غرب, link=https://delta.ir/detail/78100>
2025-09-27 12:47:29,771 - INFO - inserted succesfully to apartment table 
2025-09-27 12:47:29,775 - INFO - Saved apartment: <Apartment id=78307, price=29900000000, room=2, area=107, condition=1, place=شهرک غرب, link=https://delta.ir/detail/78307>
2025-09-27 12:47:29,848 - INFO - inserted succesfully to apartment table 
2025-09-27 12:47:33,340 - INFO - Clicked 'More' button
2025-09-27 12:47:33,446 - INFO - Saved apartment: <Apartment id=79794, price=2600000000, room=1, area=48, condition=5, place=خاوران, link=https://delta.ir/detail/79794>
2025-09-27 12:47:33,477 - INFO - inserted succesfully to apartment table 
2025-09-27 12:47:33,479 - INFO - Saved apartment: <Apartment id=78874, price=19500000000, room=3, area=132, condition=13, place=سعادت آباد, link=https://delta.ir/detail/78874>
2025-09-27 12:47:33,510 - INFO - inserted succesfully to apartment table 
2025-09-27 12:47:33,512 - INFO - Saved apartment: <Apartment id=79083, price=150000000000, room=4, area=280, condition=نوساز, place=سعادت آباد, link=https://delta.ir/detail/79083>
2025-09-27 12:47:33,544 - INFO - inserted succesfully to apartment table 
2025-09-27 12:47:33,548 - INFO - Saved apartment: <Apartment id=79793, price=33799999999, room=3, area=150, condition=نوساز, place=الهیه, link=https://delta.ir/detail/79793>
2025-09-27 12:47:33,614 - INFO - inserted succesfully to apartment table 
2025-09-27 12:47:33,618 - INFO - Saved apartment: <Apartment id=71908, price=41500000000, room=3, area=150, condition=نوساز, place=شهرک غرب, link=https://delta.ir/detail/71908>
2025-09-27 12:47:33,686 - INFO - inserted succesfully to apartment table 
2025-09-27 12:47:33,692 - INFO - Saved apartment: <Apartment id=74129, price=52000000000, room=3, area=174, condition=نوساز, place=شهرک غرب, link=https://delta.ir/detail/74129>
2025-09-27 12:47:33,765 - INFO - inserted succesfully to apartment table 
2025-09-27 12:47:33,769 - INFO - Saved apartment: <Apartment id=79791, price=25600000000, room=2, area=114, condition=نوساز, place=الهیه, link=https://delta.ir/detail/79791>
2025-09-27 12:47:33,836 - INFO - inserted succesfully to apartment table 
2025-09-27 12:47:33,839 - INFO - Saved apartment: <Apartment id=79790, price=25000000000, room=2, area=125, condition=نوساز, place=میرداماد, link=https://delta.ir/detail/79790>
2025-09-27 12:47:33,918 - INFO - inserted succesfully to apartment table 
2025-09-27 12:47:33,924 - INFO - Saved apartment: <Apartment id=79138, price=13500000000, room=2, area=95, condition=20, place=میرداماد, link=https://delta.ir/detail/79138>
2025-09-27 12:47:34,022 - INFO - inserted succesfully to apartment table 
2025-09-27 12:47:34,028 - INFO - Saved apartment: <Apartment id=79143, price=32799999999, room=3, area=193, condition=1, place=ظفر, link=https://delta.ir/detail/79143>
2025-09-27 12:47:34,102 - INFO - inserted succesfully to apartment table 
2025-09-27 12:47:34,105 - INFO - Saved apartment: <Apartment id=79781, price=6700000000, room=1, area=69, condition=بیش از ۲۰ سال ساخت, place=توحید, link=https://delta.ir/detail/79781>
2025-09-27 12:47:34,149 - INFO - inserted succesfully to apartment table 
2025-09-27 12:47:34,151 - INFO - Saved apartment: <Apartment id=79776, price=18700000000, room=2, area=97, condition=15, place=قیطریه, link=https://delta.ir/detail/79776>
2025-09-27 12:47:34,184 - INFO - inserted succesfully to apartment table 
2025-09-27 12:47:34,186 - INFO - Saved apartment: <Apartment id=79775, price=21500000000, room=2, area=95, condition=2, place=فرمانیه, link=https://delta.ir/detail/79775>
2025-09-27 12:47:34,235 - INFO - inserted succesfully to apartment table 
2025-09-27 12:47:34,238 - INFO - Saved apartment: <Apartment id=79769, price=6300000000, room=2, area=63.5, condition=بیش از ۲۰ سال ساخت, place=پونک, link=https://delta.ir/detail/79769>
2025-09-27 12:47:34,304 - INFO - inserted succesfully to apartment table 
2025-09-27 12:47:34,308 - INFO - Saved apartment: <Apartment id=79768, price=8000000000, room=2, area=80, condition=14, place=بلوار فردوس, link=https://delta.ir/detail/79768>
2025-09-27 12:47:34,369 - INFO - inserted succesfully to apartment table 
2025-09-27 12:47:34,373 - INFO - Saved apartment: <Apartment id=79757, price=18800000000, room=2, area=97, condition=17, place=قیطریه, link=https://delta.ir/detail/79757>
2025-09-27 12:47:34,434 - INFO - inserted succesfully to apartment table 
2025-09-27 12:47:37,781 - INFO - Clicked 'More' button
2025-09-27 12:47:38,007 - INFO - Saved apartment: <Apartment id=79711, price=19000000000, room=3, area=140, condition=17, place=ظفر, link=https://delta.ir/detail/79711>
2025-09-27 12:47:38,039 - INFO - inserted succesfully to apartment table 
2025-09-27 12:47:38,041 - INFO - Saved apartment: <Apartment id=79082, price=15700000000, room=2, area=90, condition=16, place=سعادت آباد, link=https://delta.ir/detail/79082>
2025-09-27 12:47:38,073 - INFO - inserted succesfully to apartment table 
2025-09-27 12:47:38,075 - INFO - Saved apartment: <Apartment id=79702, price=10000000000, room=1, area=90, condition=14, place=اختیاریه, link=https://delta.ir/detail/79702>
2025-09-27 12:47:38,109 - INFO - inserted succesfully to apartment table 
2025-09-27 12:47:38,111 - INFO - Saved apartment: <Apartment id=79697, price=26500000000, room=2, area=90, condition=نوساز, place=دولت (کلاهدو..., link=https://delta.ir/detail/79697>
2025-09-27 12:47:38,148 - INFO - inserted succesfully to apartment table 
2025-09-27 12:47:38,153 - INFO - Saved apartment: <Apartment id=79692, price=4500000000, room=1, area=49, condition=7, place=بهار, link=https://delta.ir/detail/79692>
2025-09-27 12:47:38,215 - INFO - inserted succesfully to apartment table 
2025-09-27 12:47:38,221 - INFO - Saved apartment: <Apartment id=79691, price=4800000000, room=2, area=95, condition=نوساز, place=هفده شهریور, link=https://delta.ir/detail/79691>
2025-09-27 12:47:38,281 - INFO - inserted succesfully to apartment table 
2025-09-27 12:47:38,286 - INFO - Saved apartment: <Apartment id=79686, price=5200000000, room=2, area=100, condition=بیش از ۲۰ سال ساخت, place=شهرری, link=https://delta.ir/detail/79686>
2025-09-27 12:47:38,334 - INFO - inserted succesfully to apartment table 
2025-09-27 12:47:38,337 - INFO - Saved apartment: <Apartment id=79679, price=19000000000, room=3, area=123, condition=14, place=پاسداران, link=https://delta.ir/detail/79679>
2025-09-27 12:47:38,373 - INFO - inserted succesfully to apartment table 
2025-09-27 12:47:38,375 - INFO - Saved apartment: <Apartment id=79677, price=17500000000, room=2, area=110, condition=20, place=قلهک, link=https://delta.ir/detail/79677>
2025-09-27 12:47:38,432 - INFO - inserted succesfully to apartment table 
2025-09-27 12:47:38,436 - INFO - Saved apartment: <Apartment id=79675, price=9000000000, room=2, area=65, condition=10, place=سید خندان, link=https://delta.ir/detail/79675>
2025-09-27 12:47:38,514 - INFO - inserted succesfully to apartment table 
2025-09-27 12:47:38,519 - INFO - Saved apartment: <Apartment id=79673, price=8000000000, room=2, area=75, condition=8, place=جنت آباد جنو..., link=https://delta.ir/detail/79673>
2025-09-27 12:47:38,589 - INFO - inserted succesfully to apartment table 
2025-09-27 12:47:38,593 - INFO - Saved apartment: <Apartment id=79665, price=16899999999, room=2, area=112, condition=19, place=اختیاریه, link=https://delta.ir/detail/79665>
2025-09-27 12:47:38,671 - INFO - inserted succesfully to apartment table 
2025-09-27 12:47:38,676 - INFO - Saved apartment: <Apartment id=79647, price=26300000000, room=2, area=118, condition=5, place=سعادت آباد, link=https://delta.ir/detail/79647>
2025-09-27 12:47:38,754 - INFO - inserted succesfully to apartment table 
2025-09-27 12:47:38,759 - INFO - Saved apartment: <Apartment id=79645, price=13400000000, room=2, area=99, condition=6, place=رودکی(سلسبیل..., link=https://delta.ir/detail/79645>
2025-09-27 12:47:38,843 - INFO - inserted succesfully to apartment table 
2025-09-27 12:47:38,848 - INFO - Saved apartment: <Apartment id=79636, price=20800000000, room=2, area=95, condition=1, place=دولت (کلاهدو..., link=https://delta.ir/detail/79636>
2025-09-27 12:47:38,928 - INFO - inserted succesfully to apartment table 
2025-09-27 12:47:38,930 - INFO - Saved apartment: <Apartment id=79634, price=8500000000, room=2, area=79, condition=1, place=جنت آباد مرک..., link=https://delta.ir/detail/79634>
2025-09-27 12:47:38,969 - INFO - inserted succesfully to apartment table 
2025-09-27 12:47:42,229 - INFO - Clicked 'More' button
2025-09-27 12:47:42,433 - INFO - Saved apartment: <Apartment id=79608, price=4500000000, room=1, area=53, condition=بیش از ۲۰ سال ساخت, place=فرجام, link=https://delta.ir/detail/79608>
2025-09-27 12:47:42,466 - INFO - inserted succesfully to apartment table 
2025-09-27 12:47:42,467 - INFO - Saved apartment: <Apartment id=79607, price=9500000000, room=1, area=50, condition=نوساز, place=میرداماد, link=https://delta.ir/detail/79607>
2025-09-27 12:47:42,500 - INFO - inserted succesfully to apartment table 
2025-09-27 12:47:42,502 - INFO - Saved apartment: <Apartment id=79606, price=34000000000, room=3, area=168, condition=8, place=کوی فراز, link=https://delta.ir/detail/79606>
2025-09-27 12:47:42,536 - INFO - inserted succesfully to apartment table 
2025-09-27 12:47:42,538 - INFO - Saved apartment: <Apartment id=79603, price=19700000000, room=2, area=100, condition=13, place=ملاصدرا, link=https://delta.ir/detail/79603>
2025-09-27 12:47:42,572 - INFO - inserted succesfully to apartment table 
2025-09-27 12:47:42,574 - INFO - Saved apartment: <Apartment id=79600, price=8600000000, room=2, area=88, condition=15, place=کوی بیمه, link=https://delta.ir/detail/79600>
2025-09-27 12:47:42,604 - INFO - inserted succesfully to apartment table 
2025-09-27 12:47:42,606 - INFO - Saved apartment: <Apartment id=79599, price=22900000000, room=3, area=140, condition=14, place=شیخ بهایی, link=https://delta.ir/detail/79599>
2025-09-27 12:47:42,637 - INFO - inserted succesfully to apartment table 
2025-09-27 12:47:42,639 - INFO - Saved apartment: <Apartment id=79597, price=8600000000, room=2, area=88, condition=15, place=شهران شمالی, link=https://delta.ir/detail/79597>
2025-09-27 12:47:42,683 - INFO - inserted succesfully to apartment table 
2025-09-27 12:47:42,688 - INFO - Saved apartment: <Apartment id=79593, price=16700000000, room=2, area=90, condition=17, place=قبا, link=https://delta.ir/detail/79593>
2025-09-27 12:47:42,744 - INFO - inserted succesfully to apartment table 
2025-09-27 12:47:42,746 - INFO - Saved apartment: <Apartment id=79588, price=10900000000, room=2, area=85, condition=9, place=نیروی دریایی, link=https://delta.ir/detail/79588>
2025-09-27 12:47:42,786 - INFO - inserted succesfully to apartment table 
2025-09-27 12:47:42,790 - INFO - Saved apartment: <Apartment id=79586, price=32000000000, room=3, area=145, condition=4, place=جردن, link=https://delta.ir/detail/79586>
2025-09-27 12:47:42,867 - INFO - inserted succesfully to apartment table 
2025-09-27 12:47:42,873 - INFO - Saved apartment: <Apartment id=79585, price=21500000000, room=3, area=122, condition=نوساز, place=جنت آباد جنو..., link=https://delta.ir/detail/79585>
2025-09-27 12:47:42,952 - INFO - inserted succesfully to apartment table 
2025-09-27 12:47:42,957 - INFO - Saved apartment: <Apartment id=79583, price=15000000000, room=2, area=85, condition=نوساز, place=جنت آباد جنو..., link=https://delta.ir/detail/79583>
2025-09-27 12:47:42,996 - INFO - inserted succesfully to apartment table 
2025-09-27 12:47:42,998 - INFO - Saved apartment: <Apartment id=79575, price=62100000000, room=4, area=270, condition=نوساز, place=جردن, link=https://delta.ir/detail/79575>
2025-09-27 12:47:43,028 - INFO - inserted succesfully to apartment table 
2025-09-27 12:47:43,030 - INFO - Saved apartment: <Apartment id=79568, price=79000000000, room=4, area=266, condition=نوساز, place=نیاوران, link=https://delta.ir/detail/79568>
2025-09-27 12:47:43,064 - INFO - inserted succesfully to apartment table 
2025-09-27 12:47:43,066 - INFO - Saved apartment: <Apartment id=79558, price=19300000000, room=3, area=140, condition=10, place=ظفر, link=https://delta.ir/detail/79558>
2025-09-27 12:47:43,099 - INFO - inserted succesfully to apartment table 
2025-09-27 12:47:43,101 - INFO - Saved apartment: <Apartment id=79547, price=35000000000, room=3, area=153, condition=19, place=زعفرانیه, link=https://delta.ir/detail/79547>
2025-09-27 12:47:43,134 - INFO - inserted succesfully to apartment table 
2025-09-27 12:47:46,413 - INFO - Clicked 'More' button
2025-09-27 12:47:46,543 - INFO - Saved apartment: <Apartment id=79530, price=16300000000, room=2, area=110, condition=17, place=جردن, link=https://delta.ir/detail/79530>
2025-09-27 12:47:46,617 - INFO - inserted succesfully to apartment table 
2025-09-27 12:47:46,619 - INFO - Saved apartment: <Apartment id=79529, price=18800000000, room=2, area=110, condition=18, place=جردن, link=https://delta.ir/detail/79529>
2025-09-27 12:47:46,656 - INFO - inserted succesfully to apartment table 
2025-09-27 12:47:46,658 - INFO - Saved apartment: <Apartment id=79527, price=28000000000, room=3, area=220, condition=18, place=جردن, link=https://delta.ir/detail/79527>
2025-09-27 12:47:46,701 - INFO - inserted succesfully to apartment table 
2025-09-27 12:47:46,705 - INFO - Saved apartment: <Apartment id=68269, price=27000000000, room=3, area=170, condition=9, place=جردن, link=https://delta.ir/detail/68269>
2025-09-27 12:47:46,744 - INFO - inserted succesfully to apartment table 
2025-09-27 12:47:46,747 - INFO - Saved apartment: <Apartment id=70712, price=16300000000, room=2, area=110, condition=بیش از ۲۰ سال ساخت, place=جردن, link=https://delta.ir/detail/70712>
2025-09-27 12:47:46,807 - INFO - inserted succesfully to apartment table 
2025-09-27 12:47:46,811 - INFO - Saved apartment: <Apartment id=70869, price=18800000000, room=2, area=130, condition=19, place=جردن, link=https://delta.ir/detail/70869>
2025-09-27 12:47:46,881 - INFO - inserted succesfully to apartment table 
2025-09-27 12:47:46,886 - INFO - Saved apartment: <Apartment id=73788, price=16899999999, room=2, area=90, condition=4, place=جردن, link=https://delta.ir/detail/73788>
2025-09-27 12:47:46,980 - INFO - inserted succesfully to apartment table 
2025-09-27 12:47:46,984 - INFO - Saved apartment: <Apartment id=79526, price=16500000000, room=1, area=115, condition=20, place=پاسداران, link=https://delta.ir/detail/79526>
2025-09-27 12:47:47,073 - INFO - inserted succesfully to apartment table 
2025-09-27 12:47:47,078 - INFO - Saved apartment: <Apartment id=79524, price=37900000000, room=3, area=190, condition=7, place=اقدسیه (منطق..., link=https://delta.ir/detail/79524>
2025-09-27 12:47:47,154 - INFO - inserted succesfully to apartment table 
2025-09-27 12:47:47,159 - INFO - Saved apartment: <Apartment id=79518, price=35000000000, room=2, area=160, condition=نوساز, place=دولت (کلاهدو..., link=https://delta.ir/detail/79518>
2025-09-27 12:47:47,226 - INFO - inserted succesfully to apartment table 
2025-09-27 12:47:47,230 - INFO - Saved apartment: <Apartment id=79514, price=30000000000, room=2, area=120, condition=14, place=نیاوران, link=https://delta.ir/detail/79514>
2025-09-27 12:47:47,295 - INFO - inserted succesfully to apartment table 
2025-09-27 12:47:47,299 - INFO - Saved apartment: <Apartment id=79513, price=33000000000, room=2, area=120, condition=1, place=زعفرانیه, link=https://delta.ir/detail/79513>
2025-09-27 12:47:47,359 - INFO - inserted succesfully to apartment table 
2025-09-27 12:47:47,363 - INFO - Saved apartment: <Apartment id=73150, price=33500000000, room=3, area=140, condition=14, place=زعفرانیه, link=https://delta.ir/detail/73150>
2025-09-27 12:47:47,421 - INFO - inserted succesfully to apartment table 
2025-09-27 12:47:47,425 - INFO - Saved apartment: <Apartment id=77039, price=20000000000, room=2, area=90, condition=12, place=زعفرانیه, link=https://delta.ir/detail/77039>
2025-09-27 12:47:47,502 - INFO - inserted succesfully to apartment table 
2025-09-27 12:47:47,506 - INFO - Saved apartment: <Apartment id=77046, price=53600000000, room=3, area=160, condition=نوساز, place=محمودیه, link=https://delta.ir/detail/77046>
2025-09-27 12:47:47,564 - INFO - inserted succesfully to apartment table 
2025-09-27 12:47:47,568 - INFO - Saved apartment: <Apartment id=79502, price=6800000000, room=1, area=57, condition=1, place=جواديه تهران..., link=https://delta.ir/detail/79502>
2025-09-27 12:47:47,629 - INFO - inserted succesfully to apartment table 
2025-09-27 12:47:50,941 - INFO - Clicked 'More' button
2025-09-27 12:47:51,257 - INFO - Saved apartment: <Apartment id=79437, price=24000000000, room=2, area=90, condition=1, place=دولت (کلاهدو..., link=https://delta.ir/detail/79437>
2025-09-27 12:47:51,325 - INFO - inserted succesfully to apartment table 
2025-09-27 12:47:51,329 - INFO - Saved apartment: <Apartment id=79434, price=7500000000, room=2, area=94, condition=11, place=پیچ شمیران, link=https://delta.ir/detail/79434>
2025-09-27 12:47:51,369 - INFO - inserted succesfully to apartment table 
2025-09-27 12:47:51,371 - INFO - Saved apartment: <Apartment id=79433, price=10900000000, room=1, area=65, condition=بیش از ۲۰ سال ساخت, place=میرداماد, link=https://delta.ir/detail/79433>
2025-09-27 12:47:51,409 - INFO - inserted succesfully to apartment table 
2025-09-27 12:47:51,412 - INFO - Saved apartment: <Apartment id=79432, price=68000000000, room=3, area=200, condition=5, place=زعفرانیه, link=https://delta.ir/detail/79432>
2025-09-27 12:47:51,446 - INFO - inserted succesfully to apartment table 
2025-09-27 12:47:51,448 - INFO - Saved apartment: <Apartment id=79431, price=18800000000, room=2, area=112, condition=14, place=شیخ بهایی, link=https://delta.ir/detail/79431>
2025-09-27 12:47:51,512 - INFO - inserted succesfully to apartment table 
2025-09-27 12:47:51,516 - INFO - Saved apartment: <Apartment id=79428, price=10500000000, room=2, area=90, condition=8, place=سازمان برنام..., link=https://delta.ir/detail/79428>
2025-09-27 12:47:51,590 - INFO - inserted succesfully to apartment table 
2025-09-27 12:47:51,594 - INFO - Saved apartment: <Apartment id=79427, price=14600000000, room=2, area=100, condition=7, place=اختیاریه, link=https://delta.ir/detail/79427>
2025-09-27 12:47:51,668 - INFO - inserted succesfully to apartment table 
2025-09-27 12:47:51,675 - INFO - Saved apartment: <Apartment id=79425, price=27000000000, room=2, area=164, condition=بیش از ۲۰ سال ساخت, place=تجریش, link=https://delta.ir/detail/79425>
2025-09-27 12:47:51,774 - INFO - inserted succesfully to apartment table 
2025-09-27 12:47:51,779 - INFO - Saved apartment: <Apartment id=79424, price=14200000000, room=2, area=108, condition=16, place=هروی, link=https://delta.ir/detail/79424>
2025-09-27 12:47:51,882 - INFO - inserted succesfully to apartment table 
2025-09-27 12:47:51,889 - INFO - Saved apartment: <Apartment id=79422, price=25000000000, room=2, area=121, condition=20, place=نیاوران, link=https://delta.ir/detail/79422>
2025-09-27 12:47:51,982 - INFO - inserted succesfully to apartment table 
2025-09-27 12:47:51,987 - INFO - Saved apartment: <Apartment id=79421, price=32000000000, room=3, area=160, condition=7, place=فرمانیه, link=https://delta.ir/detail/79421>
2025-09-27 12:47:52,067 - INFO - inserted succesfully to apartment table 
2025-09-27 12:47:52,073 - INFO - Saved apartment: <Apartment id=79420, price=21000000000, room=3, area=163, condition=بیش از ۲۰ سال ساخت, place=جردن, link=https://delta.ir/detail/79420>
2025-09-27 12:47:52,163 - INFO - inserted succesfully to apartment table 
2025-09-27 12:47:52,168 - INFO - Saved apartment: <Apartment id=79416, price=41000000000, room=2, area=127, condition=بیش از ۲۰ سال ساخت, place=آجودانیه, link=https://delta.ir/detail/79416>
2025-09-27 12:47:52,254 - INFO - inserted succesfully to apartment table 
2025-09-27 12:47:52,259 - INFO - Saved apartment: <Apartment id=79415, price=18400000000, room=1, area=84, condition=3, place=اختیاریه, link=https://delta.ir/detail/79415>
2025-09-27 12:47:52,335 - INFO - inserted succesfully to apartment table 
2025-09-27 12:47:52,341 - INFO - Saved apartment: <Apartment id=79412, price=16500000000, room=2, area=115, condition=9, place=پاسداران, link=https://delta.ir/detail/79412>
2025-09-27 12:47:52,408 - INFO - inserted succesfully to apartment table 
2025-09-27 12:47:52,412 - INFO - Saved apartment: <Apartment id=79410, price=17000000000, room=3, area=132, condition=10, place=هروی, link=https://delta.ir/detail/79410>
2025-09-27 12:47:52,499 - INFO - inserted succesfully to apartment table 
2025-09-27 12:47:55,761 - INFO - Clicked 'More' button
2025-09-27 12:47:56,004 - INFO - Saved apartment: <Apartment id=79339, price=7000000000, room=1, area=70, condition=10, place=شهرزیبا, link=https://delta.ir/detail/79339>
2025-09-27 12:47:56,031 - INFO - inserted succesfully to apartment table 
2025-09-27 12:47:56,033 - INFO - Saved apartment: <Apartment id=79327, price=20000000000, room=2, area=120, condition=نوساز, place=پونک, link=https://delta.ir/detail/79327>
2025-09-27 12:47:56,061 - INFO - inserted succesfully to apartment table 
2025-09-27 12:47:56,063 - INFO - Saved apartment: <Apartment id=79316, price=3000000000, room=1, area=34, condition=نوساز, place=پیروزی, link=https://delta.ir/detail/79316>
2025-09-27 12:47:56,091 - INFO - inserted succesfully to apartment table 
2025-09-27 12:47:56,094 - INFO - Saved apartment: <Apartment id=79314, price=27500000000, room=3, area=148, condition=2, place=سه راه منظری..., link=https://delta.ir/detail/79314>
2025-09-27 12:47:56,123 - INFO - inserted succesfully to apartment table 
2025-09-27 12:47:56,125 - INFO - Saved apartment: <Apartment id=79312, price=5400000000, room=2, area=60, condition=15, place=اسکندری جنوب..., link=https://delta.ir/detail/79312>
2025-09-27 12:47:56,161 - INFO - inserted succesfully to apartment table 
2025-09-27 12:47:56,165 - INFO - Saved apartment: <Apartment id=79311, price=27000000000, room=3, area=157, condition=11, place=جنت آباد جنو..., link=https://delta.ir/detail/79311>
2025-09-27 12:47:56,209 - INFO - inserted succesfully to apartment table 
2025-09-27 12:47:56,213 - INFO - Saved apartment: <Apartment id=79309, price=2800000000, room=2, area=53, condition=19, place=نیکنام, link=https://delta.ir/detail/79309>
2025-09-27 12:47:56,258 - INFO - inserted succesfully to apartment table 
2025-09-27 12:47:56,261 - INFO - Saved apartment: <Apartment id=79308, price=22500000000, room=3, area=175, condition=20, place=پرستار, link=https://delta.ir/detail/79308>
2025-09-27 12:47:56,303 - INFO - inserted succesfully to apartment table 
2025-09-27 12:47:56,305 - INFO - Saved apartment: <Apartment id=73194, price=36000000000, room=2, area=120, condition=3, place=شهرک غرب, link=https://delta.ir/detail/73194>
2025-09-27 12:47:56,357 - INFO - inserted succesfully to apartment table 
2025-09-27 12:47:56,361 - INFO - Saved apartment: <Apartment id=77304, price=40700000000, room=3, area=146, condition=نوساز, place=سعادت آباد, link=https://delta.ir/detail/77304>
2025-09-27 12:47:56,401 - INFO - inserted succesfully to apartment table 
2025-09-27 12:47:56,405 - INFO - Saved apartment: <Apartment id=79290, price=42900000000, room=3, area=148, condition=نوساز, place=سعادت آباد, link=https://delta.ir/detail/79290>
2025-09-27 12:47:56,449 - INFO - inserted succesfully to apartment table 
2025-09-27 12:47:56,452 - INFO - Saved apartment: <Apartment id=79289, price=43000000000, room=3, area=150, condition=نوساز, place=سعادت آباد, link=https://delta.ir/detail/79289>
2025-09-27 12:47:56,500 - INFO - inserted succesfully to apartment table 
2025-09-27 12:47:56,503 - INFO - Saved apartment: <Apartment id=79288, price=26900000000, room=2, area=130, condition=18, place=فرمانیه, link=https://delta.ir/detail/79288>
2025-09-27 12:47:56,546 - INFO - inserted succesfully to apartment table 
2025-09-27 12:47:56,548 - INFO - Saved apartment: <Apartment id=79287, price=13200000000, room=2, area=105, condition=19, place=شهرک غرب, link=https://delta.ir/detail/79287>
2025-09-27 12:47:56,603 - INFO - inserted succesfully to apartment table 
2025-09-27 12:47:56,608 - INFO - Saved apartment: <Apartment id=79285, price=21600000000, room=2, area=105, condition=14, place=سعادت آباد, link=https://delta.ir/detail/79285>
2025-09-27 12:47:56,678 - INFO - inserted succesfully to apartment table 
2025-09-27 12:47:56,683 - INFO - Saved apartment: <Apartment id=79282, price=10000000000, room=2, area=65, condition=11, place=دولت (کلاهدو..., link=https://delta.ir/detail/79282>
2025-09-27 12:47:56,768 - INFO - inserted succesfully to apartment table 
2025-09-27 12:48:00,094 - INFO - Clicked 'More' button
2025-09-27 12:48:00,405 - INFO - Saved apartment: <Apartment id=79254, price=6600000000, room=1, area=65, condition=6, place=شهران جنوبی, link=https://delta.ir/detail/79254>
2025-09-27 12:48:00,441 - INFO - inserted succesfully to apartment table 
2025-09-27 12:48:00,443 - INFO - Saved apartment: <Apartment id=79253, price=43500000000, room=3, area=155, condition=1, place=جردن, link=https://delta.ir/detail/79253>
2025-09-27 12:48:00,481 - INFO - inserted succesfully to apartment table 
2025-09-27 12:48:00,485 - INFO - Saved apartment: <Apartment id=78756, price=25900000000, room=3, area=130, condition=8, place=میرداماد, link=https://delta.ir/detail/78756>
2025-09-27 12:48:31,325 - INFO - Saved apartment: <Apartment id=77679, price=20800000000, room=3, area=142, condition=بیش از ۲۰ سال ساخت, place=سعادت آباد, link=https://delta.ir/detail/77679>
2025-09-27 12:48:31,359 - INFO - inserted succesfully to apartment table 
2025-09-27 12:48:31,361 - INFO - Saved apartment: <Apartment id=77680, price=20200000000, room=3, area=130, condition=بیش از ۲۰ سال ساخت, place=سعادت آباد, link=https://delta.ir/detail/77680>
2025-09-27 12:48:31,396 - INFO - inserted succesfully to apartment table 
2025-09-27 12:48:31,398 - INFO - Saved apartment: <Apartment id=79076, price=19500000000, room=3, area=131, condition=14, place=سعادت آباد, link=https://delta.ir/detail/79076>
2025-09-27 12:48:31,457 - INFO - inserted succesfully to apartment table 
2025-09-27 12:48:31,462 - INFO - Saved apartment: <Apartment id=79081, price=20800000000, room=3, area=141, condition=3, place=سعادت آباد, link=https://delta.ir/detail/79081>
2025-09-27 12:48:31,523 - INFO - inserted succesfully to apartment table 
2025-09-27 12:48:31,527 - INFO - Saved apartment: <Apartment id=79852, price=37200000000, room=3, area=155, condition=10, place=سعادت آباد, link=https://delta.ir/detail/79852>
2025-09-27 12:48:31,586 - INFO - inserted succesfully to apartment table 
2025-09-27 12:48:31,592 - INFO - Saved apartment: <Apartment id=79848, price=70000000000, room=3, area=235, condition=نوساز, place=زعفرانیه, link=https://delta.ir/detail/79848>
2025-09-27 12:48:31,666 - INFO - inserted succesfully to apartment table 
2025-09-27 12:48:31,671 - INFO - Saved apartment: <Apartment id=79100, price=32000000000, room=3, area=160, condition=12, place=سعادت آباد, link=https://delta.ir/detail/79100>
2025-09-27 12:48:31,742 - INFO - inserted succesfully to apartment table 
2025-09-27 12:48:31,748 - INFO - Saved apartment: <Apartment id=79847, price=20500000000, room=2, area=102, condition=3, place=پاسداران, link=https://delta.ir/detail/79847>
2025-09-27 12:48:31,828 - INFO - inserted succesfully to apartment table 
2025-09-27 12:48:31,833 - INFO - Saved apartment: <Apartment id=78100, price=32500000000, room=2, area=95, condition=6, place=شهرک غرب, link=https://delta.ir/detail/78100>
2025-09-27 12:48:31,917 - INFO - inserted succesfully to apartment table 
2025-09-27 12:48:31,924 - INFO - Saved apartment: <Apartment id=78307, price=29900000000, room=2, area=107, condition=1, place=شهرک غرب, link=https://delta.ir/detail/78307>
2025-09-27 12:48:32,002 - INFO - inserted succesfully to apartment table 
2025-09-27 12:48:32,006 - INFO - Saved apartment: <Apartment id=79843, price=7500000000, room=1, area=66, condition=5, place=بلوار فردوس, link=https://delta.ir/detail/79843>
2025-09-27 12:48:32,054 - INFO - inserted succesfully to apartment table 
2025-09-27 12:48:32,058 - INFO - Saved apartment: <Apartment id=79842, price=18000000000, room=2, area=90, condition=3, place=دولت (کلاهدو..., link=https://delta.ir/detail/79842>
2025-09-27 12:48:32,108 - INFO - inserted succesfully to apartment table 
2025-09-27 12:48:32,112 - INFO - Saved apartment: <Apartment id=79841, price=21600000000, room=2, area=120, condition=13, place=شهرک غرب, link=https://delta.ir/detail/79841>
2025-09-27 12:48:32,154 - INFO - inserted succesfully to apartment table 
2025-09-27 12:48:32,157 - INFO - Saved apartment: <Apartment id=79839, price=43500000000, room=3, area=140, condition=1, place=شهرک غرب, link=https://delta.ir/detail/79839>
2025-09-27 12:48:32,192 - INFO - inserted succesfully to apartment table 
2025-09-27 12:48:32,194 - INFO - Saved apartment: <Apartment id=72658, price=56000000000, room=3, area=220, condition=5, place=شهرک غرب, link=https://delta.ir/detail/72658>
2025-09-27 12:48:32,228 - INFO - inserted succesfully to apartment table 
2025-09-27 12:48:32,230 - INFO - Saved apartment: <Apartment id=72661, price=32000000000, room=3, area=147, condition=4, place=سعادت آباد, link=https://delta.ir/detail/72661>
2025-09-27 12:48:32,271 - INFO - inserted succesfully to apartment table 
2025-09-27 12:48:32,275 - INFO - Saved apartment: <Apartment id=79838, price=16800000000, room=2, area=90, condition=14, place=جردن, link=https://delta.ir/detail/79838>
2025-09-27 12:48:32,335 - INFO - inserted succesfully to apartment table 
2025-09-27 12:48:32,339 - INFO - Saved apartment: <Apartment id=79836, price=13800000000, room=2, area=76, condition=11, place=سعادت آباد, link=https://delta.ir/detail/79836>
2025-09-27 12:48:32,405 - INFO - inserted succesfully to apartment table 
2025-09-27 12:48:32,410 - INFO - Saved apartment: <Apartment id=79835, price=5500000000, room=2, area=83, condition=10, place=سنگلج, link=https://delta.ir/detail/79835>
2025-09-27 12:48:32,473 - INFO - inserted succesfully to apartment table 
2025-09-27 12:48:32,477 - INFO - Saved apartment: <Apartment id=79828, price=13200000000, room=2, area=110, condition=بیش از ۲۰ سال ساخت, place=ظفر, link=https://delta.ir/detail/79828>
2025-09-27 12:48:32,542 - INFO - inserted succesfully to apartment table 
2025-09-27 12:48:35,968 - INFO - Clicked 'More' button
2025-09-27 12:48:36,367 - INFO - Saved apartment: <Apartment id=79819, price=7100000000, room=2, area=70, condition=بیش از ۲۰ سال ساخت, place=شمس آباد (من..., link=https://delta.ir/detail/79819>
2025-09-27 12:48:36,401 - INFO - inserted succesfully to apartment table 
2025-09-27 12:48:36,403 - INFO - Saved apartment: <Apartment id=79815, price=7000000000, room=2, area=74, condition=10, place=نیروی هوایی, link=https://delta.ir/detail/79815>
2025-09-27 12:48:36,442 - INFO - inserted succesfully to apartment table 
2025-09-27 12:48:36,446 - INFO - Saved apartment: <Apartment id=79813, price=3700000000, room=1, area=70, condition=2, place=دولتخواه, link=https://delta.ir/detail/79813>
2025-09-27 12:48:36,523 - INFO - inserted succesfully to apartment table 
2025-09-27 12:48:36,527 - INFO - Saved apartment: <Apartment id=78627, price=72900000000, room=3, area=210, condition=7, place=فرمانیه, link=https://delta.ir/detail/78627>
2025-09-27 12:48:36,616 - INFO - inserted succesfully to apartment table 
2025-09-27 12:48:36,621 - INFO - Saved apartment: <Apartment id=79799, price=36000000000, room=3, area=208, condition=20, place=نیاوران, link=https://delta.ir/detail/79799>
2025-09-27 12:48:36,698 - INFO - inserted succesfully to apartment table 
2025-09-27 12:48:36,703 - INFO - Saved apartment: <Apartment id=79797, price=36900000000, room=3, area=210, condition=19, place=سعادت آباد, link=https://delta.ir/detail/79797>
2025-09-27 12:48:36,804 - INFO - inserted succesfully to apartment table 
2025-09-27 12:48:36,811 - INFO - Saved apartment: <Apartment id=79794, price=2600000000, room=1, area=48, condition=5, place=خاوران, link=https://delta.ir/detail/79794>
2025-09-27 12:48:36,890 - INFO - inserted succesfully to apartment table 
2025-09-27 12:48:36,896 - INFO - Saved apartment: <Apartment id=78874, price=19500000000, room=3, area=132, condition=13, place=سعادت آباد, link=https://delta.ir/detail/78874>
2025-09-27 12:48:36,990 - INFO - inserted succesfully to apartment table 
2025-09-27 12:48:36,995 - INFO - Saved apartment: <Apartment id=79083, price=150000000000, room=4, area=280, condition=نوساز, place=سعادت آباد, link=https://delta.ir/detail/79083>
2025-09-27 12:48:37,042 - INFO - inserted succesfully to apartment table 
2025-09-27 12:48:37,045 - INFO - Saved apartment: <Apartment id=79793, price=33799999999, room=3, area=150, condition=نوساز, place=الهیه, link=https://delta.ir/detail/79793>
2025-09-27 12:48:37,081 - INFO - inserted succesfully to apartment table 
2025-09-27 12:48:37,085 - INFO - Saved apartment: <Apartment id=71908, price=41500000000, room=3, area=150, condition=نوساز, place=شهرک غرب, link=https://delta.ir/detail/71908>
2025-09-27 12:48:37,120 - INFO - inserted succesfully to apartment table 
2025-09-27 12:48:37,122 - INFO - Saved apartment: <Apartment id=74129, price=52000000000, room=3, area=174, condition=نوساز, place=شهرک غرب, link=https://delta.ir/detail/74129>
2025-09-27 12:48:37,154 - INFO - inserted succesfully to apartment table 
2025-09-27 12:48:37,157 - INFO - Saved apartment: <Apartment id=79791, price=25600000000, room=2, area=114, condition=نوساز, place=الهیه, link=https://delta.ir/detail/79791>
2025-09-27 12:48:37,192 - INFO - inserted succesfully to apartment table 
2025-09-27 12:48:37,195 - INFO - Saved apartment: <Apartment id=79790, price=25000000000, room=2, area=125, condition=نوساز, place=میرداماد, link=https://delta.ir/detail/79790>
2025-09-27 12:48:37,238 - INFO - inserted succesfully to apartment table 
2025-09-27 12:48:37,241 - INFO - Saved apartment: <Apartment id=79138, price=13500000000, room=2, area=95, condition=20, place=میرداماد, link=https://delta.ir/detail/79138>
2025-09-27 12:48:37,277 - INFO - inserted succesfully to apartment table 
2025-09-27 12:48:37,280 - INFO - Saved apartment: <Apartment id=79143, price=32799999999, room=3, area=193, condition=1, place=ظفر, link=https://delta.ir/detail/79143>
2025-09-27 12:48:37,313 - INFO - inserted succesfully to apartment table 
2025-09-27 12:48:37,316 - INFO - Saved apartment: <Apartment id=79781, price=6700000000, room=1, area=69, condition=بیش از ۲۰ سال ساخت, place=توحید, link=https://delta.ir/detail/79781>
2025-09-27 12:48:37,353 - INFO - inserted succesfully to apartment table 
2025-09-27 12:48:37,356 - INFO - Saved apartment: <Apartment id=79776, price=18700000000, room=2, area=97, condition=15, place=قیطریه, link=https://delta.ir/detail/79776>
2025-09-27 12:48:37,401 - INFO - inserted succesfully to apartment table 
2025-09-27 12:48:37,404 - INFO - Saved apartment: <Apartment id=79775, price=21500000000, room=2, area=95, condition=2, place=فرمانیه, link=https://delta.ir/detail/79775>
2025-09-27 12:48:37,436 - INFO - inserted succesfully to apartment table 
2025-09-27 12:48:37,438 - INFO - Saved apartment: <Apartment id=79769, price=6300000000, room=2, area=63.5, condition=بیش از ۲۰ سال ساخت, place=پونک, link=https://delta.ir/detail/79769>
2025-09-27 12:48:37,480 - INFO - inserted succesfully to apartment table 
2025-09-27 12:48:37,484 - INFO - Saved apartment: <Apartment id=79768, price=8000000000, room=2, area=80, condition=14, place=بلوار فردوس, link=https://delta.ir/detail/79768>
2025-09-27 12:48:37,551 - INFO - inserted succesfully to apartment table 
2025-09-27 12:48:37,556 - INFO - Saved apartment: <Apartment id=79757, price=18800000000, room=2, area=97, condition=17, place=قیطریه, link=https://delta.ir/detail/79757>
2025-09-27 12:48:37,635 - INFO - inserted succesfully to apartment table 
2025-09-27 12:48:37,642 - INFO - Saved apartment: <Apartment id=79756, price=18000000000, room=2, area=100, condition=9, place=پاسداران - ض..., link=https://delta.ir/detail/79756>
2025-09-27 12:48:37,731 - INFO - inserted succesfully to apartment table 
2025-09-27 12:48:37,735 - INFO - Saved apartment: <Apartment id=79751, price=7100000000, room=1, area=63, condition=11, place=پونک, link=https://delta.ir/detail/79751>
2025-09-27 12:48:37,809 - INFO - inserted succesfully to apartment table 
2025-09-27 12:48:37,813 - INFO - Saved apartment: <Apartment id=77146, price=6000000000, room=2, area=105, condition=نوساز, place=چیتگر, link=https://delta.ir/detail/77146>
2025-09-27 12:48:37,889 - INFO - inserted succesfully to apartment table 
2025-09-27 12:48:37,897 - INFO - Saved apartment: <Apartment id=79741, price=1800000000, room=2, area=75, condition=نوساز, place=چیتگر, link=https://delta.ir/detail/79741>
2025-09-27 12:48:37,986 - INFO - inserted succesfully to apartment table 
2025-09-27 12:48:37,992 - INFO - Saved apartment: <Apartment id=79738, price=80000000000, room=3, area=235, condition=نوساز, place=فرمانیه, link=https://delta.ir/detail/79738>
2025-09-27 12:48:38,069 - INFO - inserted succesfully to apartment table 
2025-09-27 12:48:38,073 - INFO - Saved apartment: <Apartment id=79737, price=63000000000, room=3, area=212, condition=14, place=کامرانیه, link=https://delta.ir/detail/79737>
2025-09-27 12:48:38,153 - INFO - inserted succesfully to apartment table 
2025-09-27 12:48:38,157 - INFO - Saved apartment: <Apartment id=78554, price=27400000000, room=3, area=135, condition=7, place=شهرک غرب, link=https://delta.ir/detail/78554>
2025-09-27 12:48:38,241 - INFO - inserted succesfully to apartment table 
2025-09-27 12:48:38,246 - INFO - Saved apartment: <Apartment id=79734, price=9900000000, room=2, area=65, condition=بیش از ۲۰ سال ساخت, place=شهید عراقی, link=https://delta.ir/detail/79734>
2025-09-27 12:48:38,351 - INFO - inserted succesfully to apartment table 
2025-09-27 12:48:41,812 - INFO - Clicked 'More' button
2025-09-27 12:48:42,044 - INFO - Saved apartment: <Apartment id=79731, price=7800000000, room=2, area=75, condition=بیش از ۲۰ سال ساخت, place=جمالزاده شما..., link=https://delta.ir/detail/79731>
2025-09-27 12:48:42,071 - INFO - inserted succesfully to apartment table 
2025-09-27 12:48:42,073 - INFO - Saved apartment: <Apartment id=79730, price=10800000000, room=2, area=86, condition=8, place=نیروی دریایی, link=https://delta.ir/detail/79730>
2025-09-27 12:48:42,101 - INFO - inserted succesfully to apartment table 
2025-09-27 12:48:42,103 - INFO - Saved apartment: <Apartment id=70327, price=25000000000, room=3, area=154, condition=18, place=سعادت آباد, link=https://delta.ir/detail/70327>
2025-09-27 12:48:42,150 - INFO - inserted succesfully to apartment table 
2025-09-27 12:48:42,154 - INFO - Saved apartment: <Apartment id=79719, price=15300000000, room=2, area=100, condition=8, place=ده ونک, link=https://delta.ir/detail/79719>
2025-09-27 12:48:42,220 - INFO - inserted succesfully to apartment table 
2025-09-27 12:48:42,224 - INFO - Saved apartment: <Apartment id=79715, price=66000000000, room=3, area=210, condition=نوساز, place=فرمانیه, link=https://delta.ir/detail/79715>
2025-09-27 12:48:42,288 - INFO - inserted succesfully to apartment table 
2025-09-27 12:48:42,293 - INFO - Saved apartment: <Apartment id=79712, price=20500000000, room=2, area=99, condition=نوساز, place=قیطریه, link=https://delta.ir/detail/79712>
2025-09-27 12:48:42,370 - INFO - inserted succesfully to apartment table 
2025-09-27 12:48:42,384 - INFO - Saved apartment: <Apartment id=79711, price=19000000000, room=3, area=140, condition=17, place=ظفر, link=https://delta.ir/detail/79711>
2025-09-27 12:48:42,494 - INFO - inserted succesfully to apartment table 
2025-09-27 12:48:42,504 - INFO - Saved apartment: <Apartment id=79082, price=15700000000, room=2, area=90, condition=16, place=سعادت آباد, link=https://delta.ir/detail/79082>
2025-09-27 12:48:42,588 - INFO - inserted succesfully to apartment table 
2025-09-27 12:48:42,590 - INFO - Saved apartment: <Apartment id=79702, price=10000000000, room=1, area=90, condition=14, place=اختیاریه, link=https://delta.ir/detail/79702>
2025-09-27 12:48:42,624 - INFO - inserted succesfully to apartment table 
2025-09-27 12:48:42,626 - INFO - Saved apartment: <Apartment id=79697, price=26500000000, room=2, area=90, condition=نوساز, place=دولت (کلاهدو..., link=https://delta.ir/detail/79697>
2025-09-27 12:48:42,660 - INFO - inserted succesfully to apartment table 
2025-09-27 12:48:42,663 - INFO - Saved apartment: <Apartment id=79692, price=4500000000, room=1, area=49, condition=7, place=بهار, link=https://delta.ir/detail/79692>
2025-09-27 12:48:42,696 - INFO - inserted succesfully to apartment table 
2025-09-27 12:48:42,699 - INFO - Saved apartment: <Apartment id=79691, price=4800000000, room=2, area=95, condition=نوساز, place=هفده شهریور, link=https://delta.ir/detail/79691>
2025-09-27 12:48:42,731 - INFO - inserted succesfully to apartment table 
2025-09-27 12:48:42,734 - INFO - Saved apartment: <Apartment id=79686, price=5200000000, room=2, area=100, condition=بیش از ۲۰ سال ساخت, place=شهرری, link=https://delta.ir/detail/79686>
2025-09-27 12:48:42,777 - INFO - inserted succesfully to apartment table 
2025-09-27 12:48:42,783 - INFO - Saved apartment: <Apartment id=79679, price=19000000000, room=3, area=123, condition=14, place=پاسداران, link=https://delta.ir/detail/79679>
2025-09-27 12:48:42,857 - INFO - inserted succesfully to apartment table 
2025-09-27 12:48:42,862 - INFO - Saved apartment: <Apartment id=79677, price=17500000000, room=2, area=110, condition=20, place=قلهک, link=https://delta.ir/detail/79677>
2025-09-27 12:48:42,940 - INFO - inserted succesfully to apartment table 
2025-09-27 12:48:42,945 - INFO - Saved apartment: <Apartment id=79675, price=9000000000, room=2, area=65, condition=10, place=سید خندان, link=https://delta.ir/detail/79675>
2025-09-27 12:48:43,021 - INFO - inserted succesfully to apartment table 
2025-09-27 12:48:43,025 - INFO - Saved apartment: <Apartment id=79673, price=8000000000, room=2, area=75, condition=8, place=جنت آباد جنو..., link=https://delta.ir/detail/79673>
2025-09-27 12:48:43,099 - INFO - inserted succesfully to apartment table 
2025-09-27 12:48:43,104 - INFO - Saved apartment: <Apartment id=79665, price=16899999999, room=2, area=112, condition=19, place=اختیاریه, link=https://delta.ir/detail/79665>
2025-09-27 12:48:43,170 - INFO - inserted succesfully to apartment table 
2025-09-27 12:48:43,177 - INFO - Saved apartment: <Apartment id=79647, price=26300000000, room=2, area=118, condition=5, place=سعادت آباد, link=https://delta.ir/detail/79647>
2025-09-27 12:48:43,272 - INFO - inserted succesfully to apartment table 
2025-09-27 12:48:43,279 - INFO - Saved apartment: <Apartment id=79645, price=13400000000, room=2, area=99, condition=6, place=رودکی(سلسبیل..., link=https://delta.ir/detail/79645>
2025-09-27 12:48:43,353 - INFO - inserted succesfully to apartment table 
2025-09-27 12:48:43,355 - INFO - Saved apartment: <Apartment id=79636, price=20800000000, room=2, area=95, condition=1, place=دولت (کلاهدو..., link=https://delta.ir/detail/79636>
2025-09-27 12:48:43,395 - INFO - inserted succesfully to apartment table 
2025-09-27 12:48:43,398 - INFO - Saved apartment: <Apartment id=79634, price=8500000000, room=2, area=79, condition=1, place=جنت آباد مرک..., link=https://delta.ir/detail/79634>
2025-09-27 12:48:43,431 - INFO - inserted succesfully to apartment table 
2025-09-27 12:48:43,433 - INFO - Saved apartment: <Apartment id=79633, price=9500000000, room=1, area=50, condition=نوساز, place=میرداماد, link=https://delta.ir/detail/79633>
2025-09-27 12:48:43,464 - INFO - inserted succesfully to apartment table 
2025-09-27 12:48:43,466 - INFO - Saved apartment: <Apartment id=79631, price=2500000000, room=1, area=50, condition=14, place=قزوین, link=https://delta.ir/detail/79631>
2025-09-27 12:48:43,493 - INFO - inserted succesfully to apartment table 
2025-09-27 12:48:43,494 - INFO - Saved apartment: <Apartment id=79629, price=18000000000, room=1, area=84, condition=2, place=دولت (کلاهدو..., link=https://delta.ir/detail/79629>
2025-09-27 12:48:43,526 - INFO - inserted succesfully to apartment table 
2025-09-27 12:48:43,529 - INFO - Saved apartment: <Apartment id=79628, price=19800000000, room=3, area=135, condition=19, place=ظفر, link=https://delta.ir/detail/79628>
2025-09-27 12:48:43,563 - INFO - inserted succesfully to apartment table 
2025-09-27 12:48:43,567 - INFO - Saved apartment: <Apartment id=79627, price=59000000000, room=3, area=200, condition=نوساز, place=فرمانیه, link=https://delta.ir/detail/79627>
2025-09-27 12:48:43,648 - INFO - inserted succesfully to apartment table 
2025-09-27 12:48:43,653 - INFO - Saved apartment: <Apartment id=79626, price=7500000000, room=2, area=72, condition=18, place=پیچ شمیران, link=https://delta.ir/detail/79626>
2025-09-27 12:48:43,720 - INFO - inserted succesfully to apartment table 
2025-09-27 12:48:43,724 - INFO - Saved apartment: <Apartment id=79624, price=30000000000, room=2, area=120, condition=1, place=سعادت آباد, link=https://delta.ir/detail/79624>
2025-09-27 12:48:43,794 - INFO - inserted succesfully to apartment table 
2025-09-27 12:48:43,798 - INFO - Saved apartment: <Apartment id=79622, price=14600000000, room=2, area=75, condition=19, place=سعادت آباد, link=https://delta.ir/detail/79622>
2025-09-27 12:48:43,875 - INFO - inserted succesfully to apartment table 
2025-09-27 12:48:47,363 - INFO - Clicked 'More' button
2025-09-27 12:48:47,587 - INFO - Saved apartment: <Apartment id=79259, price=20500000000, room=2, area=120, condition=16, place=دولت (کلاهدو..., link=https://delta.ir/detail/79259>
2025-09-27 12:48:47,613 - INFO - inserted succesfully to apartment table 
2025-09-27 12:48:47,615 - INFO - Saved apartment: <Apartment id=79616, price=29000000000, room=2, area=115, condition=3, place=شهرک غرب, link=https://delta.ir/detail/79616>
2025-09-27 12:48:47,644 - INFO - inserted succesfully to apartment table 
2025-09-27 12:48:47,647 - INFO - Saved apartment: <Apartment id=79613, price=16000000000, room=2, area=85, condition=9, place=دولت (کلاهدو..., link=https://delta.ir/detail/79613>
2025-09-27 12:48:47,676 - INFO - inserted succesfully to apartment table 
2025-09-27 12:48:47,681 - INFO - Saved apartment: <Apartment id=79611, price=27000000000, room=3, area=130, condition=10, place=نیاوران, link=https://delta.ir/detail/79611>
2025-09-27 12:48:47,759 - INFO - inserted succesfully to apartment table 
2025-09-27 12:48:47,763 - INFO - Saved apartment: <Apartment id=75438, price=3500000000, room=2, area=80, condition=نوساز, place=کوهک, link=https://delta.ir/detail/75438>
2025-09-27 12:48:47,844 - INFO - inserted succesfully to apartment table 
2025-09-27 12:48:47,848 - INFO - Saved apartment: <Apartment id=77332, price=5600000000, room=2, area=80, condition=نوساز, place=تهرانسر, link=https://delta.ir/detail/77332>
2025-09-27 12:48:47,921 - INFO - inserted succesfully to apartment table 
2025-09-27 12:48:47,924 - INFO - Saved apartment: <Apartment id=79608, price=4500000000, room=1, area=53, condition=بیش از ۲۰ سال ساخت, place=فرجام, link=https://delta.ir/detail/79608>
2025-09-27 12:48:47,968 - INFO - inserted succesfully to apartment table 
2025-09-27 12:48:47,971 - INFO - Saved apartment: <Apartment id=79607, price=9500000000, room=1, area=50, condition=نوساز, place=میرداماد, link=https://delta.ir/detail/79607>
2025-09-27 12:48:48,021 - INFO - inserted succesfully to apartment table 
2025-09-27 12:48:48,024 - INFO - Saved apartment: <Apartment id=79606, price=34000000000, room=3, area=168, condition=8, place=کوی فراز, link=https://delta.ir/detail/79606>
2025-09-27 12:48:48,056 - INFO - inserted succesfully to apartment table 
2025-09-27 12:48:48,058 - INFO - Saved apartment: <Apartment id=79603, price=19700000000, room=2, area=100, condition=13, place=ملاصدرا, link=https://delta.ir/detail/79603>
2025-09-27 12:48:48,085 - INFO - inserted succesfully to apartment table 
2025-09-27 12:48:48,086 - INFO - Saved apartment: <Apartment id=79600, price=8600000000, room=2, area=88, condition=15, place=کوی بیمه, link=https://delta.ir/detail/79600>
2025-09-27 12:48:48,119 - INFO - inserted succesfully to apartment table 
2025-09-27 12:48:48,121 - INFO - Saved apartment: <Apartment id=79599, price=22900000000, room=3, area=140, condition=14, place=شیخ بهایی, link=https://delta.ir/detail/79599>
2025-09-27 12:48:48,155 - INFO - inserted succesfully to apartment table 
2025-09-27 12:48:48,157 - INFO - Saved apartment: <Apartment id=79597, price=8600000000, room=2, area=88, condition=15, place=شهران شمالی, link=https://delta.ir/detail/79597>
2025-09-27 12:48:48,187 - INFO - inserted succesfully to apartment table 
2025-09-27 12:48:48,189 - INFO - Saved apartment: <Apartment id=79593, price=16700000000, room=2, area=90, condition=17, place=قبا, link=https://delta.ir/detail/79593>
2025-09-27 12:48:48,217 - INFO - inserted succesfully to apartment table 
2025-09-27 12:48:48,219 - INFO - Saved apartment: <Apartment id=79588, price=10900000000, room=2, area=85, condition=9, place=نیروی دریایی, link=https://delta.ir/detail/79588>
2025-09-27 12:48:48,255 - INFO - inserted succesfully to apartment table 
2025-09-27 12:48:48,258 - INFO - Saved apartment: <Apartment id=79586, price=32000000000, room=3, area=145, condition=4, place=جردن, link=https://delta.ir/detail/79586>
2025-09-27 12:48:48,297 - INFO - inserted succesfully to apartment table 
2025-09-27 12:48:48,300 - INFO - Saved apartment: <Apartment id=79585, price=21500000000, room=3, area=122, condition=نوساز, place=جنت آباد جنو..., link=https://delta.ir/detail/79585>
2025-09-27 12:48:48,338 - INFO - inserted succesfully to apartment table 
2025-09-27 12:48:48,340 - INFO - Saved apartment: <Apartment id=79583, price=15000000000, room=2, area=85, condition=نوساز, place=جنت آباد جنو..., link=https://delta.ir/detail/79583>
2025-09-27 12:48:48,370 - INFO - inserted succesfully to apartment table 
2025-09-27 12:48:48,372 - INFO - Saved apartment: <Apartment id=79575, price=62100000000, room=4, area=270, condition=نوساز, place=جردن, link=https://delta.ir/detail/79575>
2025-09-27 12:48:48,399 - INFO - inserted succesfully to apartment table 
2025-09-27 12:48:48,401 - INFO - Saved apartment: <Apartment id=79568, price=79000000000, room=4, area=266, condition=نوساز, place=نیاوران, link=https://delta.ir/detail/79568>
2025-09-27 12:48:48,429 - INFO - inserted succesfully to apartment table 
2025-09-27 12:48:48,431 - INFO - Saved apartment: <Apartment id=79558, price=19300000000, room=3, area=140, condition=10, place=ظفر, link=https://delta.ir/detail/79558>
2025-09-27 12:48:48,459 - INFO - inserted succesfully to apartment table 
2025-09-27 12:48:48,462 - INFO - Saved apartment: <Apartment id=79547, price=35000000000, room=3, area=153, condition=19, place=زعفرانیه, link=https://delta.ir/detail/79547>
2025-09-27 12:48:48,490 - INFO - inserted succesfully to apartment table 
2025-09-27 12:48:48,492 - INFO - Saved apartment: <Apartment id=79546, price=6500000000, room=2, area=72, condition=3, place=پیروزی, link=https://delta.ir/detail/79546>
2025-09-27 12:48:48,521 - INFO - inserted succesfully to apartment table 
2025-09-27 12:48:48,523 - INFO - Saved apartment: <Apartment id=79545, price=22000000000, room=2, area=110, condition=19, place=قیطریه, link=https://delta.ir/detail/79545>
2025-09-27 12:48:48,557 - INFO - inserted succesfully to apartment table 
2025-09-27 12:48:48,559 - INFO - Saved apartment: <Apartment id=79544, price=3800000000, room=1, area=60, condition=4, place=خزانه, link=https://delta.ir/detail/79544>
2025-09-27 12:48:48,587 - INFO - inserted succesfully to apartment table 
2025-09-27 12:48:48,589 - INFO - Saved apartment: <Apartment id=79538, price=4200000000, room=1, area=67, condition=12, place=آبشار (منطقه..., link=https://delta.ir/detail/79538>
2025-09-27 12:48:48,621 - INFO - inserted succesfully to apartment table 
2025-09-27 12:48:48,623 - INFO - Saved apartment: <Apartment id=79535, price=55000000000, room=3, area=205, condition=3, place=نیاوران, link=https://delta.ir/detail/79535>
2025-09-27 12:48:48,653 - INFO - inserted succesfully to apartment table 
2025-09-27 12:48:48,656 - INFO - Saved apartment: <Apartment id=76632, price=35000000000, room=3, area=185, condition=7, place=سه راه منظری..., link=https://delta.ir/detail/76632>
2025-09-27 12:48:48,686 - INFO - inserted succesfully to apartment table 
2025-09-27 12:48:48,689 - INFO - Saved apartment: <Apartment id=76775, price=35500000000, room=3, area=165, condition=7, place=دروس, link=https://delta.ir/detail/76775>
2025-09-27 12:48:48,720 - INFO - inserted succesfully to apartment table 
2025-09-27 12:48:48,723 - INFO - Saved apartment: <Apartment id=77051, price=24000000000, room=2, area=125, condition=نوساز, place=سوهانک, link=https://delta.ir/detail/77051>
2025-09-27 12:48:48,750 - INFO - inserted succesfully to apartment table 
2025-09-27 12:49:36,169 - INFO - No more button found. End of listings.
2025-09-27 12:49:37,690 - INFO - Scraping finished. Total 0 apartments collected.
2025-09-27 12:49:53,090 - INFO - No more button found. End of listings.
2025-09-27 12:49:54,544 - INFO - Scraping finished. Total 0 apartments collected.
2025-09-27 12:50:05,611 - INFO - database apartment created succesfully
2025-09-27 12:50:05,666 - INFO - created the TABLE seccefully
2025-09-27 12:50:19,356 - INFO - Saved apartment: <Apartment id=77679, price=20800000000, room=3, area=142, condition=بیش از ۲۰ سال ساخت, place=سعادت آباد, link=https://delta.ir/detail/77679>
2025-09-27 12:50:19,414 - INFO - inserted succesfully to apartment table 
2025-09-27 12:50:19,416 - INFO - Saved apartment: <Apartment id=77680, price=20200000000, room=3, area=130, condition=بیش از ۲۰ سال ساخت, place=سعادت آباد, link=https://delta.ir/detail/77680>
2025-09-27 12:50:19,458 - INFO - inserted succesfully to apartment table 
2025-09-27 12:50:19,461 - INFO - Saved apartment: <Apartment id=79076, price=19500000000, room=3, area=131, condition=14, place=سعادت آباد, link=https://delta.ir/detail/79076>
2025-09-27 12:50:19,506 - INFO - inserted succesfully to apartment table 
2025-09-27 12:50:19,508 - INFO - Saved apartment: <Apartment id=79081, price=20800000000, room=3, area=141, condition=3, place=سعادت آباد, link=https://delta.ir/detail/79081>
2025-09-27 12:50:19,542 - INFO - inserted succesfully to apartment table 
2025-09-27 12:50:19,544 - INFO - Saved apartment: <Apartment id=79852, price=37200000000, room=3, area=155, condition=10, place=سعادت آباد, link=https://delta.ir/detail/79852>
2025-09-27 12:50:19,606 - INFO - inserted succesfully to apartment table 
2025-09-27 12:50:19,611 - INFO - Saved apartment: <Apartment id=79848, price=70000000000, room=3, area=235, condition=نوساز, place=زعفرانیه, link=https://delta.ir/detail/79848>
2025-09-27 12:50:19,687 - INFO - inserted succesfully to apartment table 
2025-09-27 12:50:19,690 - INFO - Saved apartment: <Apartment id=79100, price=32000000000, room=3, area=160, condition=12, place=سعادت آباد, link=https://delta.ir/detail/79100>
2025-09-27 12:50:19,755 - INFO - inserted succesfully to apartment table 
2025-09-27 12:50:19,759 - INFO - Saved apartment: <Apartment id=79847, price=20500000000, room=2, area=102, condition=3, place=پاسداران, link=https://delta.ir/detail/79847>
2025-09-27 12:50:19,823 - INFO - inserted succesfully to apartment table 
2025-09-27 12:50:19,828 - INFO - Saved apartment: <Apartment id=78100, price=32500000000, room=2, area=95, condition=6, place=شهرک غرب, link=https://delta.ir/detail/78100>
2025-09-27 12:50:19,892 - INFO - inserted succesfully to apartment table 
2025-09-27 12:50:19,897 - INFO - Saved apartment: <Apartment id=78307, price=29900000000, room=2, area=107, condition=1, place=شهرک غرب, link=https://delta.ir/detail/78307>
2025-09-27 12:50:19,963 - INFO - inserted succesfully to apartment table 
2025-09-27 12:50:23,208 - INFO - Clicked 'More' button
2025-09-27 12:50:23,421 - INFO - Saved apartment: <Apartment id=79794, price=2600000000, room=1, area=48, condition=5, place=خاوران, link=https://delta.ir/detail/79794>
2025-09-27 12:50:23,452 - INFO - inserted succesfully to apartment table 
2025-09-27 12:50:23,454 - INFO - Saved apartment: <Apartment id=78874, price=19500000000, room=3, area=132, condition=13, place=سعادت آباد, link=https://delta.ir/detail/78874>
2025-09-27 12:50:23,487 - INFO - inserted succesfully to apartment table 
2025-09-27 12:50:23,489 - INFO - Saved apartment: <Apartment id=79083, price=150000000000, room=4, area=280, condition=نوساز, place=سعادت آباد, link=https://delta.ir/detail/79083>
2025-09-27 12:50:23,521 - INFO - inserted succesfully to apartment table 
2025-09-27 12:50:23,523 - INFO - Saved apartment: <Apartment id=79793, price=33799999999, room=3, area=150, condition=نوساز, place=الهیه, link=https://delta.ir/detail/79793>
2025-09-27 12:50:23,557 - INFO - inserted succesfully to apartment table 
2025-09-27 12:50:23,559 - INFO - Saved apartment: <Apartment id=71908, price=41500000000, room=3, area=150, condition=نوساز, place=شهرک غرب, link=https://delta.ir/detail/71908>
2025-09-27 12:50:23,591 - INFO - inserted succesfully to apartment table 
2025-09-27 12:50:23,593 - INFO - Saved apartment: <Apartment id=74129, price=52000000000, room=3, area=174, condition=نوساز, place=شهرک غرب, link=https://delta.ir/detail/74129>
2025-09-27 12:50:23,626 - INFO - inserted succesfully to apartment table 
2025-09-27 12:50:23,630 - INFO - Saved apartment: <Apartment id=79791, price=25600000000, room=2, area=114, condition=نوساز, place=الهیه, link=https://delta.ir/detail/79791>
2025-09-27 12:50:23,703 - INFO - inserted succesfully to apartment table 
2025-09-27 12:50:23,707 - INFO - Saved apartment: <Apartment id=79790, price=25000000000, room=2, area=125, condition=نوساز, place=میرداماد, link=https://delta.ir/detail/79790>
2025-09-27 12:50:23,790 - INFO - inserted succesfully to apartment table 
2025-09-27 12:50:23,795 - INFO - Saved apartment: <Apartment id=79138, price=13500000000, room=2, area=95, condition=20, place=میرداماد, link=https://delta.ir/detail/79138>
2025-09-27 12:50:23,861 - INFO - inserted succesfully to apartment table 
2025-09-27 12:50:23,867 - INFO - Saved apartment: <Apartment id=79143, price=32799999999, room=3, area=193, condition=1, place=ظفر, link=https://delta.ir/detail/79143>
2025-09-27 12:50:23,939 - INFO - inserted succesfully to apartment table 
2025-09-27 12:50:23,944 - INFO - Saved apartment: <Apartment id=79781, price=6700000000, room=1, area=69, condition=بیش از ۲۰ سال ساخت, place=توحید, link=https://delta.ir/detail/79781>
2025-09-27 12:50:24,020 - INFO - inserted succesfully to apartment table 
2025-09-27 12:50:24,024 - INFO - Saved apartment: <Apartment id=79776, price=18700000000, room=2, area=97, condition=15, place=قیطریه, link=https://delta.ir/detail/79776>
2025-09-27 12:50:24,100 - INFO - inserted succesfully to apartment table 
2025-09-27 12:50:24,104 - INFO - Saved apartment: <Apartment id=79775, price=21500000000, room=2, area=95, condition=2, place=فرمانیه, link=https://delta.ir/detail/79775>
2025-09-27 12:50:24,179 - INFO - inserted succesfully to apartment table 
2025-09-27 12:50:24,184 - INFO - Saved apartment: <Apartment id=79769, price=6300000000, room=2, area=63.5, condition=بیش از ۲۰ سال ساخت, place=پونک, link=https://delta.ir/detail/79769>
2025-09-27 12:50:24,293 - INFO - inserted succesfully to apartment table 
2025-09-27 12:50:24,307 - INFO - Saved apartment: <Apartment id=79768, price=8000000000, room=2, area=80, condition=14, place=بلوار فردوس, link=https://delta.ir/detail/79768>
2025-09-27 12:50:24,428 - INFO - inserted succesfully to apartment table 
2025-09-27 12:50:24,430 - INFO - Saved apartment: <Apartment id=79757, price=18800000000, room=2, area=97, condition=17, place=قیطریه, link=https://delta.ir/detail/79757>
2025-09-27 12:50:24,467 - INFO - inserted succesfully to apartment table 
2025-09-27 12:50:27,688 - INFO - Clicked 'More' button
2025-09-27 12:50:27,857 - INFO - Saved apartment: <Apartment id=79711, price=19000000000, room=3, area=140, condition=17, place=ظفر, link=https://delta.ir/detail/79711>
2025-09-27 12:50:27,895 - INFO - inserted succesfully to apartment table 
2025-09-27 12:50:27,898 - INFO - Saved apartment: <Apartment id=79082, price=15700000000, room=2, area=90, condition=16, place=سعادت آباد, link=https://delta.ir/detail/79082>
2025-09-27 12:50:27,928 - INFO - inserted succesfully to apartment table 
2025-09-27 12:50:27,931 - INFO - Saved apartment: <Apartment id=79702, price=10000000000, room=1, area=90, condition=14, place=اختیاریه, link=https://delta.ir/detail/79702>
2025-09-27 12:50:27,963 - INFO - inserted succesfully to apartment table 
2025-09-27 12:50:27,966 - INFO - Saved apartment: <Apartment id=79697, price=26500000000, room=2, area=90, condition=نوساز, place=['دولت', '(کلاهدو...'], link=https://delta.ir/detail/79697>
2025-09-27 12:50:27,993 - ERROR - couldnt insert due to Python type list cannot be converted
2025-09-27 12:50:27,994 - INFO - Saved apartment: <Apartment id=79692, price=4500000000, room=1, area=49, condition=7, place=بهار, link=https://delta.ir/detail/79692>
2025-09-27 12:50:28,026 - INFO - inserted succesfully to apartment table 
2025-09-27 12:50:28,028 - INFO - Saved apartment: <Apartment id=79691, price=4800000000, room=2, area=95, condition=نوساز, place=هفده شهریور, link=https://delta.ir/detail/79691>
2025-09-27 12:50:28,060 - INFO - inserted succesfully to apartment table 
2025-09-27 12:50:28,062 - INFO - Saved apartment: <Apartment id=79686, price=5200000000, room=2, area=100, condition=بیش از ۲۰ سال ساخت, place=شهرری, link=https://delta.ir/detail/79686>
2025-09-27 12:50:28,093 - INFO - inserted succesfully to apartment table 
2025-09-27 12:50:28,095 - INFO - Saved apartment: <Apartment id=79679, price=19000000000, room=3, area=123, condition=14, place=پاسداران, link=https://delta.ir/detail/79679>
2025-09-27 12:50:28,129 - INFO - inserted succesfully to apartment table 
2025-09-27 12:50:28,131 - INFO - Saved apartment: <Apartment id=79677, price=17500000000, room=2, area=110, condition=20, place=قلهک, link=https://delta.ir/detail/79677>
2025-09-27 12:50:28,163 - INFO - inserted succesfully to apartment table 
2025-09-27 12:50:28,165 - INFO - Saved apartment: <Apartment id=79675, price=9000000000, room=2, area=65, condition=10, place=سید خندان, link=https://delta.ir/detail/79675>
2025-09-27 12:50:28,196 - INFO - inserted succesfully to apartment table 
2025-09-27 12:50:28,199 - INFO - Saved apartment: <Apartment id=79673, price=8000000000, room=2, area=75, condition=8, place=['جنت', 'آباد', 'جنو...'], link=https://delta.ir/detail/79673>
2025-09-27 12:50:28,230 - ERROR - couldnt insert due to Python type list cannot be converted
2025-09-27 12:50:28,232 - INFO - Saved apartment: <Apartment id=79665, price=16899999999, room=2, area=112, condition=19, place=اختیاریه, link=https://delta.ir/detail/79665>
2025-09-27 12:50:28,269 - INFO - inserted succesfully to apartment table 
2025-09-27 12:50:28,271 - INFO - Saved apartment: <Apartment id=79647, price=26300000000, room=2, area=118, condition=5, place=سعادت آباد, link=https://delta.ir/detail/79647>
2025-09-27 12:50:28,310 - INFO - inserted succesfully to apartment table 
2025-09-27 12:50:28,312 - INFO - Saved apartment: <Apartment id=79645, price=13400000000, room=2, area=99, condition=6, place=['رودکی(سلسبیل...'], link=https://delta.ir/detail/79645>
2025-09-27 12:50:28,342 - ERROR - couldnt insert due to Python type list cannot be converted
2025-09-27 12:50:28,344 - INFO - Saved apartment: <Apartment id=79636, price=20800000000, room=2, area=95, condition=1, place=['دولت', '(کلاهدو...'], link=https://delta.ir/detail/79636>
2025-09-27 12:50:28,371 - ERROR - couldnt insert due to Python type list cannot be converted
2025-09-27 12:50:28,373 - INFO - Saved apartment: <Apartment id=79634, price=8500000000, room=2, area=79, condition=1, place=['جنت', 'آباد', 'مرک...'], link=https://delta.ir/detail/79634>
2025-09-27 12:50:28,400 - ERROR - couldnt insert due to Python type list cannot be converted
2025-09-27 12:50:31,771 - INFO - Clicked 'More' button
2025-09-27 12:50:31,969 - INFO - Saved apartment: <Apartment id=79608, price=4500000000, room=1, area=53, condition=بیش از ۲۰ سال ساخت, place=فرجام, link=https://delta.ir/detail/79608>
2025-09-27 12:50:31,999 - INFO - inserted succesfully to apartment table 
2025-09-27 12:50:32,001 - INFO - Saved apartment: <Apartment id=79607, price=9500000000, room=1, area=50, condition=نوساز, place=میرداماد, link=https://delta.ir/detail/79607>
2025-09-27 12:50:32,035 - INFO - inserted succesfully to apartment table 
2025-09-27 12:50:32,037 - INFO - Saved apartment: <Apartment id=79606, price=34000000000, room=3, area=168, condition=8, place=کوی فراز, link=https://delta.ir/detail/79606>
2025-09-27 12:50:32,068 - INFO - inserted succesfully to apartment table 
2025-09-27 12:50:32,072 - INFO - Saved apartment: <Apartment id=79603, price=19700000000, room=2, area=100, condition=13, place=ملاصدرا, link=https://delta.ir/detail/79603>
2025-09-27 12:50:32,144 - INFO - inserted succesfully to apartment table 
2025-09-27 12:50:32,148 - INFO - Saved apartment: <Apartment id=79600, price=8600000000, room=2, area=88, condition=15, place=کوی بیمه, link=https://delta.ir/detail/79600>
2025-09-27 12:50:32,218 - INFO - inserted succesfully to apartment table 
2025-09-27 12:50:32,222 - INFO - Saved apartment: <Apartment id=79599, price=22900000000, room=3, area=140, condition=14, place=شیخ بهایی, link=https://delta.ir/detail/79599>
2025-09-27 12:50:32,294 - INFO - inserted succesfully to apartment table 
2025-09-27 12:50:32,298 - INFO - Saved apartment: <Apartment id=79597, price=8600000000, room=2, area=88, condition=15, place=شهران شمالی, link=https://delta.ir/detail/79597>
2025-09-27 12:50:32,371 - INFO - inserted succesfully to apartment table 
2025-09-27 12:50:32,375 - INFO - Saved apartment: <Apartment id=79593, price=16700000000, room=2, area=90, condition=17, place=قبا, link=https://delta.ir/detail/79593>
2025-09-27 12:50:32,442 - INFO - inserted succesfully to apartment table 
2025-09-27 12:50:32,447 - INFO - Saved apartment: <Apartment id=79588, price=10900000000, room=2, area=85, condition=9, place=نیروی دریایی, link=https://delta.ir/detail/79588>
2025-09-27 12:50:32,519 - INFO - inserted succesfully to apartment table 
2025-09-27 12:50:32,523 - INFO - Saved apartment: <Apartment id=79586, price=32000000000, room=3, area=145, condition=4, place=جردن, link=https://delta.ir/detail/79586>
2025-09-27 12:50:32,591 - INFO - inserted succesfully to apartment table 
2025-09-27 12:50:32,596 - INFO - Saved apartment: <Apartment id=79585, price=21500000000, room=3, area=122, condition=نوساز, place=['جنت', 'آباد', 'جنو...'], link=https://delta.ir/detail/79585>
2025-09-27 12:50:32,666 - ERROR - couldnt insert due to Python type list cannot be converted
2025-09-27 12:50:32,671 - INFO - Saved apartment: <Apartment id=79583, price=15000000000, room=2, area=85, condition=نوساز, place=['جنت', 'آباد', 'جنو...'], link=https://delta.ir/detail/79583>
2025-09-27 12:50:32,749 - ERROR - couldnt insert due to Python type list cannot be converted
2025-09-27 12:50:32,753 - INFO - Saved apartment: <Apartment id=79575, price=62100000000, room=4, area=270, condition=نوساز, place=جردن, link=https://delta.ir/detail/79575>
2025-09-27 12:50:32,821 - INFO - inserted succesfully to apartment table 
2025-09-27 12:50:32,825 - INFO - Saved apartment: <Apartment id=79568, price=79000000000, room=4, area=266, condition=نوساز, place=نیاوران, link=https://delta.ir/detail/79568>
2025-09-27 12:50:32,892 - INFO - inserted succesfully to apartment table 
2025-09-27 12:50:32,899 - INFO - Saved apartment: <Apartment id=79558, price=19300000000, room=3, area=140, condition=10, place=ظفر, link=https://delta.ir/detail/79558>
2025-09-27 12:50:32,974 - INFO - inserted succesfully to apartment table 
2025-09-27 12:50:32,979 - INFO - Saved apartment: <Apartment id=79547, price=35000000000, room=3, area=153, condition=19, place=زعفرانیه, link=https://delta.ir/detail/79547>
2025-09-27 12:50:33,057 - INFO - inserted succesfully to apartment table 
2025-09-27 13:18:03,308 - INFO - No more button found. End of listings.
2025-09-27 13:18:04,543 - INFO - Scraping finished. Total 0 apartments collected.
2025-09-27 13:18:16,729 - INFO - database apartment created succesfully
2025-09-27 13:18:16,845 - INFO - created the TABLE seccefully
2025-09-27 13:18:32,130 - INFO - Saved apartment: <Apartment id=79857, price=7700000000, room=2, area=75, condition=19, place=['سازمان', 'برنام...'], link=https://delta.ir/detail/79857>
2025-09-27 13:18:32,189 - ERROR - couldnt insert due to Python type list cannot be converted
2025-09-27 13:18:32,192 - INFO - Saved apartment: <Apartment id=77679, price=20800000000, room=3, area=142, condition=بیش از ۲۰ سال ساخت, place=سعادت آباد, link=https://delta.ir/detail/77679>
2025-09-27 13:18:32,236 - INFO - inserted succesfully to apartment table 
2025-09-27 13:18:32,238 - INFO - Saved apartment: <Apartment id=77680, price=20200000000, room=3, area=130, condition=بیش از ۲۰ سال ساخت, place=سعادت آباد, link=https://delta.ir/detail/77680>
2025-09-27 13:18:32,276 - INFO - inserted succesfully to apartment table 
2025-09-27 13:18:32,279 - INFO - Saved apartment: <Apartment id=79076, price=19500000000, room=3, area=131, condition=14, place=سعادت آباد, link=https://delta.ir/detail/79076>
2025-09-27 13:18:32,315 - INFO - inserted succesfully to apartment table 
2025-09-27 13:18:32,317 - INFO - Saved apartment: <Apartment id=79081, price=20800000000, room=3, area=141, condition=3, place=سعادت آباد, link=https://delta.ir/detail/79081>
2025-09-27 13:18:32,363 - INFO - inserted succesfully to apartment table 
2025-09-27 13:18:32,365 - INFO - Saved apartment: <Apartment id=79852, price=37200000000, room=3, area=155, condition=10, place=سعادت آباد, link=https://delta.ir/detail/79852>
2025-09-27 13:18:32,398 - INFO - inserted succesfully to apartment table 
2025-09-27 13:18:32,401 - INFO - Saved apartment: <Apartment id=79848, price=70000000000, room=3, area=235, condition=نوساز, place=زعفرانیه, link=https://delta.ir/detail/79848>
2025-09-27 13:18:32,458 - INFO - inserted succesfully to apartment table 
2025-09-27 13:18:32,461 - INFO - Saved apartment: <Apartment id=79100, price=32000000000, room=3, area=160, condition=12, place=سعادت آباد, link=https://delta.ir/detail/79100>
2025-09-27 13:18:32,508 - INFO - inserted succesfully to apartment table 
2025-09-27 13:18:32,512 - INFO - Saved apartment: <Apartment id=79847, price=20500000000, room=2, area=102, condition=3, place=پاسداران, link=https://delta.ir/detail/79847>
2025-09-27 13:18:32,575 - INFO - inserted succesfully to apartment table 
2025-09-27 13:18:32,579 - INFO - Saved apartment: <Apartment id=78100, price=32500000000, room=2, area=95, condition=6, place=شهرک غرب, link=https://delta.ir/detail/78100>
2025-09-27 13:18:32,634 - INFO - inserted succesfully to apartment table 
2025-09-27 13:18:35,953 - INFO - Clicked 'More' button
2025-09-27 13:18:36,131 - INFO - Saved apartment: <Apartment id=79797, price=36900000000, room=3, area=210, condition=19, place=سعادت آباد, link=https://delta.ir/detail/79797>
2025-09-27 13:18:36,165 - INFO - inserted succesfully to apartment table 
2025-09-27 13:18:36,169 - INFO - Saved apartment: <Apartment id=79794, price=2600000000, room=1, area=48, condition=5, place=خاوران, link=https://delta.ir/detail/79794>
2025-09-27 13:18:36,202 - INFO - inserted succesfully to apartment table 
2025-09-27 13:18:36,204 - INFO - Saved apartment: <Apartment id=78874, price=19500000000, room=3, area=132, condition=13, place=سعادت آباد, link=https://delta.ir/detail/78874>
2025-09-27 13:18:36,234 - INFO - inserted succesfully to apartment table 
2025-09-27 13:18:36,236 - INFO - Saved apartment: <Apartment id=79083, price=150000000000, room=4, area=280, condition=نوساز, place=سعادت آباد, link=https://delta.ir/detail/79083>
2025-09-27 13:18:36,268 - INFO - inserted succesfully to apartment table 
2025-09-27 13:18:36,270 - INFO - Saved apartment: <Apartment id=79793, price=33799999999, room=3, area=150, condition=نوساز, place=الهیه, link=https://delta.ir/detail/79793>
2025-09-27 13:18:36,301 - INFO - inserted succesfully to apartment table 
2025-09-27 13:18:36,304 - INFO - Saved apartment: <Apartment id=71908, price=41500000000, room=3, area=150, condition=نوساز, place=شهرک غرب, link=https://delta.ir/detail/71908>
2025-09-27 13:18:36,338 - INFO - inserted succesfully to apartment table 
2025-09-27 13:18:36,340 - INFO - Saved apartment: <Apartment id=74129, price=52000000000, room=3, area=174, condition=نوساز, place=شهرک غرب, link=https://delta.ir/detail/74129>
2025-09-27 13:18:36,376 - INFO - inserted succesfully to apartment table 
2025-09-27 13:18:36,378 - INFO - Saved apartment: <Apartment id=79791, price=25600000000, room=2, area=114, condition=نوساز, place=الهیه, link=https://delta.ir/detail/79791>
2025-09-27 13:18:36,418 - INFO - inserted succesfully to apartment table 
2025-09-27 13:18:36,421 - INFO - Saved apartment: <Apartment id=79790, price=25000000000, room=2, area=125, condition=نوساز, place=میرداماد, link=https://delta.ir/detail/79790>
2025-09-27 13:18:36,462 - INFO - inserted succesfully to apartment table 
2025-09-27 13:18:36,465 - INFO - Saved apartment: <Apartment id=79138, price=13500000000, room=2, area=95, condition=20, place=میرداماد, link=https://delta.ir/detail/79138>
2025-09-27 13:18:36,504 - INFO - inserted succesfully to apartment table 
2025-09-27 13:18:36,508 - INFO - Saved apartment: <Apartment id=79143, price=32799999999, room=3, area=193, condition=1, place=ظفر, link=https://delta.ir/detail/79143>
2025-09-27 13:18:36,602 - INFO - inserted succesfully to apartment table 
2025-09-27 13:18:36,608 - INFO - Saved apartment: <Apartment id=79781, price=6700000000, room=1, area=69, condition=بیش از ۲۰ سال ساخت, place=توحید, link=https://delta.ir/detail/79781>
2025-09-27 13:18:36,691 - INFO - inserted succesfully to apartment table 
2025-09-27 13:18:36,695 - INFO - Saved apartment: <Apartment id=79776, price=18700000000, room=2, area=97, condition=15, place=قیطریه, link=https://delta.ir/detail/79776>
2025-09-27 13:18:36,770 - INFO - inserted succesfully to apartment table 
2025-09-27 13:18:36,775 - INFO - Saved apartment: <Apartment id=79775, price=21500000000, room=2, area=95, condition=2, place=فرمانیه, link=https://delta.ir/detail/79775>
2025-09-27 13:18:36,861 - INFO - inserted succesfully to apartment table 
2025-09-27 13:18:36,868 - INFO - Saved apartment: <Apartment id=79769, price=6300000000, room=2, area=63.5, condition=بیش از ۲۰ سال ساخت, place=پونک, link=https://delta.ir/detail/79769>
2025-09-27 13:18:36,978 - INFO - inserted succesfully to apartment table 
2025-09-27 13:18:36,991 - INFO - Saved apartment: <Apartment id=79768, price=8000000000, room=2, area=80, condition=14, place=بلوار فردوس, link=https://delta.ir/detail/79768>
2025-09-27 13:18:37,070 - INFO - inserted succesfully to apartment table 
2025-09-27 13:18:40,362 - INFO - Clicked 'More' button
2025-09-27 13:18:40,555 - INFO - Saved apartment: <Apartment id=79712, price=20500000000, room=2, area=99, condition=نوساز, place=قیطریه, link=https://delta.ir/detail/79712>
2025-09-27 13:18:40,582 - INFO - inserted succesfully to apartment table 
2025-09-27 13:18:40,585 - INFO - Saved apartment: <Apartment id=79711, price=19000000000, room=3, area=140, condition=17, place=ظفر, link=https://delta.ir/detail/79711>
2025-09-27 13:18:40,626 - INFO - inserted succesfully to apartment table 
2025-09-27 13:18:40,628 - INFO - Saved apartment: <Apartment id=79082, price=15700000000, room=2, area=90, condition=16, place=سعادت آباد, link=https://delta.ir/detail/79082>
2025-09-27 13:18:40,667 - INFO - inserted succesfully to apartment table 
2025-09-27 13:18:40,669 - INFO - Saved apartment: <Apartment id=79702, price=10000000000, room=1, area=90, condition=14, place=اختیاریه, link=https://delta.ir/detail/79702>
2025-09-27 13:18:40,705 - INFO - inserted succesfully to apartment table 
2025-09-27 13:18:40,708 - INFO - Saved apartment: <Apartment id=79697, price=26500000000, room=2, area=90, condition=نوساز, place=['دولت', '(کلاهدو...'], link=https://delta.ir/detail/79697>
2025-09-27 13:18:40,742 - ERROR - couldnt insert due to Python type list cannot be converted
2025-09-27 13:18:40,744 - INFO - Saved apartment: <Apartment id=79692, price=4500000000, room=1, area=49, condition=7, place=بهار, link=https://delta.ir/detail/79692>
2025-09-27 13:18:40,782 - INFO - inserted succesfully to apartment table 
2025-09-27 13:18:40,785 - INFO - Saved apartment: <Apartment id=79691, price=4800000000, room=2, area=95, condition=نوساز, place=هفده شهریور, link=https://delta.ir/detail/79691>
2025-09-27 13:18:40,821 - INFO - inserted succesfully to apartment table 
2025-09-27 13:18:40,824 - INFO - Saved apartment: <Apartment id=79686, price=5200000000, room=2, area=100, condition=بیش از ۲۰ سال ساخت, place=شهرری, link=https://delta.ir/detail/79686>
2025-09-27 13:18:40,860 - INFO - inserted succesfully to apartment table 
2025-09-27 13:18:40,862 - INFO - Saved apartment: <Apartment id=79679, price=19000000000, room=3, area=123, condition=14, place=پاسداران, link=https://delta.ir/detail/79679>
2025-09-27 13:18:40,902 - INFO - inserted succesfully to apartment table 
2025-09-27 13:18:40,904 - INFO - Saved apartment: <Apartment id=79677, price=17500000000, room=2, area=110, condition=20, place=قلهک, link=https://delta.ir/detail/79677>
2025-09-27 13:18:40,944 - INFO - inserted succesfully to apartment table 
2025-09-27 13:18:40,947 - INFO - Saved apartment: <Apartment id=79675, price=9000000000, room=2, area=65, condition=10, place=سید خندان, link=https://delta.ir/detail/79675>
2025-09-27 13:18:40,990 - INFO - inserted succesfully to apartment table 
2025-09-27 13:18:40,993 - INFO - Saved apartment: <Apartment id=79673, price=8000000000, room=2, area=75, condition=8, place=['جنت', 'آباد', 'جنو...'], link=https://delta.ir/detail/79673>
2025-09-27 13:18:41,026 - ERROR - couldnt insert due to Python type list cannot be converted
2025-09-27 13:18:41,028 - INFO - Saved apartment: <Apartment id=79665, price=16899999999, room=2, area=112, condition=19, place=اختیاریه, link=https://delta.ir/detail/79665>
2025-09-27 13:18:41,066 - INFO - inserted succesfully to apartment table 
2025-09-27 13:18:41,070 - INFO - Saved apartment: <Apartment id=79647, price=26300000000, room=2, area=118, condition=5, place=سعادت آباد, link=https://delta.ir/detail/79647>
2025-09-27 13:18:41,103 - INFO - inserted succesfully to apartment table 
2025-09-27 13:18:41,105 - INFO - Saved apartment: <Apartment id=79645, price=13400000000, room=2, area=99, condition=6, place=['رودکی(سلسبیل...'], link=https://delta.ir/detail/79645>
2025-09-27 13:18:41,131 - ERROR - couldnt insert due to Python type list cannot be converted
2025-09-27 13:18:41,135 - INFO - Saved apartment: <Apartment id=79636, price=20800000000, room=2, area=95, condition=1, place=['دولت', '(کلاهدو...'], link=https://delta.ir/detail/79636>
2025-09-27 13:18:41,161 - ERROR - couldnt insert due to Python type list cannot be converted
2025-09-27 13:18:44,491 - INFO - Clicked 'More' button
2025-09-27 13:18:45,007 - INFO - Saved apartment: <Apartment id=77332, price=5600000000, room=2, area=80, condition=نوساز, place=تهرانسر, link=https://delta.ir/detail/77332>
2025-09-27 13:18:45,095 - INFO - inserted succesfully to apartment table 
2025-09-27 13:18:45,103 - INFO - Saved apartment: <Apartment id=79608, price=4500000000, room=1, area=53, condition=بیش از ۲۰ سال ساخت, place=فرجام, link=https://delta.ir/detail/79608>
2025-09-27 13:18:45,181 - INFO - inserted succesfully to apartment table 
2025-09-27 13:18:45,185 - INFO - Saved apartment: <Apartment id=79607, price=9500000000, room=1, area=50, condition=نوساز, place=میرداماد, link=https://delta.ir/detail/79607>
2025-09-27 13:18:45,260 - INFO - inserted succesfully to apartment table 
2025-09-27 13:18:45,264 - INFO - Saved apartment: <Apartment id=79606, price=34000000000, room=3, area=168, condition=8, place=کوی فراز, link=https://delta.ir/detail/79606>
2025-09-27 13:18:45,339 - INFO - inserted succesfully to apartment table 
2025-09-27 13:18:45,343 - INFO - Saved apartment: <Apartment id=79603, price=19700000000, room=2, area=100, condition=13, place=ملاصدرا, link=https://delta.ir/detail/79603>
2025-09-27 13:18:45,419 - INFO - inserted succesfully to apartment table 
2025-09-27 13:18:45,424 - INFO - Saved apartment: <Apartment id=79600, price=8600000000, room=2, area=88, condition=15, place=کوی بیمه, link=https://delta.ir/detail/79600>
2025-09-27 13:18:45,513 - INFO - inserted succesfully to apartment table 
2025-09-27 13:18:45,518 - INFO - Saved apartment: <Apartment id=79599, price=22900000000, room=3, area=140, condition=14, place=شیخ بهایی, link=https://delta.ir/detail/79599>
2025-09-27 13:18:45,611 - INFO - inserted succesfully to apartment table 
2025-09-27 13:18:45,618 - INFO - Saved apartment: <Apartment id=79597, price=8600000000, room=2, area=88, condition=15, place=شهران شمالی, link=https://delta.ir/detail/79597>
2025-09-27 13:18:45,718 - INFO - inserted succesfully to apartment table 
2025-09-27 13:18:45,727 - INFO - Saved apartment: <Apartment id=79593, price=16700000000, room=2, area=90, condition=17, place=قبا, link=https://delta.ir/detail/79593>
2025-09-27 13:18:45,793 - INFO - inserted succesfully to apartment table 
2025-09-27 13:18:45,795 - INFO - Saved apartment: <Apartment id=79588, price=10900000000, room=2, area=85, condition=9, place=نیروی دریایی, link=https://delta.ir/detail/79588>
2025-09-27 13:18:45,841 - INFO - inserted succesfully to apartment table 
2025-09-27 13:18:45,843 - INFO - Saved apartment: <Apartment id=79586, price=32000000000, room=3, area=145, condition=4, place=جردن, link=https://delta.ir/detail/79586>
2025-09-27 13:18:45,881 - INFO - inserted succesfully to apartment table 
2025-09-27 13:18:45,884 - INFO - Saved apartment: <Apartment id=79585, price=21500000000, room=3, area=122, condition=نوساز, place=['جنت', 'آباد', 'جنو...'], link=https://delta.ir/detail/79585>
2025-09-27 13:18:45,919 - ERROR - couldnt insert due to Python type list cannot be converted
2025-09-27 13:18:45,921 - INFO - Saved apartment: <Apartment id=79583, price=15000000000, room=2, area=85, condition=نوساز, place=['جنت', 'آباد', 'جنو...'], link=https://delta.ir/detail/79583>
2025-09-27 13:18:45,957 - ERROR - couldnt insert due to Python type list cannot be converted
2025-09-27 13:18:45,960 - INFO - Saved apartment: <Apartment id=79575, price=62100000000, room=4, area=270, condition=نوساز, place=جردن, link=https://delta.ir/detail/79575>
2025-09-27 13:18:46,041 - INFO - inserted succesfully to apartment table 
2025-09-27 13:18:46,047 - INFO - Saved apartment: <Apartment id=79568, price=79000000000, room=4, area=266, condition=نوساز, place=نیاوران, link=https://delta.ir/detail/79568>
2025-09-27 13:18:46,143 - INFO - inserted succesfully to apartment table 
2025-09-27 13:18:46,148 - INFO - Saved apartment: <Apartment id=79558, price=19300000000, room=3, area=140, condition=10, place=ظفر, link=https://delta.ir/detail/79558>
2025-09-27 13:18:46,263 - INFO - inserted succesfully to apartment table 
2025-09-27 13:18:49,675 - INFO - Clicked 'More' button
2025-09-27 13:18:49,791 - INFO - Saved apartment: <Apartment id=78461, price=39500000000, room=4, area=215, condition=20, place=دروس, link=https://delta.ir/detail/78461>
2025-09-27 13:18:49,822 - INFO - inserted succesfully to apartment table 
2025-09-27 13:18:49,824 - INFO - Saved apartment: <Apartment id=79530, price=16300000000, room=2, area=110, condition=17, place=جردن, link=https://delta.ir/detail/79530>
2025-09-27 13:18:49,861 - INFO - inserted succesfully to apartment table 
2025-09-27 13:18:49,865 - INFO - Saved apartment: <Apartment id=79529, price=18800000000, room=2, area=110, condition=18, place=جردن, link=https://delta.ir/detail/79529>
2025-09-27 13:18:49,937 - INFO - inserted succesfully to apartment table 
2025-09-27 13:18:49,941 - INFO - Saved apartment: <Apartment id=79527, price=28000000000, room=3, area=220, condition=18, place=جردن, link=https://delta.ir/detail/79527>
2025-09-27 13:18:50,031 - INFO - inserted succesfully to apartment table 
2025-09-27 13:18:50,036 - INFO - Saved apartment: <Apartment id=68269, price=27000000000, room=3, area=170, condition=9, place=جردن, link=https://delta.ir/detail/68269>
2025-09-27 13:18:50,115 - INFO - inserted succesfully to apartment table 
2025-09-27 13:18:50,120 - INFO - Saved apartment: <Apartment id=70712, price=16300000000, room=2, area=110, condition=بیش از ۲۰ سال ساخت, place=جردن, link=https://delta.ir/detail/70712>
2025-09-27 13:18:50,208 - INFO - inserted succesfully to apartment table 
2025-09-27 13:18:50,215 - INFO - Saved apartment: <Apartment id=70869, price=18800000000, room=2, area=130, condition=19, place=جردن, link=https://delta.ir/detail/70869>
2025-09-27 13:18:50,314 - INFO - inserted succesfully to apartment table 
2025-09-27 13:18:50,322 - INFO - Saved apartment: <Apartment id=73788, price=16899999999, room=2, area=90, condition=4, place=جردن, link=https://delta.ir/detail/73788>
2025-09-27 13:18:50,403 - INFO - inserted succesfully to apartment table 
2025-09-27 13:18:50,411 - INFO - Saved apartment: <Apartment id=79526, price=16500000000, room=1, area=115, condition=20, place=پاسداران, link=https://delta.ir/detail/79526>
2025-09-27 13:18:50,506 - INFO - inserted succesfully to apartment table 
2025-09-27 13:18:50,518 - INFO - Saved apartment: <Apartment id=79524, price=37900000000, room=3, area=190, condition=7, place=['اقدسیه', '(منطق...'], link=https://delta.ir/detail/79524>
2025-09-27 13:18:50,623 - ERROR - couldnt insert due to Python type list cannot be converted
2025-09-27 13:18:50,627 - INFO - Saved apartment: <Apartment id=79518, price=35000000000, room=2, area=160, condition=نوساز, place=['دولت', '(کلاهدو...'], link=https://delta.ir/detail/79518>
2025-09-27 13:18:50,674 - ERROR - couldnt insert due to Python type list cannot be converted
2025-09-27 13:18:50,678 - INFO - Saved apartment: <Apartment id=79514, price=30000000000, room=2, area=120, condition=14, place=نیاوران, link=https://delta.ir/detail/79514>
2025-09-27 13:18:50,728 - INFO - inserted succesfully to apartment table 
2025-09-27 13:18:50,730 - INFO - Saved apartment: <Apartment id=79513, price=33000000000, room=2, area=120, condition=1, place=زعفرانیه, link=https://delta.ir/detail/79513>
2025-09-27 13:18:50,762 - INFO - inserted succesfully to apartment table 
2025-09-27 13:18:50,764 - INFO - Saved apartment: <Apartment id=73150, price=33500000000, room=3, area=140, condition=14, place=زعفرانیه, link=https://delta.ir/detail/73150>
2025-09-27 13:18:50,818 - INFO - inserted succesfully to apartment table 
2025-09-27 13:18:50,822 - INFO - Saved apartment: <Apartment id=77039, price=20000000000, room=2, area=90, condition=12, place=زعفرانیه, link=https://delta.ir/detail/77039>
2025-09-27 13:18:50,901 - INFO - inserted succesfully to apartment table 
2025-09-27 13:18:50,907 - INFO - Saved apartment: <Apartment id=77046, price=53600000000, room=3, area=160, condition=نوساز, place=محمودیه, link=https://delta.ir/detail/77046>
2025-09-27 13:18:50,978 - INFO - inserted succesfully to apartment table 
2025-09-27 13:18:54,282 - INFO - Clicked 'More' button
2025-09-27 13:18:54,548 - INFO - Saved apartment: <Apartment id=79439, price=16899999999, room=2, area=110, condition=19, place=میرداماد, link=https://delta.ir/detail/79439>
2025-09-27 13:18:54,637 - INFO - inserted succesfully to apartment table 
2025-09-27 13:18:54,641 - INFO - Saved apartment: <Apartment id=79437, price=24000000000, room=2, area=90, condition=1, place=['دولت', '(کلاهدو...'], link=https://delta.ir/detail/79437>
2025-09-27 13:18:54,720 - ERROR - couldnt insert due to Python type list cannot be converted
2025-09-27 13:18:54,725 - INFO - Saved apartment: <Apartment id=79434, price=7500000000, room=2, area=94, condition=11, place=پیچ شمیران, link=https://delta.ir/detail/79434>
2025-09-27 13:18:54,796 - INFO - inserted succesfully to apartment table 
2025-09-27 13:18:54,800 - INFO - Saved apartment: <Apartment id=79433, price=10900000000, room=1, area=65, condition=بیش از ۲۰ سال ساخت, place=میرداماد, link=https://delta.ir/detail/79433>
2025-09-27 13:18:54,874 - INFO - inserted succesfully to apartment table 
2025-09-27 13:18:54,881 - INFO - Saved apartment: <Apartment id=79432, price=68000000000, room=3, area=200, condition=5, place=زعفرانیه, link=https://delta.ir/detail/79432>
2025-09-27 13:18:54,977 - INFO - inserted succesfully to apartment table 
2025-09-27 13:18:54,985 - INFO - Saved apartment: <Apartment id=79431, price=18800000000, room=2, area=112, condition=14, place=شیخ بهایی, link=https://delta.ir/detail/79431>
2025-09-27 13:19:26,667 - INFO - database apartment created succesfully
2025-09-27 13:19:26,781 - INFO - created the TABLE seccefully
2025-09-27 13:20:08,019 - INFO - Saved apartment: <Apartment id=79857, price=7700000000, room=2, area=75, condition=19, place=سازمان, link=https://delta.ir/detail/79857>
2025-09-27 13:20:08,060 - INFO - inserted succesfully to apartment table 
2025-09-27 13:20:08,063 - INFO - Saved apartment: <Apartment id=77679, price=20800000000, room=3, area=142, condition=بیش از ۲۰ سال ساخت, place=سعادت آباد, link=https://delta.ir/detail/77679>
2025-09-27 13:20:08,141 - INFO - inserted succesfully to apartment table 
2025-09-27 13:20:08,145 - INFO - Saved apartment: <Apartment id=77680, price=20200000000, room=3, area=130, condition=بیش از ۲۰ سال ساخت, place=سعادت آباد, link=https://delta.ir/detail/77680>
2025-09-27 13:20:08,211 - INFO - inserted succesfully to apartment table 
2025-09-27 13:20:08,217 - INFO - Saved apartment: <Apartment id=79076, price=19500000000, room=3, area=131, condition=14, place=سعادت آباد, link=https://delta.ir/detail/79076>
2025-09-27 13:20:08,291 - INFO - inserted succesfully to apartment table 
2025-09-27 13:20:08,295 - INFO - Saved apartment: <Apartment id=79081, price=20800000000, room=3, area=141, condition=3, place=سعادت آباد, link=https://delta.ir/detail/79081>
2025-09-27 13:20:08,364 - INFO - inserted succesfully to apartment table 
2025-09-27 13:20:08,368 - INFO - Saved apartment: <Apartment id=79852, price=37200000000, room=3, area=155, condition=10, place=سعادت آباد, link=https://delta.ir/detail/79852>
2025-09-27 13:20:08,431 - INFO - inserted succesfully to apartment table 
2025-09-27 13:20:08,437 - INFO - Saved apartment: <Apartment id=79848, price=70000000000, room=3, area=235, condition=نوساز, place=زعفرانیه, link=https://delta.ir/detail/79848>
2025-09-27 13:20:08,526 - INFO - inserted succesfully to apartment table 
2025-09-27 13:20:08,541 - INFO - Saved apartment: <Apartment id=79100, price=32000000000, room=3, area=160, condition=12, place=سعادت آباد, link=https://delta.ir/detail/79100>
2025-09-27 13:20:08,727 - INFO - inserted succesfully to apartment table 
2025-09-27 13:20:08,739 - INFO - Saved apartment: <Apartment id=79847, price=20500000000, room=2, area=102, condition=3, place=پاسداران, link=https://delta.ir/detail/79847>
2025-09-27 13:20:08,817 - INFO - inserted succesfully to apartment table 
2025-09-27 13:20:08,820 - INFO - Saved apartment: <Apartment id=78100, price=32500000000, room=2, area=95, condition=6, place=شهرک غرب, link=https://delta.ir/detail/78100>
2025-09-27 13:20:08,870 - INFO - inserted succesfully to apartment table 
2025-09-27 13:20:12,219 - INFO - Clicked 'More' button
2025-09-27 13:20:12,411 - INFO - Saved apartment: <Apartment id=79797, price=36900000000, room=3, area=210, condition=19, place=سعادت آباد, link=https://delta.ir/detail/79797>
2025-09-27 13:20:12,437 - INFO - inserted succesfully to apartment table 
2025-09-27 13:20:12,440 - INFO - Saved apartment: <Apartment id=79794, price=2600000000, room=1, area=48, condition=5, place=خاوران, link=https://delta.ir/detail/79794>
2025-09-27 13:20:12,471 - INFO - inserted succesfully to apartment table 
2025-09-27 13:20:12,473 - INFO - Saved apartment: <Apartment id=78874, price=19500000000, room=3, area=132, condition=13, place=سعادت آباد, link=https://delta.ir/detail/78874>
2025-09-27 13:20:12,504 - INFO - inserted succesfully to apartment table 
2025-09-27 13:20:12,506 - INFO - Saved apartment: <Apartment id=79083, price=150000000000, room=4, area=280, condition=نوساز, place=سعادت آباد, link=https://delta.ir/detail/79083>
2025-09-27 13:20:12,538 - INFO - inserted succesfully to apartment table 
2025-09-27 13:20:12,540 - INFO - Saved apartment: <Apartment id=79793, price=33799999999, room=3, area=150, condition=نوساز, place=الهیه, link=https://delta.ir/detail/79793>
2025-09-27 13:20:12,572 - INFO - inserted succesfully to apartment table 
2025-09-27 13:20:12,574 - INFO - Saved apartment: <Apartment id=71908, price=41500000000, room=3, area=150, condition=نوساز, place=شهرک غرب, link=https://delta.ir/detail/71908>
2025-09-27 13:20:12,608 - INFO - inserted succesfully to apartment table 
2025-09-27 13:20:12,610 - INFO - Saved apartment: <Apartment id=74129, price=52000000000, room=3, area=174, condition=نوساز, place=شهرک غرب, link=https://delta.ir/detail/74129>
2025-09-27 13:20:12,642 - INFO - inserted succesfully to apartment table 
2025-09-27 13:20:12,644 - INFO - Saved apartment: <Apartment id=79791, price=25600000000, room=2, area=114, condition=نوساز, place=الهیه, link=https://delta.ir/detail/79791>
2025-09-27 13:20:12,677 - INFO - inserted succesfully to apartment table 
2025-09-27 13:20:12,681 - INFO - Saved apartment: <Apartment id=79790, price=25000000000, room=2, area=125, condition=نوساز, place=میرداماد, link=https://delta.ir/detail/79790>
2025-09-27 13:20:12,713 - INFO - inserted succesfully to apartment table 
2025-09-27 13:20:12,715 - INFO - Saved apartment: <Apartment id=79138, price=13500000000, room=2, area=95, condition=20, place=میرداماد, link=https://delta.ir/detail/79138>
2025-09-27 13:20:12,748 - INFO - inserted succesfully to apartment table 
2025-09-27 13:20:12,751 - INFO - Saved apartment: <Apartment id=79143, price=32799999999, room=3, area=193, condition=1, place=ظفر, link=https://delta.ir/detail/79143>
2025-09-27 13:20:12,786 - INFO - inserted succesfully to apartment table 
2025-09-27 13:20:12,788 - INFO - Saved apartment: <Apartment id=79781, price=6700000000, room=1, area=69, condition=بیش از ۲۰ سال ساخت, place=توحید, link=https://delta.ir/detail/79781>
2025-09-27 13:20:12,825 - INFO - inserted succesfully to apartment table 
2025-09-27 13:20:12,831 - INFO - Saved apartment: <Apartment id=79776, price=18700000000, room=2, area=97, condition=15, place=قیطریه, link=https://delta.ir/detail/79776>
2025-09-27 13:20:12,926 - INFO - inserted succesfully to apartment table 
2025-09-27 13:20:12,932 - INFO - Saved apartment: <Apartment id=79775, price=21500000000, room=2, area=95, condition=2, place=فرمانیه, link=https://delta.ir/detail/79775>
2025-09-27 13:20:13,026 - INFO - inserted succesfully to apartment table 
2025-09-27 13:20:13,033 - INFO - Saved apartment: <Apartment id=79769, price=6300000000, room=2, area=63.5, condition=بیش از ۲۰ سال ساخت, place=پونک, link=https://delta.ir/detail/79769>
2025-09-27 13:20:13,145 - INFO - inserted succesfully to apartment table 
2025-09-27 13:20:13,160 - INFO - Saved apartment: <Apartment id=79768, price=8000000000, room=2, area=80, condition=14, place=بلوار فردوس, link=https://delta.ir/detail/79768>
2025-09-27 13:20:13,294 - INFO - inserted succesfully to apartment table 
2025-09-27 13:20:16,742 - INFO - Clicked 'More' button
2025-09-27 13:20:17,036 - INFO - Saved apartment: <Apartment id=79712, price=20500000000, room=2, area=99, condition=نوساز, place=قیطریه, link=https://delta.ir/detail/79712>
2025-09-27 13:20:17,078 - INFO - inserted succesfully to apartment table 
2025-09-27 13:20:17,081 - INFO - Saved apartment: <Apartment id=79711, price=19000000000, room=3, area=140, condition=17, place=ظفر, link=https://delta.ir/detail/79711>
2025-09-27 13:20:17,121 - INFO - inserted succesfully to apartment table 
2025-09-27 13:20:17,123 - INFO - Saved apartment: <Apartment id=79082, price=15700000000, room=2, area=90, condition=16, place=سعادت آباد, link=https://delta.ir/detail/79082>
2025-09-27 13:20:17,176 - INFO - inserted succesfully to apartment table 
2025-09-27 13:20:17,182 - INFO - Saved apartment: <Apartment id=79702, price=10000000000, room=1, area=90, condition=14, place=اختیاریه, link=https://delta.ir/detail/79702>
2025-09-27 13:20:17,257 - INFO - inserted succesfully to apartment table 
2025-09-27 13:20:17,262 - INFO - Saved apartment: <Apartment id=79697, price=26500000000, room=2, area=90, condition=نوساز, place=دولت, link=https://delta.ir/detail/79697>
2025-09-27 13:20:17,351 - INFO - inserted succesfully to apartment table 
2025-09-27 13:20:17,355 - INFO - Saved apartment: <Apartment id=79692, price=4500000000, room=1, area=49, condition=7, place=بهار, link=https://delta.ir/detail/79692>
2025-09-27 13:20:17,427 - INFO - inserted succesfully to apartment table 
2025-09-27 13:20:17,431 - INFO - Saved apartment: <Apartment id=79691, price=4800000000, room=2, area=95, condition=نوساز, place=هفده شهریور, link=https://delta.ir/detail/79691>
2025-09-27 13:20:17,519 - INFO - inserted succesfully to apartment table 
2025-09-27 13:20:17,525 - INFO - Saved apartment: <Apartment id=79686, price=5200000000, room=2, area=100, condition=بیش از ۲۰ سال ساخت, place=شهرری, link=https://delta.ir/detail/79686>
2025-09-27 13:20:17,599 - INFO - inserted succesfully to apartment table 
2025-09-27 13:20:17,605 - INFO - Saved apartment: <Apartment id=79679, price=19000000000, room=3, area=123, condition=14, place=پاسداران, link=https://delta.ir/detail/79679>
2025-09-27 13:20:17,677 - INFO - inserted succesfully to apartment table 
2025-09-27 13:20:17,684 - INFO - Saved apartment: <Apartment id=79677, price=17500000000, room=2, area=110, condition=20, place=قلهک, link=https://delta.ir/detail/79677>
2025-09-27 13:20:17,768 - INFO - inserted succesfully to apartment table 
2025-09-27 13:20:17,772 - INFO - Saved apartment: <Apartment id=79675, price=9000000000, room=2, area=65, condition=10, place=سید خندان, link=https://delta.ir/detail/79675>
2025-09-27 13:20:17,859 - INFO - inserted succesfully to apartment table 
2025-09-27 13:20:17,866 - INFO - Saved apartment: <Apartment id=79673, price=8000000000, room=2, area=75, condition=8, place=جنت, link=https://delta.ir/detail/79673>
2025-09-27 13:20:17,967 - INFO - inserted succesfully to apartment table 
2025-09-27 13:20:17,972 - INFO - Saved apartment: <Apartment id=79665, price=16899999999, room=2, area=112, condition=19, place=اختیاریه, link=https://delta.ir/detail/79665>
2025-09-27 13:20:18,024 - INFO - inserted succesfully to apartment table 
2025-09-27 13:20:18,027 - INFO - Saved apartment: <Apartment id=79647, price=26300000000, room=2, area=118, condition=5, place=سعادت آباد, link=https://delta.ir/detail/79647>
2025-09-27 13:20:18,070 - INFO - inserted succesfully to apartment table 
2025-09-27 13:20:18,072 - INFO - Saved apartment: <Apartment id=79645, price=13400000000, room=2, area=99, condition=6, place=رودکی(سلسبیل..., link=https://delta.ir/detail/79645>
2025-09-27 13:20:18,106 - INFO - inserted succesfully to apartment table 
2025-09-27 13:20:18,109 - INFO - Saved apartment: <Apartment id=79636, price=20800000000, room=2, area=95, condition=1, place=دولت, link=https://delta.ir/detail/79636>
2025-09-27 13:20:18,143 - INFO - inserted succesfully to apartment table 
2025-09-27 13:20:21,439 - INFO - Clicked 'More' button
2025-09-27 13:20:21,627 - INFO - Saved apartment: <Apartment id=77332, price=5600000000, room=2, area=80, condition=نوساز, place=تهرانسر, link=https://delta.ir/detail/77332>
2025-09-27 13:20:21,658 - INFO - inserted succesfully to apartment table 
2025-09-27 13:20:21,661 - INFO - Saved apartment: <Apartment id=79608, price=4500000000, room=1, area=53, condition=بیش از ۲۰ سال ساخت, place=فرجام, link=https://delta.ir/detail/79608>
2025-09-27 13:20:21,693 - INFO - inserted succesfully to apartment table 
2025-09-27 13:20:21,695 - INFO - Saved apartment: <Apartment id=79607, price=9500000000, room=1, area=50, condition=نوساز, place=میرداماد, link=https://delta.ir/detail/79607>
2025-09-27 13:20:21,725 - INFO - inserted succesfully to apartment table 
2025-09-27 13:20:21,728 - INFO - Saved apartment: <Apartment id=79606, price=34000000000, room=3, area=168, condition=8, place=کوی فراز, link=https://delta.ir/detail/79606>
2025-09-27 13:20:21,760 - INFO - inserted succesfully to apartment table 
2025-09-27 13:20:21,762 - INFO - Saved apartment: <Apartment id=79603, price=19700000000, room=2, area=100, condition=13, place=ملاصدرا, link=https://delta.ir/detail/79603>
2025-09-27 13:20:21,792 - INFO - inserted succesfully to apartment table 
2025-09-27 13:20:21,794 - INFO - Saved apartment: <Apartment id=79600, price=8600000000, room=2, area=88, condition=15, place=کوی بیمه, link=https://delta.ir/detail/79600>
2025-09-27 13:20:21,841 - INFO - inserted succesfully to apartment table 
2025-09-27 13:20:21,844 - INFO - Saved apartment: <Apartment id=79599, price=22900000000, room=3, area=140, condition=14, place=شیخ بهایی, link=https://delta.ir/detail/79599>
2025-09-27 13:20:21,913 - INFO - inserted succesfully to apartment table 
2025-09-27 13:20:21,917 - INFO - Saved apartment: <Apartment id=79597, price=8600000000, room=2, area=88, condition=15, place=شهران شمالی, link=https://delta.ir/detail/79597>
2025-09-27 13:20:21,995 - INFO - inserted succesfully to apartment table 
2025-09-27 13:20:21,999 - INFO - Saved apartment: <Apartment id=79593, price=16700000000, room=2, area=90, condition=17, place=قبا, link=https://delta.ir/detail/79593>
2025-09-27 13:20:22,065 - INFO - inserted succesfully to apartment table 
2025-09-27 13:20:22,069 - INFO - Saved apartment: <Apartment id=79588, price=10900000000, room=2, area=85, condition=9, place=نیروی دریایی, link=https://delta.ir/detail/79588>
2025-09-27 13:20:22,138 - INFO - inserted succesfully to apartment table 
2025-09-27 13:20:22,143 - INFO - Saved apartment: <Apartment id=79586, price=32000000000, room=3, area=145, condition=4, place=جردن, link=https://delta.ir/detail/79586>
2025-09-27 13:20:22,221 - INFO - inserted succesfully to apartment table 
2025-09-27 13:20:22,226 - INFO - Saved apartment: <Apartment id=79585, price=21500000000, room=3, area=122, condition=نوساز, place=جنت, link=https://delta.ir/detail/79585>
2025-09-27 13:20:22,302 - INFO - inserted succesfully to apartment table 
2025-09-27 13:20:22,306 - INFO - Saved apartment: <Apartment id=79583, price=15000000000, room=2, area=85, condition=نوساز, place=جنت, link=https://delta.ir/detail/79583>
2025-09-27 13:20:22,394 - INFO - inserted succesfully to apartment table 
2025-09-27 13:20:22,410 - INFO - Saved apartment: <Apartment id=79575, price=62100000000, room=4, area=270, condition=نوساز, place=جردن, link=https://delta.ir/detail/79575>
2025-09-27 13:20:22,523 - INFO - inserted succesfully to apartment table 
2025-09-27 13:20:22,531 - INFO - Saved apartment: <Apartment id=79568, price=79000000000, room=4, area=266, condition=نوساز, place=نیاوران, link=https://delta.ir/detail/79568>
2025-09-27 13:20:22,608 - INFO - inserted succesfully to apartment table 
2025-09-27 13:20:22,611 - INFO - Saved apartment: <Apartment id=79558, price=19300000000, room=3, area=140, condition=10, place=ظفر, link=https://delta.ir/detail/79558>
2025-09-27 13:20:22,653 - INFO - inserted succesfully to apartment table 
2025-09-27 13:20:25,951 - INFO - Clicked 'More' button
2025-09-27 13:20:26,149 - INFO - Saved apartment: <Apartment id=78461, price=39500000000, room=4, area=215, condition=20, place=دروس, link=https://delta.ir/detail/78461>
2025-09-27 13:20:26,178 - INFO - inserted succesfully to apartment table 
2025-09-27 13:20:26,180 - INFO - Saved apartment: <Apartment id=79530, price=16300000000, room=2, area=110, condition=17, place=جردن, link=https://delta.ir/detail/79530>
2025-09-27 13:20:26,209 - INFO - inserted succesfully to apartment table 
2025-09-27 13:20:26,212 - INFO - Saved apartment: <Apartment id=79529, price=18800000000, room=2, area=110, condition=18, place=جردن, link=https://delta.ir/detail/79529>
2025-09-27 13:20:26,242 - INFO - inserted succesfully to apartment table 
2025-09-27 13:20:26,245 - INFO - Saved apartment: <Apartment id=79527, price=28000000000, room=3, area=220, condition=18, place=جردن, link=https://delta.ir/detail/79527>
2025-09-27 13:20:26,275 - INFO - inserted succesfully to apartment table 
2025-09-27 13:20:26,278 - INFO - Saved apartment: <Apartment id=68269, price=27000000000, room=3, area=170, condition=9, place=جردن, link=https://delta.ir/detail/68269>
2025-09-27 13:20:26,313 - INFO - inserted succesfully to apartment table 
2025-09-27 13:20:26,315 - INFO - Saved apartment: <Apartment id=70712, price=16300000000, room=2, area=110, condition=بیش از ۲۰ سال ساخت, place=جردن, link=https://delta.ir/detail/70712>
2025-09-27 13:20:26,348 - INFO - inserted succesfully to apartment table 
2025-09-27 13:20:26,351 - INFO - Saved apartment: <Apartment id=70869, price=18800000000, room=2, area=130, condition=19, place=جردن, link=https://delta.ir/detail/70869>
2025-09-27 13:20:26,392 - INFO - inserted succesfully to apartment table 
2025-09-27 13:20:26,394 - INFO - Saved apartment: <Apartment id=73788, price=16899999999, room=2, area=90, condition=4, place=جردن, link=https://delta.ir/detail/73788>
2025-09-27 13:20:26,427 - INFO - inserted succesfully to apartment table 
2025-09-27 13:20:26,429 - INFO - Saved apartment: <Apartment id=79526, price=16500000000, room=1, area=115, condition=20, place=پاسداران, link=https://delta.ir/detail/79526>
2025-09-27 13:20:26,461 - INFO - inserted succesfully to apartment table 
2025-09-27 13:20:26,463 - INFO - Saved apartment: <Apartment id=79524, price=37900000000, room=3, area=190, condition=7, place=اقدسیه, link=https://delta.ir/detail/79524>
2025-09-27 13:20:26,496 - INFO - inserted succesfully to apartment table 
2025-09-27 13:20:26,498 - INFO - Saved apartment: <Apartment id=79518, price=35000000000, room=2, area=160, condition=نوساز, place=دولت, link=https://delta.ir/detail/79518>
2025-09-27 13:20:26,535 - INFO - inserted succesfully to apartment table 
2025-09-27 13:20:26,539 - INFO - Saved apartment: <Apartment id=79514, price=30000000000, room=2, area=120, condition=14, place=نیاوران, link=https://delta.ir/detail/79514>
2025-09-27 13:20:26,610 - INFO - inserted succesfully to apartment table 
2025-09-27 13:20:26,616 - INFO - Saved apartment: <Apartment id=79513, price=33000000000, room=2, area=120, condition=1, place=زعفرانیه, link=https://delta.ir/detail/79513>
2025-09-27 13:20:26,683 - INFO - inserted succesfully to apartment table 
2025-09-27 13:20:26,687 - INFO - Saved apartment: <Apartment id=73150, price=33500000000, room=3, area=140, condition=14, place=زعفرانیه, link=https://delta.ir/detail/73150>
2025-09-27 13:20:26,761 - INFO - inserted succesfully to apartment table 
2025-09-27 13:20:26,765 - INFO - Saved apartment: <Apartment id=77039, price=20000000000, room=2, area=90, condition=12, place=زعفرانیه, link=https://delta.ir/detail/77039>
2025-09-27 13:20:26,832 - INFO - inserted succesfully to apartment table 
2025-09-27 13:20:26,837 - INFO - Saved apartment: <Apartment id=77046, price=53600000000, room=3, area=160, condition=نوساز, place=محمودیه, link=https://delta.ir/detail/77046>
2025-09-27 13:20:26,912 - INFO - inserted succesfully to apartment table 
2025-09-27 13:20:30,249 - INFO - Clicked 'More' button
2025-09-27 13:20:30,430 - INFO - Saved apartment: <Apartment id=79439, price=16899999999, room=2, area=110, condition=19, place=میرداماد, link=https://delta.ir/detail/79439>
2025-09-27 13:20:30,473 - INFO - inserted succesfully to apartment table 
2025-09-27 13:20:30,476 - INFO - Saved apartment: <Apartment id=79437, price=24000000000, room=2, area=90, condition=1, place=دولت, link=https://delta.ir/detail/79437>
2025-09-27 13:20:30,512 - INFO - inserted succesfully to apartment table 
2025-09-27 13:20:30,515 - INFO - Saved apartment: <Apartment id=79434, price=7500000000, room=2, area=94, condition=11, place=پیچ شمیران, link=https://delta.ir/detail/79434>
2025-09-27 13:20:30,559 - INFO - inserted succesfully to apartment table 
2025-09-27 13:20:30,562 - INFO - Saved apartment: <Apartment id=79433, price=10900000000, room=1, area=65, condition=بیش از ۲۰ سال ساخت, place=میرداماد, link=https://delta.ir/detail/79433>
2025-09-27 13:20:30,603 - INFO - inserted succesfully to apartment table 
2025-09-27 13:20:30,605 - INFO - Saved apartment: <Apartment id=79432, price=68000000000, room=3, area=200, condition=5, place=زعفرانیه, link=https://delta.ir/detail/79432>
2025-09-27 13:20:30,644 - INFO - inserted succesfully to apartment table 
2025-09-27 13:20:30,646 - INFO - Saved apartment: <Apartment id=79431, price=18800000000, room=2, area=112, condition=14, place=شیخ بهایی, link=https://delta.ir/detail/79431>
2025-09-27 13:20:30,690 - INFO - inserted succesfully to apartment table 
2025-09-27 13:20:30,692 - INFO - Saved apartment: <Apartment id=79428, price=10500000000, room=2, area=90, condition=8, place=سازمان, link=https://delta.ir/detail/79428>
2025-09-27 13:20:30,757 - INFO - inserted succesfully to apartment table 
2025-09-27 13:20:30,762 - INFO - Saved apartment: <Apartment id=79427, price=14600000000, room=2, area=100, condition=7, place=اختیاریه, link=https://delta.ir/detail/79427>
2025-09-27 13:20:30,841 - INFO - inserted succesfully to apartment table 
2025-09-27 13:20:30,845 - INFO - Saved apartment: <Apartment id=79425, price=27000000000, room=2, area=164, condition=بیش از ۲۰ سال ساخت, place=تجریش, link=https://delta.ir/detail/79425>
2025-09-27 13:20:30,914 - INFO - inserted succesfully to apartment table 
2025-09-27 13:20:30,919 - INFO - Saved apartment: <Apartment id=79424, price=14200000000, room=2, area=108, condition=16, place=هروی, link=https://delta.ir/detail/79424>
2025-09-27 13:20:30,994 - INFO - inserted succesfully to apartment table 
2025-09-27 13:20:30,998 - INFO - Saved apartment: <Apartment id=79422, price=25000000000, room=2, area=121, condition=20, place=نیاوران, link=https://delta.ir/detail/79422>
2025-09-27 13:20:31,074 - INFO - inserted succesfully to apartment table 
2025-09-27 13:20:31,078 - INFO - Saved apartment: <Apartment id=79421, price=32000000000, room=3, area=160, condition=7, place=فرمانیه, link=https://delta.ir/detail/79421>
2025-09-27 13:20:31,153 - INFO - inserted succesfully to apartment table 
2025-09-27 13:20:31,157 - INFO - Saved apartment: <Apartment id=79420, price=21000000000, room=3, area=163, condition=بیش از ۲۰ سال ساخت, place=جردن, link=https://delta.ir/detail/79420>
2025-09-27 13:20:31,228 - INFO - inserted succesfully to apartment table 
2025-09-27 13:20:31,232 - INFO - Saved apartment: <Apartment id=79416, price=41000000000, room=2, area=127, condition=بیش از ۲۰ سال ساخت, place=آجودانیه, link=https://delta.ir/detail/79416>
2025-09-27 13:20:31,311 - INFO - inserted succesfully to apartment table 
2025-09-27 13:20:31,317 - INFO - Saved apartment: <Apartment id=79415, price=18400000000, room=1, area=84, condition=3, place=اختیاریه, link=https://delta.ir/detail/79415>
2025-09-27 13:20:31,406 - INFO - inserted succesfully to apartment table 
2025-09-27 13:20:31,411 - INFO - Saved apartment: <Apartment id=79412, price=16500000000, room=2, area=115, condition=9, place=پاسداران, link=https://delta.ir/detail/79412>
2025-09-27 13:20:31,492 - INFO - inserted succesfully to apartment table 
2025-09-27 13:20:34,883 - INFO - Clicked 'More' button
2025-09-27 13:20:35,063 - INFO - Saved apartment: <Apartment id=79343, price=2900000000, room=1, area=50, condition=نوساز, place=چیتگر, link=https://delta.ir/detail/79343>
2025-09-27 13:20:35,097 - INFO - inserted succesfully to apartment table 
2025-09-27 13:20:35,100 - INFO - Saved apartment: <Apartment id=79339, price=7000000000, room=1, area=70, condition=10, place=شهرزیبا, link=https://delta.ir/detail/79339>
2025-09-27 13:20:35,135 - INFO - inserted succesfully to apartment table 
2025-09-27 13:20:35,137 - INFO - Saved apartment: <Apartment id=79327, price=20000000000, room=2, area=120, condition=نوساز, place=پونک, link=https://delta.ir/detail/79327>
2025-09-27 13:20:35,176 - INFO - inserted succesfully to apartment table 
2025-09-27 13:20:35,178 - INFO - Saved apartment: <Apartment id=79316, price=3000000000, room=1, area=34, condition=نوساز, place=پیروزی, link=https://delta.ir/detail/79316>
2025-09-27 13:20:35,228 - INFO - inserted succesfully to apartment table 
2025-09-27 13:20:35,232 - INFO - Saved apartment: <Apartment id=79314, price=27500000000, room=3, area=148, condition=2, place=سه, link=https://delta.ir/detail/79314>
2025-09-27 13:20:35,283 - INFO - inserted succesfully to apartment table 
2025-09-27 13:20:35,287 - INFO - Saved apartment: <Apartment id=79312, price=5400000000, room=2, area=60, condition=15, place=اسکندری, link=https://delta.ir/detail/79312>
2025-09-27 13:20:35,335 - INFO - inserted succesfully to apartment table 
2025-09-27 13:20:35,344 - INFO - Saved apartment: <Apartment id=79311, price=27000000000, room=3, area=157, condition=11, place=جنت, link=https://delta.ir/detail/79311>
2025-09-27 13:20:35,396 - INFO - inserted succesfully to apartment table 
2025-09-27 13:20:35,398 - INFO - Saved apartment: <Apartment id=79309, price=2800000000, room=2, area=53, condition=19, place=نیکنام, link=https://delta.ir/detail/79309>
2025-09-27 13:20:35,432 - INFO - inserted succesfully to apartment table 
2025-09-27 13:20:35,434 - INFO - Saved apartment: <Apartment id=79308, price=22500000000, room=3, area=175, condition=20, place=پرستار, link=https://delta.ir/detail/79308>
2025-09-27 13:20:35,468 - INFO - inserted succesfully to apartment table 
2025-09-27 13:20:35,471 - INFO - Saved apartment: <Apartment id=73194, price=36000000000, room=2, area=120, condition=3, place=شهرک غرب, link=https://delta.ir/detail/73194>
2025-09-27 13:20:35,538 - INFO - inserted succesfully to apartment table 
2025-09-27 13:20:35,542 - INFO - Saved apartment: <Apartment id=77304, price=40700000000, room=3, area=146, condition=نوساز, place=سعادت آباد, link=https://delta.ir/detail/77304>
2025-09-27 13:20:35,593 - INFO - inserted succesfully to apartment table 
2025-09-27 13:20:35,597 - INFO - Saved apartment: <Apartment id=79290, price=42900000000, room=3, area=148, condition=نوساز, place=سعادت آباد, link=https://delta.ir/detail/79290>
2025-09-27 13:20:35,659 - INFO - inserted succesfully to apartment table 
2025-09-27 13:20:35,662 - INFO - Saved apartment: <Apartment id=79289, price=43000000000, room=3, area=150, condition=نوساز, place=سعادت آباد, link=https://delta.ir/detail/79289>
2025-09-27 13:20:35,736 - INFO - inserted succesfully to apartment table 
2025-09-27 13:20:35,741 - INFO - Saved apartment: <Apartment id=79288, price=26900000000, room=2, area=130, condition=18, place=فرمانیه, link=https://delta.ir/detail/79288>
2025-09-27 13:20:35,813 - INFO - inserted succesfully to apartment table 
2025-09-27 13:20:35,816 - INFO - Saved apartment: <Apartment id=79287, price=13200000000, room=2, area=105, condition=19, place=شهرک غرب, link=https://delta.ir/detail/79287>
2025-09-27 13:20:35,880 - INFO - inserted succesfully to apartment table 
2025-09-27 13:20:35,887 - INFO - Saved apartment: <Apartment id=79285, price=21600000000, room=2, area=105, condition=14, place=سعادت آباد, link=https://delta.ir/detail/79285>
2025-09-27 13:20:35,960 - INFO - inserted succesfully to apartment table 
2025-09-27 13:20:39,428 - INFO - Clicked 'More' button
2025-09-27 13:20:39,609 - INFO - Saved apartment: <Apartment id=79255, price=40000000000, room=3, area=165, condition=2, place=جردن, link=https://delta.ir/detail/79255>
2025-09-27 13:20:39,638 - INFO - inserted succesfully to apartment table 
2025-09-27 13:20:39,641 - INFO - Saved apartment: <Apartment id=79254, price=6600000000, room=1, area=65, condition=6, place=شهران جنوبی, link=https://delta.ir/detail/79254>
2025-09-27 13:20:39,675 - INFO - inserted succesfully to apartment table 
2025-09-27 13:20:39,677 - INFO - Saved apartment: <Apartment id=79253, price=43500000000, room=3, area=155, condition=1, place=جردن, link=https://delta.ir/detail/79253>
2025-09-27 13:20:39,716 - INFO - inserted succesfully to apartment table 
2025-09-27 13:20:39,719 - INFO - Saved apartment: <Apartment id=78756, price=25900000000, room=3, area=130, condition=8, place=میرداماد, link=https://delta.ir/detail/78756>
2025-09-27 13:20:39,761 - INFO - inserted succesfully to apartment table 
2025-09-27 13:20:39,763 - INFO - Saved apartment: <Apartment id=79244, price=135000000000, room=4, area=327, condition=نوساز, place=نیاوران, link=https://delta.ir/detail/79244>
2025-09-27 13:20:39,805 - INFO - inserted succesfully to apartment table 
2025-09-27 13:20:39,807 - INFO - Saved apartment: <Apartment id=79243, price=42000000000, room=4, area=311, condition=بیش از ۲۰ سال ساخت, place=جردن, link=https://delta.ir/detail/79243>
2025-09-27 13:20:39,849 - INFO - inserted succesfully to apartment table 
2025-09-27 13:20:39,854 - INFO - Saved apartment: <Apartment id=79242, price=67000000000, room=4, area=350, condition=20, place=جردن, link=https://delta.ir/detail/79242>
2025-09-27 13:20:39,925 - INFO - inserted succesfully to apartment table 
2025-09-27 13:20:39,930 - INFO - Saved apartment: <Apartment id=79240, price=15500000000, room=2, area=115, condition=5, place=مرزداران, link=https://delta.ir/detail/79240>
2025-09-27 13:20:40,031 - INFO - inserted succesfully to apartment table 
2025-09-27 13:20:40,037 - INFO - Saved apartment: <Apartment id=79237, price=2000000000, room=1, area=37, condition=16, place=زرکش, link=https://delta.ir/detail/79237>
2025-09-27 13:20:40,153 - INFO - inserted succesfully to apartment table 
2025-09-27 13:20:40,162 - INFO - Saved apartment: <Apartment id=79236, price=19000000000, room=3, area=164, condition=15, place=شهرک هما, link=https://delta.ir/detail/79236>
2025-09-27 13:20:40,280 - INFO - inserted succesfully to apartment table 
2025-09-27 13:20:40,295 - INFO - Saved apartment: <Apartment id=79234, price=9200000000, room=2, area=100, condition=7, place=تسلیحات, link=https://delta.ir/detail/79234>
2025-09-27 13:20:40,393 - INFO - inserted succesfully to apartment table 
2025-09-27 13:20:40,395 - INFO - Saved apartment: <Apartment id=79233, price=8500000000, room=1, area=61, condition=17, place=شهرک هما, link=https://delta.ir/detail/79233>
2025-09-27 13:20:40,434 - INFO - inserted succesfully to apartment table 
2025-09-27 13:20:40,436 - INFO - Saved apartment: <Apartment id=79231, price=86000000000, room=3, area=268, condition=نوساز, place=جمشیدیه-جمار..., link=https://delta.ir/detail/79231>
2025-09-27 13:20:40,474 - INFO - inserted succesfully to apartment table 
2025-09-27 13:20:40,476 - INFO - Saved apartment: <Apartment id=79229, price=8000000000, room=2, area=65, condition=20, place=جنت, link=https://delta.ir/detail/79229>
2025-09-27 13:20:40,510 - INFO - inserted succesfully to apartment table 
2025-09-27 13:20:40,514 - INFO - Saved apartment: <Apartment id=79227, price=4500000000, room=1, area=54, condition=8, place=وحیدیه, link=https://delta.ir/detail/79227>
2025-09-27 13:20:40,580 - INFO - inserted succesfully to apartment table 
2025-09-27 13:20:40,584 - INFO - Saved apartment: <Apartment id=79226, price=7300000000, room=1, area=63, condition=15, place=بلوار فردوس, link=https://delta.ir/detail/79226>
2025-09-27 13:20:40,656 - INFO - inserted succesfully to apartment table 
2025-09-27 13:20:43,973 - INFO - Clicked 'More' button
2025-09-27 13:20:44,094 - INFO - Saved apartment: <Apartment id=79188, price=23500000000, room=3, area=165, condition=15, place=قیطریه, link=https://delta.ir/detail/79188>
2025-09-27 13:20:44,129 - INFO - inserted succesfully to apartment table 
2025-09-27 13:20:44,131 - INFO - Saved apartment: <Apartment id=78203, price=22700000000, room=2, area=145, condition=بیش از ۲۰ سال ساخت, place=سعادت آباد, link=https://delta.ir/detail/78203>
2025-09-27 13:20:44,167 - INFO - inserted succesfully to apartment table 
2025-09-27 13:20:44,170 - INFO - Saved apartment: <Apartment id=78462, price=17500000000, room=2, area=115, condition=8, place=دارآباد, link=https://delta.ir/detail/78462>
2025-09-27 13:20:44,204 - INFO - inserted succesfully to apartment table 
2025-09-27 13:20:44,206 - INFO - Saved apartment: <Apartment id=79187, price=9900000000, room=2, area=71.5, condition=14, place=فدک, link=https://delta.ir/detail/79187>
2025-09-27 13:20:44,244 - INFO - inserted succesfully to apartment table 
2025-09-27 13:20:44,246 - INFO - Saved apartment: <Apartment id=79186, price=5000000000, room=2, area=93, condition=بیش از ۲۰ سال ساخت, place=امیریه, link=https://delta.ir/detail/79186>
2025-09-27 13:20:44,280 - INFO - inserted succesfully to apartment table 
2025-09-27 13:20:44,282 - INFO - Saved apartment: <Apartment id=79176, price=27000000000, room=3, area=160, condition=بیش از ۲۰ سال ساخت, place=شهرک غرب, link=https://delta.ir/detail/79176>
2025-09-27 13:20:44,315 - INFO - inserted succesfully to apartment table 
2025-09-27 13:20:44,317 - INFO - Saved apartment: <Apartment id=78373, price=6800000000, room=2, area=72, condition=6, place=بلوار فردوس, link=https://delta.ir/detail/78373>
2025-09-27 13:20:44,354 - INFO - inserted succesfully to apartment table 
2025-09-27 13:20:44,356 - INFO - Saved apartment: <Apartment id=79170, price=31000000000, room=2, area=115, condition=نوساز, place=سعادت آباد, link=https://delta.ir/detail/79170>
2025-09-27 13:20:44,387 - INFO - inserted succesfully to apartment table 
2025-09-27 13:20:44,389 - INFO - Saved apartment: <Apartment id=79169, price=120000000000, room=3, area=240, condition=نوساز, place=شهرک غرب, link=https://delta.ir/detail/79169>
2025-09-27 13:20:44,422 - INFO - inserted succesfully to apartment table 
2025-09-27 13:20:44,424 - INFO - Saved apartment: <Apartment id=79165, price=37000000000, room=3, area=150, condition=3, place=قیطریه, link=https://delta.ir/detail/79165>
2025-09-27 13:20:44,460 - INFO - inserted succesfully to apartment table 
2025-09-27 13:20:44,462 - INFO - Saved apartment: <Apartment id=79161, price=25000000000, room=2, area=130, condition=3, place=نیاوران, link=https://delta.ir/detail/79161>
2025-09-27 13:20:44,497 - INFO - inserted succesfully to apartment table 
2025-09-27 13:20:44,499 - INFO - Saved apartment: <Apartment id=79160, price=2500000000, room=1, area=39, condition=20, place=آگاهی, link=https://delta.ir/detail/79160>
2025-09-27 13:20:44,532 - INFO - inserted succesfully to apartment table 
2025-09-27 13:20:44,535 - INFO - Saved apartment: <Apartment id=78837, price=15900000000, room=2, area=103, condition=3, place=هروی, link=https://delta.ir/detail/78837>
2025-09-27 13:20:44,567 - INFO - inserted succesfully to apartment table 
2025-09-27 13:20:44,569 - INFO - Saved apartment: <Apartment id=79155, price=15600000000, room=2, area=118, condition=2, place=بهار شیراز, link=https://delta.ir/detail/79155>
2025-09-27 13:20:44,607 - INFO - inserted succesfully to apartment table 
2025-09-27 13:20:44,609 - INFO - Saved apartment: <Apartment id=79153, price=4099999999, room=2, area=80, condition=بیش از ۲۰ سال ساخت, place=شهرک ولیعصر, link=https://delta.ir/detail/79153>
2025-09-27 13:20:44,641 - INFO - inserted succesfully to apartment table 
2025-09-27 13:20:44,643 - INFO - Saved apartment: <Apartment id=79141, price=40000000000, room=4, area=246, condition=بیش از ۲۰ سال ساخت, place=جردن, link=https://delta.ir/detail/79141>
2025-09-27 13:20:44,675 - INFO - inserted succesfully to apartment table 
2025-09-27 13:20:47,904 - INFO - Clicked 'More' button
2025-09-27 13:20:48,074 - INFO - Saved apartment: <Apartment id=79092, price=40000000000, room=3, area=200, condition=2, place=اراج-گلزار, link=https://delta.ir/detail/79092>
2025-09-27 13:20:48,108 - INFO - inserted succesfully to apartment table 
2025-09-27 13:20:48,110 - INFO - Saved apartment: <Apartment id=79091, price=34000000000, room=4, area=283, condition=بیش از ۲۰ سال ساخت, place=گاندی, link=https://delta.ir/detail/79091>
2025-09-27 13:20:48,144 - INFO - inserted succesfully to apartment table 
2025-09-27 13:20:48,146 - INFO - Saved apartment: <Apartment id=79089, price=43000000000, room=4, area=250, condition=بیش از ۲۰ سال ساخت, place=جردن, link=https://delta.ir/detail/79089>
2025-09-27 13:20:48,179 - INFO - inserted succesfully to apartment table 
2025-09-27 13:20:48,181 - INFO - Saved apartment: <Apartment id=79088, price=24700000000, room=2, area=103, condition=7, place=جردن, link=https://delta.ir/detail/79088>
2025-09-27 13:20:48,215 - INFO - inserted succesfully to apartment table 
2025-09-27 13:20:48,217 - INFO - Saved apartment: <Apartment id=79085, price=7000000000, room=2, area=73, condition=20, place=نارمک, link=https://delta.ir/detail/79085>
2025-09-27 13:20:48,254 - INFO - inserted succesfully to apartment table 
2025-09-27 13:20:48,257 - INFO - Saved apartment: <Apartment id=79084, price=21100000000, room=1, area=96, condition=نوساز, place=شهرک هما, link=https://delta.ir/detail/79084>
2025-09-27 13:20:48,294 - INFO - inserted succesfully to apartment table 
2025-09-27 13:20:49,325 - INFO - No more button found. End of listings.
2025-09-27 13:20:50,697 - INFO - Scraping finished. Total 144 apartments collected.
2025-09-27 13:25:12,407 - INFO - No more button found. End of listings.
2025-09-27 13:25:13,951 - INFO - Scraping finished. Total 0 apartments collected.
2025-09-27 13:29:14,009 - INFO - Clicked 'More' button
2025-09-27 13:29:14,499 - INFO - Saved apartment: <Apartment id=79828, price=13200000000, room=2, area=110, condition=بیش از ۲۰ سال ساخت, place=ظفر, link=https://delta.ir/detail/79828>
2025-09-27 13:29:14,600 - INFO - inserted succesfully to apartment table 
2025-09-27 13:29:14,605 - INFO - Saved apartment: <Apartment id=79819, price=7100000000, room=2, area=70, condition=بیش از ۲۰ سال ساخت, place=شمس, link=https://delta.ir/detail/79819>
2025-09-27 13:29:14,651 - INFO - inserted succesfully to apartment table 
2025-09-27 13:29:14,657 - INFO - Saved apartment: <Apartment id=79815, price=7000000000, room=2, area=74, condition=10, place=نیروی هوایی, link=https://delta.ir/detail/79815>
2025-09-27 13:29:14,695 - INFO - inserted succesfully to apartment table 
2025-09-27 13:29:14,700 - INFO - Saved apartment: <Apartment id=79813, price=3700000000, room=1, area=70, condition=2, place=دولتخواه, link=https://delta.ir/detail/79813>
2025-09-27 13:29:14,745 - INFO - inserted succesfully to apartment table 
2025-09-27 13:29:14,751 - INFO - Saved apartment: <Apartment id=78627, price=72900000000, room=3, area=210, condition=7, place=فرمانیه, link=https://delta.ir/detail/78627>
2025-09-27 13:29:14,796 - INFO - inserted succesfully to apartment table 
2025-09-27 13:29:14,799 - INFO - Saved apartment: <Apartment id=79799, price=36000000000, room=3, area=208, condition=20, place=نیاوران, link=https://delta.ir/detail/79799>
2025-09-27 13:29:14,847 - INFO - inserted succesfully to apartment table 
2025-09-27 13:29:14,855 - INFO - Saved apartment: <Apartment id=79797, price=36900000000, room=3, area=210, condition=19, place=سعادت آباد, link=https://delta.ir/detail/79797>
2025-09-27 13:29:14,953 - INFO - inserted succesfully to apartment table 
2025-09-27 13:29:14,963 - INFO - Saved apartment: <Apartment id=79794, price=2600000000, room=1, area=48, condition=5, place=خاوران, link=https://delta.ir/detail/79794>
2025-09-27 13:29:15,060 - INFO - inserted succesfully to apartment table 
2025-09-27 13:29:15,070 - INFO - Saved apartment: <Apartment id=78874, price=19500000000, room=3, area=132, condition=13, place=سعادت آباد, link=https://delta.ir/detail/78874>
2025-09-27 13:29:15,202 - INFO - inserted succesfully to apartment table 
2025-09-27 13:29:15,207 - INFO - Saved apartment: <Apartment id=79083, price=150000000000, room=4, area=280, condition=نوساز, place=سعادت آباد, link=https://delta.ir/detail/79083>
2025-09-27 13:29:15,243 - INFO - inserted succesfully to apartment table 
2025-09-27 13:29:15,249 - INFO - Saved apartment: <Apartment id=79793, price=33799999999, room=3, area=150, condition=نوساز, place=الهیه, link=https://delta.ir/detail/79793>
2025-09-27 13:29:15,285 - INFO - inserted succesfully to apartment table 
2025-09-27 13:29:15,289 - INFO - Saved apartment: <Apartment id=71908, price=41500000000, room=3, area=150, condition=نوساز, place=شهرک غرب, link=https://delta.ir/detail/71908>
2025-09-27 13:29:15,322 - INFO - inserted succesfully to apartment table 
2025-09-27 13:29:15,326 - INFO - Saved apartment: <Apartment id=74129, price=52000000000, room=3, area=174, condition=نوساز, place=شهرک غرب, link=https://delta.ir/detail/74129>
2025-09-27 13:29:15,382 - INFO - inserted succesfully to apartment table 
2025-09-27 13:29:15,391 - INFO - Saved apartment: <Apartment id=79791, price=25600000000, room=2, area=114, condition=نوساز, place=الهیه, link=https://delta.ir/detail/79791>
2025-09-27 13:29:15,464 - INFO - inserted succesfully to apartment table 
2025-09-27 13:29:15,475 - INFO - Saved apartment: <Apartment id=79790, price=25000000000, room=2, area=125, condition=نوساز, place=میرداماد, link=https://delta.ir/detail/79790>
2025-09-27 13:29:15,547 - INFO - inserted succesfully to apartment table 
2025-09-27 13:29:15,561 - INFO - Saved apartment: <Apartment id=79138, price=13500000000, room=2, area=95, condition=20, place=میرداماد, link=https://delta.ir/detail/79138>
2025-09-27 13:29:15,662 - INFO - inserted succesfully to apartment table 
2025-09-27 13:29:15,672 - INFO - Saved apartment: <Apartment id=79143, price=32799999999, room=3, area=193, condition=1, place=ظفر, link=https://delta.ir/detail/79143>
2025-09-27 13:29:15,752 - INFO - inserted succesfully to apartment table 
2025-09-27 13:29:15,759 - INFO - Saved apartment: <Apartment id=79781, price=6700000000, room=1, area=69, condition=بیش از ۲۰ سال ساخت, place=توحید, link=https://delta.ir/detail/79781>
2025-09-27 13:29:15,866 - INFO - inserted succesfully to apartment table 
2025-09-27 13:29:15,879 - INFO - Saved apartment: <Apartment id=79776, price=18700000000, room=2, area=97, condition=15, place=قیطریه, link=https://delta.ir/detail/79776>
2025-09-27 13:29:15,930 - INFO - inserted succesfully to apartment table 
2025-09-27 13:29:15,933 - INFO - Saved apartment: <Apartment id=79775, price=21500000000, room=2, area=95, condition=2, place=فرمانیه, link=https://delta.ir/detail/79775>
2025-09-27 13:29:15,964 - INFO - inserted succesfully to apartment table 
2025-09-27 13:29:15,967 - INFO - Saved apartment: <Apartment id=79769, price=6300000000, room=2, area=63.5, condition=بیش از ۲۰ سال ساخت, place=پونک, link=https://delta.ir/detail/79769>
2025-09-27 13:29:15,996 - INFO - inserted succesfully to apartment table 
2025-09-27 13:29:16,000 - INFO - Saved apartment: <Apartment id=79768, price=8000000000, room=2, area=80, condition=14, place=بلوار فردوس, link=https://delta.ir/detail/79768>
2025-09-27 13:29:16,032 - INFO - inserted succesfully to apartment table 
2025-09-27 13:29:16,036 - INFO - Saved apartment: <Apartment id=79757, price=18800000000, room=2, area=97, condition=17, place=قیطریه, link=https://delta.ir/detail/79757>
2025-09-27 13:29:16,069 - INFO - inserted succesfully to apartment table 
2025-09-27 13:29:16,072 - INFO - Saved apartment: <Apartment id=79756, price=18000000000, room=2, area=100, condition=9, place=پاسداران, link=https://delta.ir/detail/79756>
2025-09-27 13:29:16,115 - INFO - inserted succesfully to apartment table 
2025-09-27 13:29:16,120 - INFO - Saved apartment: <Apartment id=79751, price=7100000000, room=1, area=63, condition=11, place=پونک, link=https://delta.ir/detail/79751>
2025-09-27 13:29:16,155 - INFO - inserted succesfully to apartment table 
2025-09-27 13:29:16,158 - INFO - Saved apartment: <Apartment id=77146, price=6000000000, room=2, area=105, condition=نوساز, place=چیتگر, link=https://delta.ir/detail/77146>
2025-09-27 13:29:16,218 - INFO - inserted succesfully to apartment table 
2025-09-27 13:29:16,226 - INFO - Saved apartment: <Apartment id=79741, price=1800000000, room=2, area=75, condition=نوساز, place=چیتگر, link=https://delta.ir/detail/79741>
2025-09-27 13:29:16,334 - INFO - inserted succesfully to apartment table 
2025-09-27 13:29:16,345 - INFO - Saved apartment: <Apartment id=79738, price=80000000000, room=3, area=235, condition=نوساز, place=فرمانیه, link=https://delta.ir/detail/79738>
2025-09-27 13:29:16,443 - INFO - inserted succesfully to apartment table 
2025-09-27 13:29:16,451 - INFO - Saved apartment: <Apartment id=79737, price=63000000000, room=3, area=212, condition=14, place=کامرانیه, link=https://delta.ir/detail/79737>
2025-09-27 13:29:16,560 - INFO - inserted succesfully to apartment table 
2025-09-27 13:29:16,572 - INFO - Saved apartment: <Apartment id=78554, price=27400000000, room=3, area=135, condition=7, place=شهرک غرب, link=https://delta.ir/detail/78554>
2025-09-27 13:29:16,648 - INFO - inserted succesfully to apartment table 
2025-09-27 13:29:48,476 - INFO - No more button found. End of listings.
2025-09-27 13:29:49,949 - INFO - Scraping finished. Total 0 apartments collected.
2025-09-27 13:30:15,957 - INFO - No more button found. End of listings.
2025-09-27 13:30:17,370 - INFO - Scraping finished. Total 0 apartments collected.
2025-09-27 13:31:03,039 - INFO - Saved apartment: <Apartment id=78100, price=32500000000, room=2, area=95, condition=6, place=شهرک غرب, link=https://delta.ir/detail/78100>
2025-09-27 13:31:03,095 - INFO - inserted succesfully to apartment table 
2025-09-27 13:31:03,098 - INFO - Saved apartment: <Apartment id=79857, price=7700000000, room=2, area=75, condition=19, place=سازمان, link=https://delta.ir/detail/79857>
2025-09-27 13:31:03,145 - INFO - inserted succesfully to apartment table 
2025-09-27 13:31:03,150 - INFO - Saved apartment: <Apartment id=77679, price=20800000000, room=3, area=142, condition=بیش از ۲۰ سال ساخت, place=سعادت آباد, link=https://delta.ir/detail/77679>
2025-09-27 13:31:03,192 - INFO - inserted succesfully to apartment table 
2025-09-27 13:31:03,198 - INFO - Saved apartment: <Apartment id=77680, price=20200000000, room=3, area=130, condition=بیش از ۲۰ سال ساخت, place=سعادت آباد, link=https://delta.ir/detail/77680>
2025-09-27 13:31:03,252 - INFO - inserted succesfully to apartment table 
2025-09-27 13:31:03,256 - INFO - Saved apartment: <Apartment id=79076, price=19500000000, room=3, area=131, condition=14, place=سعادت آباد, link=https://delta.ir/detail/79076>
2025-09-27 13:31:03,300 - INFO - inserted succesfully to apartment table 
2025-09-27 13:31:03,303 - INFO - Saved apartment: <Apartment id=79081, price=20800000000, room=3, area=141, condition=3, place=سعادت آباد, link=https://delta.ir/detail/79081>
2025-09-27 13:31:03,345 - INFO - inserted succesfully to apartment table 
2025-09-27 13:31:03,348 - INFO - Saved apartment: <Apartment id=79852, price=37200000000, room=3, area=155, condition=10, place=سعادت آباد, link=https://delta.ir/detail/79852>
2025-09-27 13:31:03,391 - INFO - inserted succesfully to apartment table 
2025-09-27 13:31:03,395 - INFO - Saved apartment: <Apartment id=79848, price=70000000000, room=3, area=235, condition=نوساز, place=زعفرانیه, link=https://delta.ir/detail/79848>
2025-09-27 13:31:03,438 - INFO - inserted succesfully to apartment table 
2025-09-27 13:31:03,442 - INFO - Saved apartment: <Apartment id=79100, price=32000000000, room=3, area=160, condition=12, place=سعادت آباد, link=https://delta.ir/detail/79100>
2025-09-27 13:31:03,477 - INFO - inserted succesfully to apartment table 
2025-09-27 13:31:03,480 - INFO - Saved apartment: <Apartment id=79847, price=20500000000, room=2, area=102, condition=3, place=پاسداران, link=https://delta.ir/detail/79847>
2025-09-27 13:31:03,524 - INFO - inserted succesfully to apartment table 
2025-09-27 13:31:07,037 - INFO - Clicked 'More' button
2025-09-27 13:31:07,238 - INFO - Saved apartment: <Apartment id=79797, price=36900000000, room=3, area=210, condition=19, place=سعادت آباد, link=https://delta.ir/detail/79797>
2025-09-27 13:31:07,266 - INFO - inserted succesfully to apartment table 
2025-09-27 13:31:07,269 - INFO - Saved apartment: <Apartment id=79794, price=2600000000, room=1, area=48, condition=5, place=خاوران, link=https://delta.ir/detail/79794>
2025-09-27 13:31:07,298 - INFO - inserted succesfully to apartment table 
2025-09-27 13:31:07,301 - INFO - Saved apartment: <Apartment id=78874, price=19500000000, room=3, area=132, condition=13, place=سعادت آباد, link=https://delta.ir/detail/78874>
2025-09-27 13:31:07,329 - INFO - inserted succesfully to apartment table 
2025-09-27 13:31:07,332 - INFO - Saved apartment: <Apartment id=79083, price=150000000000, room=4, area=280, condition=نوساز, place=سعادت آباد, link=https://delta.ir/detail/79083>
2025-09-27 13:31:07,360 - INFO - inserted succesfully to apartment table 
2025-09-27 13:31:07,363 - INFO - Saved apartment: <Apartment id=79793, price=33799999999, room=3, area=150, condition=نوساز, place=الهیه, link=https://delta.ir/detail/79793>
2025-09-27 13:31:07,392 - INFO - inserted succesfully to apartment table 
2025-09-27 13:31:07,394 - INFO - Saved apartment: <Apartment id=71908, price=41500000000, room=3, area=150, condition=نوساز, place=شهرک غرب, link=https://delta.ir/detail/71908>
2025-09-27 13:31:07,422 - INFO - inserted succesfully to apartment table 
2025-09-27 13:31:07,425 - INFO - Saved apartment: <Apartment id=74129, price=52000000000, room=3, area=174, condition=نوساز, place=شهرک غرب, link=https://delta.ir/detail/74129>
2025-09-27 13:31:07,452 - INFO - inserted succesfully to apartment table 
2025-09-27 13:31:07,455 - INFO - Saved apartment: <Apartment id=79791, price=25600000000, room=2, area=114, condition=نوساز, place=الهیه, link=https://delta.ir/detail/79791>
2025-09-27 13:31:07,484 - INFO - inserted succesfully to apartment table 
2025-09-27 13:31:07,487 - INFO - Saved apartment: <Apartment id=79790, price=25000000000, room=2, area=125, condition=نوساز, place=میرداماد, link=https://delta.ir/detail/79790>
2025-09-27 13:31:07,519 - INFO - inserted succesfully to apartment table 
2025-09-27 13:31:07,521 - INFO - Saved apartment: <Apartment id=79138, price=13500000000, room=2, area=95, condition=20, place=میرداماد, link=https://delta.ir/detail/79138>
2025-09-27 13:31:07,554 - INFO - inserted succesfully to apartment table 
2025-09-27 13:31:07,556 - INFO - Saved apartment: <Apartment id=79143, price=32799999999, room=3, area=193, condition=1, place=ظفر, link=https://delta.ir/detail/79143>
2025-09-27 13:31:07,590 - INFO - inserted succesfully to apartment table 
2025-09-27 13:31:07,593 - INFO - Saved apartment: <Apartment id=79781, price=6700000000, room=1, area=69, condition=بیش از ۲۰ سال ساخت, place=توحید, link=https://delta.ir/detail/79781>
2025-09-27 13:31:07,624 - INFO - inserted succesfully to apartment table 
2025-09-27 13:31:07,626 - INFO - Saved apartment: <Apartment id=79776, price=18700000000, room=2, area=97, condition=15, place=قیطریه, link=https://delta.ir/detail/79776>
2025-09-27 13:31:07,665 - INFO - inserted succesfully to apartment table 
2025-09-27 13:31:07,668 - INFO - Saved apartment: <Apartment id=79775, price=21500000000, room=2, area=95, condition=2, place=فرمانیه, link=https://delta.ir/detail/79775>
2025-09-27 13:31:07,700 - INFO - inserted succesfully to apartment table 
2025-09-27 13:31:07,702 - INFO - Saved apartment: <Apartment id=79769, price=6300000000, room=2, area=63.5, condition=بیش از ۲۰ سال ساخت, place=پونک, link=https://delta.ir/detail/79769>
2025-09-27 13:31:07,731 - INFO - inserted succesfully to apartment table 
2025-09-27 13:31:07,734 - INFO - Saved apartment: <Apartment id=79768, price=8000000000, room=2, area=80, condition=14, place=بلوار فردوس, link=https://delta.ir/detail/79768>
2025-09-27 13:31:07,764 - INFO - inserted succesfully to apartment table 
2025-09-27 13:32:36,490 - INFO - Saved apartment: <Apartment id=78100, price=32500000000, room=2, area=95, condition=6, place=شهرک غرب, link=https://delta.ir/detail/78100>
2025-09-27 13:32:36,534 - INFO - inserted succesfully to apartment table 
2025-09-27 13:32:36,537 - INFO - Saved apartment: <Apartment id=79857, price=7700000000, room=2, area=75, condition=19, place=سازمان, link=https://delta.ir/detail/79857>
2025-09-27 13:32:36,597 - INFO - inserted succesfully to apartment table 
2025-09-27 13:32:36,603 - INFO - Saved apartment: <Apartment id=77679, price=20800000000, room=3, area=142, condition=بیش از ۲۰ سال ساخت, place=سعادت آباد, link=https://delta.ir/detail/77679>
2025-09-27 13:32:36,691 - INFO - inserted succesfully to apartment table 
2025-09-27 13:32:36,696 - INFO - Saved apartment: <Apartment id=77680, price=20200000000, room=3, area=130, condition=بیش از ۲۰ سال ساخت, place=سعادت آباد, link=https://delta.ir/detail/77680>
2025-09-27 13:32:36,760 - INFO - inserted succesfully to apartment table 
2025-09-27 13:32:36,765 - INFO - Saved apartment: <Apartment id=79076, price=19500000000, room=3, area=131, condition=14, place=سعادت آباد, link=https://delta.ir/detail/79076>
2025-09-27 13:32:36,831 - INFO - inserted succesfully to apartment table 
2025-09-27 13:32:36,836 - INFO - Saved apartment: <Apartment id=79081, price=20800000000, room=3, area=141, condition=3, place=سعادت آباد, link=https://delta.ir/detail/79081>
2025-09-27 13:32:36,909 - INFO - inserted succesfully to apartment table 
2025-09-27 13:32:36,917 - INFO - Saved apartment: <Apartment id=79852, price=37200000000, room=3, area=155, condition=10, place=سعادت آباد, link=https://delta.ir/detail/79852>
2025-09-27 13:32:37,012 - INFO - inserted succesfully to apartment table 
2025-09-27 13:32:37,018 - INFO - Saved apartment: <Apartment id=79848, price=70000000000, room=3, area=235, condition=نوساز, place=زعفرانیه, link=https://delta.ir/detail/79848>
2025-09-27 13:32:37,093 - INFO - inserted succesfully to apartment table 
2025-09-27 13:32:37,098 - INFO - Saved apartment: <Apartment id=79100, price=32000000000, room=3, area=160, condition=12, place=سعادت آباد, link=https://delta.ir/detail/79100>
2025-09-27 13:32:37,156 - INFO - inserted succesfully to apartment table 
2025-09-27 13:32:37,160 - INFO - Saved apartment: <Apartment id=79847, price=20500000000, room=2, area=102, condition=3, place=پاسداران, link=https://delta.ir/detail/79847>
2025-09-27 13:32:37,211 - INFO - inserted succesfully to apartment table 
2025-09-27 13:32:40,446 - INFO - Clicked 'More' button
2025-09-27 13:33:08,868 - INFO - No more button found. End of listings.
2025-09-27 13:33:10,280 - INFO - Scraping finished. Total 0 apartments collected.
2025-09-27 13:33:28,293 - INFO - Saved apartment: <Apartment id=78100, price=32500000000, room=2, area=95, condition=6, place=شهرک غرب, link=https://delta.ir/detail/78100>
2025-09-27 13:33:28,338 - INFO - inserted succesfully to apartment table 
2025-09-27 13:33:28,342 - INFO - Saved apartment: <Apartment id=79857, price=7700000000, room=2, area=75, condition=19, place=سازمان, link=https://delta.ir/detail/79857>
2025-09-27 13:33:28,395 - INFO - inserted succesfully to apartment table 
2025-09-27 13:33:28,399 - INFO - Saved apartment: <Apartment id=77679, price=20800000000, room=3, area=142, condition=بیش از ۲۰ سال ساخت, place=سعادت آباد, link=https://delta.ir/detail/77679>
2025-09-27 13:33:28,436 - INFO - inserted succesfully to apartment table 
2025-09-27 13:33:28,438 - INFO - Saved apartment: <Apartment id=77680, price=20200000000, room=3, area=130, condition=بیش از ۲۰ سال ساخت, place=سعادت آباد, link=https://delta.ir/detail/77680>
2025-09-27 13:33:28,471 - INFO - inserted succesfully to apartment table 
2025-09-27 13:33:28,473 - INFO - Saved apartment: <Apartment id=79076, price=19500000000, room=3, area=131, condition=14, place=سعادت آباد, link=https://delta.ir/detail/79076>
2025-09-27 13:33:28,507 - INFO - inserted succesfully to apartment table 
2025-09-27 13:33:28,512 - INFO - Saved apartment: <Apartment id=79081, price=20800000000, room=3, area=141, condition=3, place=سعادت آباد, link=https://delta.ir/detail/79081>
2025-09-27 13:33:28,561 - INFO - inserted succesfully to apartment table 
2025-09-27 13:33:28,566 - INFO - Saved apartment: <Apartment id=79852, price=37200000000, room=3, area=155, condition=10, place=سعادت آباد, link=https://delta.ir/detail/79852>
2025-09-27 13:33:28,617 - INFO - inserted succesfully to apartment table 
2025-09-27 13:33:28,623 - INFO - Saved apartment: <Apartment id=79848, price=70000000000, room=3, area=235, condition=نوساز, place=زعفرانیه, link=https://delta.ir/detail/79848>
2025-09-27 13:33:28,671 - INFO - inserted succesfully to apartment table 
2025-09-27 13:33:28,675 - INFO - Saved apartment: <Apartment id=79100, price=32000000000, room=3, area=160, condition=12, place=سعادت آباد, link=https://delta.ir/detail/79100>
2025-09-27 13:33:28,732 - INFO - inserted succesfully to apartment table 
2025-09-27 13:33:28,736 - INFO - Saved apartment: <Apartment id=79847, price=20500000000, room=2, area=102, condition=3, place=پاسداران, link=https://delta.ir/detail/79847>
2025-09-27 13:33:28,811 - INFO - inserted succesfully to apartment table 
2025-09-27 13:33:28,820 - INFO - Saved apartment: <Apartment id=78307, price=29900000000, room=2, area=107, condition=1, place=شهرک غرب, link=https://delta.ir/detail/78307>
2025-09-27 13:33:28,924 - INFO - inserted succesfully to apartment table 
2025-09-27 13:33:28,931 - INFO - Saved apartment: <Apartment id=79843, price=7500000000, room=1, area=66, condition=5, place=بلوار فردوس, link=https://delta.ir/detail/79843>
2025-09-27 13:33:29,006 - INFO - inserted succesfully to apartment table 
2025-09-27 13:33:29,013 - INFO - Saved apartment: <Apartment id=79842, price=18000000000, room=2, area=90, condition=3, place=دولت, link=https://delta.ir/detail/79842>
2025-09-27 13:33:29,094 - INFO - inserted succesfully to apartment table 
2025-09-27 13:33:29,099 - INFO - Saved apartment: <Apartment id=79841, price=21600000000, room=2, area=120, condition=13, place=شهرک غرب, link=https://delta.ir/detail/79841>
2025-09-27 13:33:29,168 - INFO - inserted succesfully to apartment table 
2025-09-27 13:33:29,171 - INFO - Saved apartment: <Apartment id=79839, price=43500000000, room=3, area=140, condition=1, place=شهرک غرب, link=https://delta.ir/detail/79839>
2025-09-27 13:33:29,221 - INFO - inserted succesfully to apartment table 
2025-09-27 13:33:29,223 - INFO - Saved apartment: <Apartment id=72658, price=56000000000, room=3, area=220, condition=5, place=شهرک غرب, link=https://delta.ir/detail/72658>
2025-09-27 13:33:29,274 - INFO - inserted succesfully to apartment table 
2025-09-27 13:33:29,279 - INFO - Saved apartment: <Apartment id=72661, price=32000000000, room=3, area=147, condition=4, place=سعادت آباد, link=https://delta.ir/detail/72661>
2025-09-27 13:33:29,322 - INFO - inserted succesfully to apartment table 
2025-09-27 13:33:29,326 - INFO - Saved apartment: <Apartment id=79838, price=16800000000, room=2, area=90, condition=14, place=جردن, link=https://delta.ir/detail/79838>
2025-09-27 13:33:29,391 - INFO - inserted succesfully to apartment table 
2025-09-27 13:33:29,394 - INFO - Saved apartment: <Apartment id=79836, price=13800000000, room=2, area=76, condition=11, place=سعادت آباد, link=https://delta.ir/detail/79836>
2025-09-27 13:33:29,450 - INFO - inserted succesfully to apartment table 
2025-09-27 13:33:29,456 - INFO - Saved apartment: <Apartment id=79835, price=5500000000, room=2, area=83, condition=10, place=سنگلج, link=https://delta.ir/detail/79835>
2025-09-27 13:33:29,557 - INFO - inserted succesfully to apartment table 
2025-09-27 13:33:33,002 - INFO - Clicked 'More' button
2025-09-27 13:33:33,379 - INFO - Saved apartment: <Apartment id=79828, price=13200000000, room=2, area=110, condition=بیش از ۲۰ سال ساخت, place=ظفر, link=https://delta.ir/detail/79828>
2025-09-27 13:33:33,410 - INFO - inserted succesfully to apartment table 
2025-09-27 13:33:33,412 - INFO - Saved apartment: <Apartment id=79819, price=7100000000, room=2, area=70, condition=بیش از ۲۰ سال ساخت, place=شمس, link=https://delta.ir/detail/79819>
2025-09-27 13:33:33,445 - INFO - inserted succesfully to apartment table 
2025-09-27 13:33:33,447 - INFO - Saved apartment: <Apartment id=79815, price=7000000000, room=2, area=74, condition=10, place=نیروی هوایی, link=https://delta.ir/detail/79815>
2025-09-27 13:33:33,480 - INFO - inserted succesfully to apartment table 
2025-09-27 13:33:33,483 - INFO - Saved apartment: <Apartment id=79813, price=3700000000, room=1, area=70, condition=2, place=دولتخواه, link=https://delta.ir/detail/79813>
2025-09-27 13:33:33,542 - INFO - inserted succesfully to apartment table 
2025-09-27 13:33:33,548 - INFO - Saved apartment: <Apartment id=78627, price=72900000000, room=3, area=210, condition=7, place=فرمانیه, link=https://delta.ir/detail/78627>
2025-09-27 13:33:33,618 - INFO - inserted succesfully to apartment table 
2025-09-27 13:33:33,626 - INFO - Saved apartment: <Apartment id=79799, price=36000000000, room=3, area=208, condition=20, place=نیاوران, link=https://delta.ir/detail/79799>
2025-09-27 13:33:33,703 - INFO - inserted succesfully to apartment table 
2025-09-27 13:33:33,710 - INFO - Saved apartment: <Apartment id=79797, price=36900000000, room=3, area=210, condition=19, place=سعادت آباد, link=https://delta.ir/detail/79797>
2025-09-27 13:33:33,794 - INFO - inserted succesfully to apartment table 
2025-09-27 13:33:33,800 - INFO - Saved apartment: <Apartment id=79794, price=2600000000, room=1, area=48, condition=5, place=خاوران, link=https://delta.ir/detail/79794>
2025-09-27 13:33:33,892 - INFO - inserted succesfully to apartment table 
2025-09-27 13:33:33,899 - INFO - Saved apartment: <Apartment id=78874, price=19500000000, room=3, area=132, condition=13, place=سعادت آباد, link=https://delta.ir/detail/78874>
2025-09-27 13:33:33,995 - INFO - inserted succesfully to apartment table 
2025-09-27 13:33:34,001 - INFO - Saved apartment: <Apartment id=79083, price=150000000000, room=4, area=280, condition=نوساز, place=سعادت آباد, link=https://delta.ir/detail/79083>
2025-09-27 13:33:34,079 - INFO - inserted succesfully to apartment table 
2025-09-27 13:33:34,086 - INFO - Saved apartment: <Apartment id=79793, price=33799999999, room=3, area=150, condition=نوساز, place=الهیه, link=https://delta.ir/detail/79793>
2025-09-27 13:33:34,190 - INFO - inserted succesfully to apartment table 
2025-09-27 13:33:34,197 - INFO - Saved apartment: <Apartment id=71908, price=41500000000, room=3, area=150, condition=نوساز, place=شهرک غرب, link=https://delta.ir/detail/71908>
2025-09-27 13:33:34,251 - INFO - inserted succesfully to apartment table 
2025-09-27 13:33:34,254 - INFO - Saved apartment: <Apartment id=74129, price=52000000000, room=3, area=174, condition=نوساز, place=شهرک غرب, link=https://delta.ir/detail/74129>
2025-09-27 13:33:34,288 - INFO - inserted succesfully to apartment table 
2025-09-27 13:33:34,291 - INFO - Saved apartment: <Apartment id=79791, price=25600000000, room=2, area=114, condition=نوساز, place=الهیه, link=https://delta.ir/detail/79791>
2025-09-27 13:33:34,329 - INFO - inserted succesfully to apartment table 
2025-09-27 13:33:34,333 - INFO - Saved apartment: <Apartment id=79790, price=25000000000, room=2, area=125, condition=نوساز, place=میرداماد, link=https://delta.ir/detail/79790>
2025-09-27 13:33:34,382 - INFO - inserted succesfully to apartment table 
2025-09-27 13:33:34,385 - INFO - Saved apartment: <Apartment id=79138, price=13500000000, room=2, area=95, condition=20, place=میرداماد, link=https://delta.ir/detail/79138>
2025-09-27 13:33:34,421 - INFO - inserted succesfully to apartment table 
2025-09-27 13:33:34,424 - INFO - Saved apartment: <Apartment id=79143, price=32799999999, room=3, area=193, condition=1, place=ظفر, link=https://delta.ir/detail/79143>
2025-09-27 13:33:34,456 - INFO - inserted succesfully to apartment table 
2025-09-27 13:33:34,459 - INFO - Saved apartment: <Apartment id=79781, price=6700000000, room=1, area=69, condition=بیش از ۲۰ سال ساخت, place=توحید, link=https://delta.ir/detail/79781>
2025-09-27 13:33:34,491 - INFO - inserted succesfully to apartment table 
2025-09-27 13:33:34,494 - INFO - Saved apartment: <Apartment id=79776, price=18700000000, room=2, area=97, condition=15, place=قیطریه, link=https://delta.ir/detail/79776>
2025-09-27 13:33:34,528 - INFO - inserted succesfully to apartment table 
2025-09-27 13:33:34,531 - INFO - Saved apartment: <Apartment id=79775, price=21500000000, room=2, area=95, condition=2, place=فرمانیه, link=https://delta.ir/detail/79775>
2025-09-27 13:33:34,558 - INFO - inserted succesfully to apartment table 
2025-09-27 13:33:34,561 - INFO - Saved apartment: <Apartment id=79769, price=6300000000, room=2, area=63.5, condition=بیش از ۲۰ سال ساخت, place=پونک, link=https://delta.ir/detail/79769>
2025-09-27 13:33:34,590 - INFO - inserted succesfully to apartment table 
2025-09-27 13:33:34,592 - INFO - Saved apartment: <Apartment id=79768, price=8000000000, room=2, area=80, condition=14, place=بلوار فردوس, link=https://delta.ir/detail/79768>
2025-09-27 13:33:34,630 - INFO - inserted succesfully to apartment table 
2025-09-27 13:33:34,634 - INFO - Saved apartment: <Apartment id=79757, price=18800000000, room=2, area=97, condition=17, place=قیطریه, link=https://delta.ir/detail/79757>
2025-09-27 13:33:34,696 - INFO - inserted succesfully to apartment table 
2025-09-27 13:33:34,700 - INFO - Saved apartment: <Apartment id=79756, price=18000000000, room=2, area=100, condition=9, place=پاسداران, link=https://delta.ir/detail/79756>
2025-09-27 13:33:34,759 - INFO - inserted succesfully to apartment table 
2025-09-27 13:33:34,764 - INFO - Saved apartment: <Apartment id=79751, price=7100000000, room=1, area=63, condition=11, place=پونک, link=https://delta.ir/detail/79751>
2025-09-27 13:33:34,826 - INFO - inserted succesfully to apartment table 
2025-09-27 13:33:34,830 - INFO - Saved apartment: <Apartment id=77146, price=6000000000, room=2, area=105, condition=نوساز, place=چیتگر, link=https://delta.ir/detail/77146>
2025-09-27 13:33:34,888 - INFO - inserted succesfully to apartment table 
2025-09-27 13:33:34,891 - INFO - Saved apartment: <Apartment id=79741, price=1800000000, room=2, area=75, condition=نوساز, place=چیتگر, link=https://delta.ir/detail/79741>
2025-09-27 13:33:34,924 - INFO - inserted succesfully to apartment table 
2025-09-27 13:33:34,927 - INFO - Saved apartment: <Apartment id=79738, price=80000000000, room=3, area=235, condition=نوساز, place=فرمانیه, link=https://delta.ir/detail/79738>
2025-09-27 13:33:34,959 - INFO - inserted succesfully to apartment table 
2025-09-27 13:33:34,962 - INFO - Saved apartment: <Apartment id=79737, price=63000000000, room=3, area=212, condition=14, place=کامرانیه, link=https://delta.ir/detail/79737>
2025-09-27 13:33:35,000 - INFO - inserted succesfully to apartment table 
2025-09-27 13:33:35,003 - INFO - Saved apartment: <Apartment id=78554, price=27400000000, room=3, area=135, condition=7, place=شهرک غرب, link=https://delta.ir/detail/78554>
2025-09-27 13:33:35,070 - INFO - inserted succesfully to apartment table 
2025-09-27 13:33:36,597 - INFO - No more button found. End of listings.
2025-09-27 13:39:15,908 - INFO - Clicked 'More' button
2025-09-27 13:39:16,264 - INFO - Saved apartment: <Apartment id=78100, price=32500000000, room=2, area=95, condition=6, place=شهرک غرب, link=https://delta.ir/detail/78100>
2025-09-27 13:39:16,391 - INFO - inserted succesfully to apartment table 
2025-09-27 13:39:16,398 - INFO - Saved apartment: <Apartment id=79857, price=7700000000, room=2, area=75, condition=19, place=سازمان, link=https://delta.ir/detail/79857>
2025-09-27 13:39:16,509 - INFO - inserted succesfully to apartment table 
2025-09-27 13:39:16,516 - INFO - Saved apartment: <Apartment id=77679, price=20800000000, room=3, area=142, condition=بیش از ۲۰ سال ساخت, place=سعادت آباد, link=https://delta.ir/detail/77679>
2025-09-27 13:39:16,600 - INFO - inserted succesfully to apartment table 
2025-09-27 13:39:16,606 - INFO - Saved apartment: <Apartment id=77680, price=20200000000, room=3, area=130, condition=بیش از ۲۰ سال ساخت, place=سعادت آباد, link=https://delta.ir/detail/77680>
2025-09-27 13:39:16,687 - INFO - inserted succesfully to apartment table 
2025-09-27 13:39:16,694 - INFO - Saved apartment: <Apartment id=79076, price=19500000000, room=3, area=131, condition=14, place=سعادت آباد, link=https://delta.ir/detail/79076>
2025-09-27 13:39:16,777 - INFO - inserted succesfully to apartment table 
2025-09-27 13:39:16,782 - INFO - Saved apartment: <Apartment id=79081, price=20800000000, room=3, area=141, condition=3, place=سعادت آباد, link=https://delta.ir/detail/79081>
2025-09-27 13:39:16,856 - INFO - inserted succesfully to apartment table 
2025-09-27 13:39:16,861 - INFO - Saved apartment: <Apartment id=79852, price=37200000000, room=3, area=155, condition=10, place=سعادت آباد, link=https://delta.ir/detail/79852>
2025-09-27 13:39:16,940 - INFO - inserted succesfully to apartment table 
2025-09-27 13:39:16,946 - INFO - Saved apartment: <Apartment id=79848, price=70000000000, room=3, area=235, condition=نوساز, place=زعفرانیه, link=https://delta.ir/detail/79848>
2025-09-27 13:39:17,051 - INFO - inserted succesfully to apartment table 
2025-09-27 13:39:17,058 - INFO - Saved apartment: <Apartment id=79100, price=32000000000, room=3, area=160, condition=12, place=سعادت آباد, link=https://delta.ir/detail/79100>
2025-09-27 13:39:17,146 - INFO - inserted succesfully to apartment table 
2025-09-27 13:39:17,153 - INFO - Saved apartment: <Apartment id=79847, price=20500000000, room=2, area=102, condition=3, place=پاسداران, link=https://delta.ir/detail/79847>
2025-09-27 13:39:17,258 - INFO - inserted succesfully to apartment table 
2025-09-27 13:39:17,265 - INFO - Saved apartment: <Apartment id=78307, price=29900000000, room=2, area=107, condition=1, place=شهرک غرب, link=https://delta.ir/detail/78307>
2025-09-27 13:39:17,366 - INFO - inserted succesfully to apartment table 
2025-09-27 13:39:17,373 - INFO - Saved apartment: <Apartment id=79843, price=7500000000, room=1, area=66, condition=5, place=بلوار فردوس, link=https://delta.ir/detail/79843>
2025-09-27 13:39:17,473 - INFO - inserted succesfully to apartment table 
2025-09-27 13:39:17,481 - INFO - Saved apartment: <Apartment id=79842, price=18000000000, room=2, area=90, condition=3, place=دولت, link=https://delta.ir/detail/79842>
2025-09-27 13:39:17,577 - INFO - inserted succesfully to apartment table 
2025-09-27 13:39:17,583 - INFO - Saved apartment: <Apartment id=79841, price=21600000000, room=2, area=120, condition=13, place=شهرک غرب, link=https://delta.ir/detail/79841>
2025-09-27 13:39:17,678 - INFO - inserted succesfully to apartment table 
2025-09-27 13:39:17,682 - INFO - Saved apartment: <Apartment id=79839, price=43500000000, room=3, area=140, condition=1, place=شهرک غرب, link=https://delta.ir/detail/79839>
2025-09-27 13:39:17,761 - INFO - inserted succesfully to apartment table 
2025-09-27 13:39:17,767 - INFO - Saved apartment: <Apartment id=72658, price=56000000000, room=3, area=220, condition=5, place=شهرک غرب, link=https://delta.ir/detail/72658>
2025-09-27 13:39:17,841 - INFO - inserted succesfully to apartment table 
2025-09-27 13:39:17,845 - INFO - Saved apartment: <Apartment id=72661, price=32000000000, room=3, area=147, condition=4, place=سعادت آباد, link=https://delta.ir/detail/72661>
2025-09-27 13:39:17,930 - INFO - inserted succesfully to apartment table 
2025-09-27 13:39:17,935 - INFO - Saved apartment: <Apartment id=79838, price=16800000000, room=2, area=90, condition=14, place=جردن, link=https://delta.ir/detail/79838>
2025-09-27 13:39:18,013 - INFO - inserted succesfully to apartment table 
2025-09-27 13:39:18,018 - INFO - Saved apartment: <Apartment id=79836, price=13800000000, room=2, area=76, condition=11, place=سعادت آباد, link=https://delta.ir/detail/79836>
2025-09-27 13:39:18,098 - INFO - inserted succesfully to apartment table 
2025-09-27 13:39:18,103 - INFO - Saved apartment: <Apartment id=79835, price=5500000000, room=2, area=83, condition=10, place=سنگلج, link=https://delta.ir/detail/79835>
2025-09-27 13:39:18,172 - INFO - inserted succesfully to apartment table 
2025-09-27 13:39:21,511 - INFO - Clicked 'More' button
2025-09-27 13:39:23,127 - INFO - No more button found. End of listings.
2025-09-27 13:39:26,597 - INFO - Scraping finished. Total 20 apartments collected.
2025-09-27 13:39:53,911 - INFO - database apartment created succesfully
2025-09-27 13:39:54,023 - INFO - created the TABLE seccefully
2025-09-27 13:40:25,768 - INFO - Saved apartment: <Apartment id=78100, price=32500000000, room=2, area=95, condition=6, place=شهرک غرب, link=https://delta.ir/detail/78100>
2025-09-27 13:40:25,876 - INFO - inserted succesfully to apartment table 
2025-09-27 13:40:25,883 - INFO - Saved apartment: <Apartment id=79857, price=7700000000, room=2, area=75, condition=19, place=سازمان, link=https://delta.ir/detail/79857>
2025-09-27 13:40:25,962 - INFO - inserted succesfully to apartment table 
2025-09-27 13:40:25,968 - INFO - Saved apartment: <Apartment id=77679, price=20800000000, room=3, area=142, condition=بیش از ۲۰ سال ساخت, place=سعادت آباد, link=https://delta.ir/detail/77679>
2025-09-27 13:40:26,046 - INFO - inserted succesfully to apartment table 
2025-09-27 13:40:26,054 - INFO - Saved apartment: <Apartment id=77680, price=20200000000, room=3, area=130, condition=بیش از ۲۰ سال ساخت, place=سعادت آباد, link=https://delta.ir/detail/77680>
2025-09-27 13:40:26,153 - INFO - inserted succesfully to apartment table 
2025-09-27 13:40:26,159 - INFO - Saved apartment: <Apartment id=79076, price=19500000000, room=3, area=131, condition=14, place=سعادت آباد, link=https://delta.ir/detail/79076>
2025-09-27 13:40:26,242 - INFO - inserted succesfully to apartment table 
2025-09-27 13:40:26,250 - INFO - Saved apartment: <Apartment id=79081, price=20800000000, room=3, area=141, condition=3, place=سعادت آباد, link=https://delta.ir/detail/79081>
2025-09-27 13:40:26,324 - INFO - inserted succesfully to apartment table 
2025-09-27 13:40:26,331 - INFO - Saved apartment: <Apartment id=79852, price=37200000000, room=3, area=155, condition=10, place=سعادت آباد, link=https://delta.ir/detail/79852>
2025-09-27 13:40:26,423 - INFO - inserted succesfully to apartment table 
2025-09-27 13:40:26,431 - INFO - Saved apartment: <Apartment id=79848, price=70000000000, room=3, area=235, condition=نوساز, place=زعفرانیه, link=https://delta.ir/detail/79848>
2025-09-27 13:40:26,532 - INFO - inserted succesfully to apartment table 
2025-09-27 13:40:26,554 - INFO - Saved apartment: <Apartment id=79100, price=32000000000, room=3, area=160, condition=12, place=سعادت آباد, link=https://delta.ir/detail/79100>
2025-09-27 13:40:26,749 - INFO - inserted succesfully to apartment table 
2025-09-27 13:40:26,759 - INFO - Saved apartment: <Apartment id=79847, price=20500000000, room=2, area=102, condition=3, place=پاسداران, link=https://delta.ir/detail/79847>
2025-09-27 13:40:26,944 - INFO - inserted succesfully to apartment table 
2025-09-27 13:40:30,213 - INFO - Clicked 'More' button
2025-09-27 13:40:30,428 - INFO - Saved apartment: <Apartment id=79797, price=36900000000, room=3, area=210, condition=19, place=سعادت آباد, link=https://delta.ir/detail/79797>
2025-09-27 13:40:30,520 - INFO - inserted succesfully to apartment table 
2025-09-27 13:40:30,525 - INFO - Saved apartment: <Apartment id=79794, price=2600000000, room=1, area=48, condition=5, place=خاوران, link=https://delta.ir/detail/79794>
2025-09-27 13:40:30,617 - INFO - inserted succesfully to apartment table 
2025-09-27 13:40:30,623 - INFO - Saved apartment: <Apartment id=78874, price=19500000000, room=3, area=132, condition=13, place=سعادت آباد, link=https://delta.ir/detail/78874>
2025-09-27 13:40:30,729 - INFO - inserted succesfully to apartment table 
2025-09-27 13:40:30,734 - INFO - Saved apartment: <Apartment id=79083, price=150000000000, room=4, area=280, condition=نوساز, place=سعادت آباد, link=https://delta.ir/detail/79083>
2025-09-27 13:40:30,816 - INFO - inserted succesfully to apartment table 
2025-09-27 13:40:30,820 - INFO - Saved apartment: <Apartment id=79793, price=33799999999, room=3, area=150, condition=نوساز, place=الهیه, link=https://delta.ir/detail/79793>
2025-09-27 13:40:30,894 - INFO - inserted succesfully to apartment table 
2025-09-27 13:40:30,901 - INFO - Saved apartment: <Apartment id=71908, price=41500000000, room=3, area=150, condition=نوساز, place=شهرک غرب, link=https://delta.ir/detail/71908>
2025-09-27 13:40:30,987 - INFO - inserted succesfully to apartment table 
2025-09-27 13:40:31,002 - INFO - Saved apartment: <Apartment id=74129, price=52000000000, room=3, area=174, condition=نوساز, place=شهرک غرب, link=https://delta.ir/detail/74129>
2025-09-27 13:40:31,126 - INFO - inserted succesfully to apartment table 
2025-09-27 13:40:31,137 - INFO - Saved apartment: <Apartment id=79791, price=25600000000, room=2, area=114, condition=نوساز, place=الهیه, link=https://delta.ir/detail/79791>
2025-09-27 13:40:31,245 - INFO - inserted succesfully to apartment table 
2025-09-27 13:40:31,252 - INFO - Saved apartment: <Apartment id=79790, price=25000000000, room=2, area=125, condition=نوساز, place=میرداماد, link=https://delta.ir/detail/79790>
2025-09-27 13:40:31,338 - INFO - inserted succesfully to apartment table 
2025-09-27 13:40:31,343 - INFO - Saved apartment: <Apartment id=79138, price=13500000000, room=2, area=95, condition=20, place=میرداماد, link=https://delta.ir/detail/79138>
2025-09-27 13:40:31,443 - INFO - inserted succesfully to apartment table 
2025-09-27 13:40:31,449 - INFO - Saved apartment: <Apartment id=79143, price=32799999999, room=3, area=193, condition=1, place=ظفر, link=https://delta.ir/detail/79143>
2025-09-27 13:40:31,526 - INFO - inserted succesfully to apartment table 
2025-09-27 13:40:31,532 - INFO - Saved apartment: <Apartment id=79781, price=6700000000, room=1, area=69, condition=بیش از ۲۰ سال ساخت, place=توحید, link=https://delta.ir/detail/79781>
2025-09-27 13:40:31,609 - INFO - inserted succesfully to apartment table 
2025-09-27 13:40:31,614 - INFO - Saved apartment: <Apartment id=79776, price=18700000000, room=2, area=97, condition=15, place=قیطریه, link=https://delta.ir/detail/79776>
2025-09-27 13:40:31,696 - INFO - inserted succesfully to apartment table 
2025-09-27 13:40:31,702 - INFO - Saved apartment: <Apartment id=79775, price=21500000000, room=2, area=95, condition=2, place=فرمانیه, link=https://delta.ir/detail/79775>
2025-09-27 13:40:31,781 - INFO - inserted succesfully to apartment table 
2025-09-27 13:40:31,785 - INFO - Saved apartment: <Apartment id=79769, price=6300000000, room=2, area=63.5, condition=بیش از ۲۰ سال ساخت, place=پونک, link=https://delta.ir/detail/79769>
2025-09-27 13:40:31,868 - INFO - inserted succesfully to apartment table 
2025-09-27 13:40:31,873 - INFO - Saved apartment: <Apartment id=79768, price=8000000000, room=2, area=80, condition=14, place=بلوار فردوس, link=https://delta.ir/detail/79768>
2025-09-27 13:40:31,954 - INFO - inserted succesfully to apartment table 
2025-09-27 13:40:35,339 - INFO - Clicked 'More' button
2025-09-27 13:40:35,604 - INFO - Saved apartment: <Apartment id=79712, price=20500000000, room=2, area=99, condition=نوساز, place=قیطریه, link=https://delta.ir/detail/79712>
2025-09-27 13:40:35,679 - INFO - inserted succesfully to apartment table 
2025-09-27 13:40:35,683 - INFO - Saved apartment: <Apartment id=79711, price=19000000000, room=3, area=140, condition=17, place=ظفر, link=https://delta.ir/detail/79711>
2025-09-27 13:40:35,751 - INFO - inserted succesfully to apartment table 
2025-09-27 13:40:35,755 - INFO - Saved apartment: <Apartment id=79082, price=15700000000, room=2, area=90, condition=16, place=سعادت آباد, link=https://delta.ir/detail/79082>
2025-09-27 13:40:35,828 - INFO - inserted succesfully to apartment table 
2025-09-27 13:40:35,834 - INFO - Saved apartment: <Apartment id=79702, price=10000000000, room=1, area=90, condition=14, place=اختیاریه, link=https://delta.ir/detail/79702>
2025-09-27 13:40:35,900 - INFO - inserted succesfully to apartment table 
2025-09-27 13:40:35,905 - INFO - Saved apartment: <Apartment id=79697, price=26500000000, room=2, area=90, condition=نوساز, place=دولت, link=https://delta.ir/detail/79697>
2025-09-27 13:40:35,973 - INFO - inserted succesfully to apartment table 
2025-09-27 13:40:35,981 - INFO - Saved apartment: <Apartment id=79692, price=4500000000, room=1, area=49, condition=7, place=بهار, link=https://delta.ir/detail/79692>
2025-09-27 13:40:36,065 - INFO - inserted succesfully to apartment table 
2025-09-27 13:40:36,070 - INFO - Saved apartment: <Apartment id=79691, price=4800000000, room=2, area=95, condition=نوساز, place=هفده شهریور, link=https://delta.ir/detail/79691>
2025-09-27 13:40:36,140 - INFO - inserted succesfully to apartment table 
2025-09-27 13:40:36,146 - INFO - Saved apartment: <Apartment id=79686, price=5200000000, room=2, area=100, condition=بیش از ۲۰ سال ساخت, place=شهرری, link=https://delta.ir/detail/79686>
2025-09-27 13:40:36,219 - INFO - inserted succesfully to apartment table 
2025-09-27 13:40:36,222 - INFO - Saved apartment: <Apartment id=79679, price=19000000000, room=3, area=123, condition=14, place=پاسداران, link=https://delta.ir/detail/79679>
2025-09-27 13:40:36,301 - INFO - inserted succesfully to apartment table 
2025-09-27 13:40:36,306 - INFO - Saved apartment: <Apartment id=79677, price=17500000000, room=2, area=110, condition=20, place=قلهک, link=https://delta.ir/detail/79677>
2025-09-27 13:40:36,407 - INFO - inserted succesfully to apartment table 
2025-09-27 13:40:36,415 - INFO - Saved apartment: <Apartment id=79675, price=9000000000, room=2, area=65, condition=10, place=سید خندان, link=https://delta.ir/detail/79675>
2025-09-27 13:40:36,505 - INFO - inserted succesfully to apartment table 
2025-09-27 13:40:36,511 - INFO - Saved apartment: <Apartment id=79673, price=8000000000, room=2, area=75, condition=8, place=جنت, link=https://delta.ir/detail/79673>
2025-09-27 13:40:36,616 - INFO - inserted succesfully to apartment table 
2025-09-27 13:40:36,628 - INFO - Saved apartment: <Apartment id=79665, price=16899999999, room=2, area=112, condition=19, place=اختیاریه, link=https://delta.ir/detail/79665>
2025-09-27 13:40:36,761 - INFO - inserted succesfully to apartment table 
2025-09-27 13:40:36,766 - INFO - Saved apartment: <Apartment id=79647, price=26300000000, room=2, area=118, condition=5, place=سعادت آباد, link=https://delta.ir/detail/79647>
2025-09-27 13:40:36,883 - INFO - inserted succesfully to apartment table 
2025-09-27 13:40:36,898 - INFO - Saved apartment: <Apartment id=79645, price=13400000000, room=2, area=99, condition=6, place=رودکی(سلسبیل..., link=https://delta.ir/detail/79645>
2025-09-27 13:40:36,973 - INFO - inserted succesfully to apartment table 
2025-09-27 13:40:36,991 - INFO - Saved apartment: <Apartment id=79636, price=20800000000, room=2, area=95, condition=1, place=دولت, link=https://delta.ir/detail/79636>
2025-09-27 13:40:37,084 - INFO - inserted succesfully to apartment table 
2025-09-27 13:40:40,424 - INFO - Clicked 'More' button
2025-09-27 13:40:40,796 - INFO - Saved apartment: <Apartment id=77332, price=5600000000, room=2, area=80, condition=نوساز, place=تهرانسر, link=https://delta.ir/detail/77332>
2025-09-27 13:40:40,877 - INFO - inserted succesfully to apartment table 
2025-09-27 13:40:40,883 - INFO - Saved apartment: <Apartment id=79608, price=4500000000, room=1, area=53, condition=بیش از ۲۰ سال ساخت, place=فرجام, link=https://delta.ir/detail/79608>
2025-09-27 13:40:40,955 - INFO - inserted succesfully to apartment table 
2025-09-27 13:40:40,959 - INFO - Saved apartment: <Apartment id=79607, price=9500000000, room=1, area=50, condition=نوساز, place=میرداماد, link=https://delta.ir/detail/79607>
2025-09-27 13:40:41,030 - INFO - inserted succesfully to apartment table 
2025-09-27 13:40:41,034 - INFO - Saved apartment: <Apartment id=79606, price=34000000000, room=3, area=168, condition=8, place=کوی فراز, link=https://delta.ir/detail/79606>
2025-09-27 13:40:41,118 - INFO - inserted succesfully to apartment table 
2025-09-27 13:40:41,122 - INFO - Saved apartment: <Apartment id=79603, price=19700000000, room=2, area=100, condition=13, place=ملاصدرا, link=https://delta.ir/detail/79603>
2025-09-27 13:40:41,187 - INFO - inserted succesfully to apartment table 
2025-09-27 13:40:41,191 - INFO - Saved apartment: <Apartment id=79600, price=8600000000, room=2, area=88, condition=15, place=کوی بیمه, link=https://delta.ir/detail/79600>
2025-09-27 13:40:41,260 - INFO - inserted succesfully to apartment table 
2025-09-27 13:40:41,265 - INFO - Saved apartment: <Apartment id=79599, price=22900000000, room=3, area=140, condition=14, place=شیخ بهایی, link=https://delta.ir/detail/79599>
2025-09-27 13:40:41,330 - INFO - inserted succesfully to apartment table 
2025-09-27 13:40:41,335 - INFO - Saved apartment: <Apartment id=79597, price=8600000000, room=2, area=88, condition=15, place=شهران شمالی, link=https://delta.ir/detail/79597>
2025-09-27 13:40:41,410 - INFO - inserted succesfully to apartment table 
2025-09-27 13:40:41,414 - INFO - Saved apartment: <Apartment id=79593, price=16700000000, room=2, area=90, condition=17, place=قبا, link=https://delta.ir/detail/79593>
2025-09-27 13:40:41,479 - INFO - inserted succesfully to apartment table 
2025-09-27 13:40:41,484 - INFO - Saved apartment: <Apartment id=79588, price=10900000000, room=2, area=85, condition=9, place=نیروی دریایی, link=https://delta.ir/detail/79588>
2025-09-27 13:40:41,558 - INFO - inserted succesfully to apartment table 
2025-09-27 13:40:41,565 - INFO - Saved apartment: <Apartment id=79586, price=32000000000, room=3, area=145, condition=4, place=جردن, link=https://delta.ir/detail/79586>
2025-09-27 13:40:41,655 - INFO - inserted succesfully to apartment table 
2025-09-27 13:40:41,662 - INFO - Saved apartment: <Apartment id=79585, price=21500000000, room=3, area=122, condition=نوساز, place=جنت, link=https://delta.ir/detail/79585>
2025-09-27 13:40:41,745 - INFO - inserted succesfully to apartment table 
2025-09-27 13:40:41,751 - INFO - Saved apartment: <Apartment id=79583, price=15000000000, room=2, area=85, condition=نوساز, place=جنت, link=https://delta.ir/detail/79583>
2025-09-27 13:40:41,856 - INFO - inserted succesfully to apartment table 
2025-09-27 13:40:41,862 - INFO - Saved apartment: <Apartment id=79575, price=62100000000, room=4, area=270, condition=نوساز, place=جردن, link=https://delta.ir/detail/79575>
2025-09-27 13:40:41,964 - INFO - inserted succesfully to apartment table 
2025-09-27 13:40:41,968 - INFO - Saved apartment: <Apartment id=79568, price=79000000000, room=4, area=266, condition=نوساز, place=نیاوران, link=https://delta.ir/detail/79568>
2025-09-27 13:40:42,047 - INFO - inserted succesfully to apartment table 
2025-09-27 13:40:42,051 - INFO - Saved apartment: <Apartment id=79558, price=19300000000, room=3, area=140, condition=10, place=ظفر, link=https://delta.ir/detail/79558>
2025-09-27 13:40:42,121 - INFO - inserted succesfully to apartment table 
2025-09-27 13:40:45,539 - INFO - Clicked 'More' button
2025-09-27 13:40:45,942 - INFO - Saved apartment: <Apartment id=78461, price=39500000000, room=4, area=215, condition=20, place=دروس, link=https://delta.ir/detail/78461>
2025-09-27 13:40:46,022 - INFO - inserted succesfully to apartment table 
2025-09-27 13:40:46,027 - INFO - Saved apartment: <Apartment id=79530, price=16300000000, room=2, area=110, condition=17, place=جردن, link=https://delta.ir/detail/79530>
2025-09-27 13:40:46,108 - INFO - inserted succesfully to apartment table 
2025-09-27 13:40:46,113 - INFO - Saved apartment: <Apartment id=79529, price=18800000000, room=2, area=110, condition=18, place=جردن, link=https://delta.ir/detail/79529>
2025-09-27 13:40:46,188 - INFO - inserted succesfully to apartment table 
2025-09-27 13:40:46,193 - INFO - Saved apartment: <Apartment id=79527, price=28000000000, room=3, area=220, condition=18, place=جردن, link=https://delta.ir/detail/79527>
2025-09-27 13:40:46,294 - INFO - inserted succesfully to apartment table 
2025-09-27 13:40:46,299 - INFO - Saved apartment: <Apartment id=68269, price=27000000000, room=3, area=170, condition=9, place=جردن, link=https://delta.ir/detail/68269>
2025-09-27 13:40:46,382 - INFO - inserted succesfully to apartment table 
2025-09-27 13:40:46,388 - INFO - Saved apartment: <Apartment id=70712, price=16300000000, room=2, area=110, condition=بیش از ۲۰ سال ساخت, place=جردن, link=https://delta.ir/detail/70712>
2025-09-27 13:40:46,486 - INFO - inserted succesfully to apartment table 
2025-09-27 13:40:46,494 - INFO - Saved apartment: <Apartment id=70869, price=18800000000, room=2, area=130, condition=19, place=جردن, link=https://delta.ir/detail/70869>
2025-09-27 13:40:46,603 - INFO - inserted succesfully to apartment table 
2025-09-27 13:40:46,610 - INFO - Saved apartment: <Apartment id=73788, price=16899999999, room=2, area=90, condition=4, place=جردن, link=https://delta.ir/detail/73788>
2025-09-27 13:40:46,725 - INFO - inserted succesfully to apartment table 
2025-09-27 13:40:46,746 - INFO - Saved apartment: <Apartment id=79526, price=16500000000, room=1, area=115, condition=20, place=پاسداران, link=https://delta.ir/detail/79526>
2025-09-27 13:40:46,902 - INFO - inserted succesfully to apartment table 
2025-09-27 13:40:46,910 - INFO - Saved apartment: <Apartment id=79524, price=37900000000, room=3, area=190, condition=7, place=اقدسیه, link=https://delta.ir/detail/79524>
2025-09-27 13:40:47,084 - INFO - inserted succesfully to apartment table 
2025-09-27 13:40:47,096 - INFO - Saved apartment: <Apartment id=79518, price=35000000000, room=2, area=160, condition=نوساز, place=دولت, link=https://delta.ir/detail/79518>
2025-09-27 13:40:47,225 - INFO - inserted succesfully to apartment table 
2025-09-27 13:40:47,232 - INFO - Saved apartment: <Apartment id=79514, price=30000000000, room=2, area=120, condition=14, place=نیاوران, link=https://delta.ir/detail/79514>
2025-09-27 13:40:47,324 - INFO - inserted succesfully to apartment table 
2025-09-27 13:40:47,330 - INFO - Saved apartment: <Apartment id=79513, price=33000000000, room=2, area=120, condition=1, place=زعفرانیه, link=https://delta.ir/detail/79513>
2025-09-27 13:40:47,424 - INFO - inserted succesfully to apartment table 
2025-09-27 13:40:47,430 - INFO - Saved apartment: <Apartment id=73150, price=33500000000, room=3, area=140, condition=14, place=زعفرانیه, link=https://delta.ir/detail/73150>
2025-09-27 13:40:47,510 - INFO - inserted succesfully to apartment table 
2025-09-27 13:40:47,514 - INFO - Saved apartment: <Apartment id=77039, price=20000000000, room=2, area=90, condition=12, place=زعفرانیه, link=https://delta.ir/detail/77039>
2025-09-27 13:40:47,595 - INFO - inserted succesfully to apartment table 
2025-09-27 13:40:47,599 - INFO - Saved apartment: <Apartment id=77046, price=53600000000, room=3, area=160, condition=نوساز, place=محمودیه, link=https://delta.ir/detail/77046>
2025-09-27 13:40:47,682 - INFO - inserted succesfully to apartment table 
2025-09-27 13:40:51,111 - INFO - Clicked 'More' button
2025-09-27 13:40:51,357 - INFO - Saved apartment: <Apartment id=79439, price=16899999999, room=2, area=110, condition=19, place=میرداماد, link=https://delta.ir/detail/79439>
2025-09-27 13:40:51,440 - INFO - inserted succesfully to apartment table 
2025-09-27 13:40:51,446 - INFO - Saved apartment: <Apartment id=79437, price=24000000000, room=2, area=90, condition=1, place=دولت, link=https://delta.ir/detail/79437>
2025-09-27 13:40:51,536 - INFO - inserted succesfully to apartment table 
2025-09-27 13:40:51,542 - INFO - Saved apartment: <Apartment id=79434, price=7500000000, room=2, area=94, condition=11, place=پیچ شمیران, link=https://delta.ir/detail/79434>
2025-09-27 13:40:51,637 - INFO - inserted succesfully to apartment table 
2025-09-27 13:40:51,642 - INFO - Saved apartment: <Apartment id=79433, price=10900000000, room=1, area=65, condition=بیش از ۲۰ سال ساخت, place=میرداماد, link=https://delta.ir/detail/79433>
2025-09-27 13:40:51,735 - INFO - inserted succesfully to apartment table 
2025-09-27 13:40:51,741 - INFO - Saved apartment: <Apartment id=79432, price=68000000000, room=3, area=200, condition=5, place=زعفرانیه, link=https://delta.ir/detail/79432>
2025-09-27 13:40:51,849 - INFO - inserted succesfully to apartment table 
2025-09-27 13:40:51,858 - INFO - Saved apartment: <Apartment id=79431, price=18800000000, room=2, area=112, condition=14, place=شیخ بهایی, link=https://delta.ir/detail/79431>
2025-09-27 13:40:51,974 - INFO - inserted succesfully to apartment table 
2025-09-27 13:40:55,220 - INFO - Clicked 'More' button
2025-09-27 13:40:55,388 - INFO - Saved apartment: <Apartment id=79343, price=2900000000, room=1, area=50, condition=نوساز, place=چیتگر, link=https://delta.ir/detail/79343>
2025-09-27 13:40:55,460 - INFO - inserted succesfully to apartment table 
2025-09-27 13:40:55,464 - INFO - Saved apartment: <Apartment id=79339, price=7000000000, room=1, area=70, condition=10, place=شهرزیبا, link=https://delta.ir/detail/79339>
2025-09-27 13:40:55,540 - INFO - inserted succesfully to apartment table 
2025-09-27 13:40:55,546 - INFO - Saved apartment: <Apartment id=79327, price=20000000000, room=2, area=120, condition=نوساز, place=پونک, link=https://delta.ir/detail/79327>
2025-09-27 13:40:55,644 - INFO - inserted succesfully to apartment table 
2025-09-27 13:40:55,649 - INFO - Saved apartment: <Apartment id=79316, price=3000000000, room=1, area=34, condition=نوساز, place=پیروزی, link=https://delta.ir/detail/79316>
2025-09-27 13:40:55,731 - INFO - inserted succesfully to apartment table 
2025-09-27 13:40:55,737 - INFO - Saved apartment: <Apartment id=79314, price=27500000000, room=3, area=148, condition=2, place=سه, link=https://delta.ir/detail/79314>
2025-09-27 13:40:55,848 - INFO - inserted succesfully to apartment table 
2025-09-27 13:40:55,858 - INFO - Saved apartment: <Apartment id=79312, price=5400000000, room=2, area=60, condition=15, place=اسکندری, link=https://delta.ir/detail/79312>
2025-09-27 13:40:56,014 - INFO - inserted succesfully to apartment table 
2025-09-27 13:40:57,074 - INFO - No more button found. End of listings.
2025-09-27 13:40:59,779 - INFO - Scraping finished. Total 86 apartments collected.
